id,id_spell,value,id_power,f5,index
2301,179497,0.000000,1,0,0
2302,166305,0.000000,2,477,0
2303,179498,0.000000,3,0,0
2304,166732,0.000000,4,0,0
2305,166733,0.000000,5,0,0
2306,179499,0.000000,6,0,0
2307,199420,0.000000,7,0,0
2308,166737,0.000000,8,0,0
2309,178162,0.000000,9,0,0
2310,179226,0.000000,9,0,1
2311,179227,0.000000,9,0,2
2312,166734,0.000000,10,0,0
2313,166738,0.000000,11,0,0
2316,205273,0.000000,40,0,0
2317,186941,8.000000,41,0,0
2320,184759,0.000000,42,0,0
2323,184843,0.000000,43,0,0
2326,186934,0.000000,44,0,0
2329,184778,0.000000,47,0,0
2332,186773,0.000000,49,0,0
2333,186927,0.000000,50,0,0
2336,185368,0.000000,51,0,0
2339,186944,0.000000,52,0,0
2342,186945,0.000000,53,0,0
2345,186788,0.000000,54,0,0
2380,187304,3.000000,72,0,0
2383,188006,0.000000,73,0,0
2384,187258,0.000000,74,0,0
2387,187321,1.000000,75,0,0
2393,187313,0.000000,77,0,0
2396,187310,0.000000,78,0,0
2399,187287,2.000000,79,0,0
2402,215463,0.000000,80,0,0
2405,187276,1.000000,81,0,0
2408,187264,1000.000000,82,0,0
2411,187301,1.000000,83,0,0
2414,210716,33.000000,84,0,0
2420,210725,0.000000,86,0,0
2421,187680,0.000000,87,0,0
2422,203524,0.000000,91,0,0
2423,189059,0.000000,92,0,0
2424,203576,0.000000,93,0,0
2425,188778,0.000000,94,0,0
2426,188635,2.000000,95,0,0
2429,216272,6.000000,96,0,0
2432,188651,0.000000,97,0,0
2433,188683,0.000000,98,0,0
2436,203230,0.000000,99,0,0
2439,203225,0.000000,100,0,0
2442,203227,0.000000,101,0,0
2445,188639,0.000000,102,0,0
2448,203261,0.000000,103,0,0
2449,188672,0.000000,104,0,0
2450,188632,1.000000,105,0,0
2453,188644,0.000000,106,0,0
2457,189080,1.000000,108,0,0
2460,189086,0.000000,109,0,0
2463,189092,0.000000,110,0,0
2466,189097,0.000000,111,0,0
2472,189144,12.000000,113,0,0
2475,189147,15.000000,114,0,0
2478,189154,0.000000,115,0,0
2484,189164,0.000000,117,0,0
2490,189179,0.000000,119,0,0
2491,189180,0.000000,120,0,0
2493,189186,0.000000,122,0,0
2494,189185,0.000000,123,0,0
2495,190778,0.000000,124,0,0
2496,208253,0.000000,125,0,0
2497,189849,0.000000,126,0,0
2498,189857,0.000000,127,0,0
2499,189870,0.000000,128,0,0
2500,189787,0.000000,129,0,0
2501,189772,0.000000,130,0,0
2504,189768,8.000000,131,0,0
2507,189760,0.000000,132,0,0
2510,189757,-2.000000,133,0,0
2513,189754,0.000000,134,0,0
2516,189749,10.000000,135,0,0
2519,189744,0.000000,136,0,0
2522,186396,0.000000,137,0,0
2525,186393,0.000000,138,0,0
2526,186372,0.000000,139,0,0
2527,186320,1.000000,140,0,0
2530,220143,0.000000,149,0,0
2531,191760,0.000000,150,0,0
2532,191741,0.000000,151,0,0
2533,191747,0.000000,152,0,0
2534,191637,0.000000,153,0,0
2535,191731,0.000000,154,0,0
2536,191419,7.000000,156,0,0
2539,191442,7.000000,157,0,0
2542,191485,7.000000,158,0,0
2545,191565,0.000000,262,0,0
2548,191721,0.000000,263,0,0
2549,191592,0.000000,264,0,0
2550,191593,0.000000,264,0,1
2551,191594,0.000000,264,0,2
2552,191494,3.000000,265,0,0
2555,191488,10.000000,266,0,0
2558,191584,0.000000,267,0,0
2561,192450,0.000000,272,0,0
2564,192453,0.000000,273,0,0
2567,192447,1.000000,274,0,0
2570,192457,3.000000,275,0,0
2573,192460,4.000000,276,0,0
2576,192542,0.000000,277,0,0
2577,192543,0.000000,277,0,1
2578,192544,0.000000,277,0,2
2579,192464,4.000000,278,0,0
2582,192514,2000.000000,279,0,0
2585,192538,0.000000,280,0,0
2588,192557,0.000000,281,0,0
2589,192548,0.000000,282,0,0
2590,192570,0.000000,283,0,0
2591,192558,0.000000,284,0,0
2592,192567,0.000000,285,0,0
2593,193213,0.000000,286,0,0
2594,224968,0.000000,290,0,0
2595,205495,0.000000,291,0,0
2596,191602,0.000000,292,0,0
2597,191647,0.000000,293,0,0
2599,191717,0.000000,295,0,0
2600,191861,0.000000,296,0,0
2601,192630,0.000000,297,0,0
2602,191493,0.000000,298,0,0
2605,191499,0.000000,299,0,0
2608,191504,3.000000,300,0,0
2611,191740,8.000000,301,0,0
2614,191569,0.000000,302,0,0
2617,191572,4.000000,303,0,0
2620,191577,0.000000,304,0,0
2623,191582,0.000000,305,0,0
2626,191598,4.000000,306,0,0
2629,204147,0.000000,307,0,0
2630,204219,0.000000,308,0,0
2631,191328,0.000000,309,0,0
2632,191339,0.000000,310,0,0
2633,191048,0.000000,311,0,0
2634,190449,0.000000,312,0,0
2637,190457,0.000000,313,0,0
2640,190462,0.000000,314,0,0
2643,190467,0.000000,315,0,0
2646,190503,0.000000,316,0,0
2649,190514,0.000000,317,0,0
2652,190520,0.000000,318,0,0
2655,190529,2.000000,319,0,0
2658,190567,0.000000,320,0,0
2661,190852,0.000000,321,0,0
2662,204089,0.000000,322,0,0
2663,192310,0.000000,323,0,0
2666,192315,0.000000,324,0,0
2669,192318,0.000000,325,0,0
2672,192323,0.000000,326,0,0
2675,192326,0.000000,327,0,0
2678,192329,0.000000,328,0,0
2681,192345,0.000000,329,0,0
2684,192349,0.000000,330,0,0
2687,192376,0.000000,331,0,0
2690,192384,0.000000,332,0,0
2691,192422,0.000000,333,0,0
2692,192424,0.000000,334,0,0
2693,192428,0.000000,335,0,0
2694,192657,0.000000,337,0,0
2695,192759,0.000000,346,0,0
2696,192923,0.000000,347,0,0
2697,185086,0.000000,350,0,0
2698,182234,0.000000,351,0,0
2699,193058,0.000000,352,0,0
2700,179546,0.000000,353,0,0
2725,166734,0.000000,5,0,1
2726,166735,0.000000,5,0,2
2727,194224,-3.000000,749,0,0
3160,194466,0.000000,748,0,0
3161,194234,8.000000,750,0,0
3162,194239,2.000000,751,0,0
3163,194312,1.000000,752,0,0
3165,194313,3.000000,754,0,0
3166,194314,4.000000,755,0,0
3167,194318,0.833300,756,0,0
3168,194315,0.000000,757,0,0
3169,215796,0.000000,759,0,0
3170,227481,0.000000,760,0,0
3171,194431,0.000000,761,0,0
3172,194331,0.000000,763,0,0
3173,205065,0.000000,764,0,0
3174,194024,0.000000,765,0,0
3175,194026,0.000000,766,0,0
3176,194093,0.000000,767,0,0
3177,193371,0.000000,768,0,0
3178,194179,0.000000,769,0,0
3179,194378,0.000000,770,0,0
3180,193642,0.000000,771,0,0
3181,193643,0.000000,772,0,0
3182,193644,0.000000,773,0,0
3183,193645,0.000000,774,0,0
3184,193647,0.000000,775,0,0
3185,194002,0.000000,776,0,0
3186,194007,0.000000,777,0,0
3187,194016,0.000000,778,0,0
3188,194018,0.000000,779,0,0
3194,193642,-20000.000000,771,0,1
3195,193642,-30000.000000,771,0,2
3196,193642,-40000.000000,771,0,3
3197,193642,-50000.000000,771,0,4
3198,193642,-60000.000000,771,0,5
3199,186941,16.000000,41,0,1
3200,186941,24.000000,41,0,2
3201,186941,32.000000,41,0,3
3202,186941,40.000000,41,0,4
3203,186941,48.000000,41,0,5
3204,184759,12.000000,42,0,1
3205,184759,18.000000,42,0,2
3206,184759,24.000000,42,0,3
3207,184759,30.000000,42,0,4
3208,184759,36.000000,42,0,5
3209,184843,10.000000,43,0,1
3210,184843,15.000000,43,0,2
3211,184843,20.000000,43,0,3
3212,184843,25.000000,43,0,4
3213,184843,30.000000,43,0,5
3214,186934,30.000000,44,0,1
3215,186934,45.000000,44,0,2
3216,186934,60.000000,44,0,3
3217,186934,75.000000,44,0,4
3218,186934,90.000000,44,0,5
3219,184778,-20000.000000,47,0,1
3220,184778,-30000.000000,47,0,2
3221,184778,-40000.000000,47,0,3
3222,184778,-50000.000000,47,0,4
3223,184778,-60000.000000,47,0,5
3224,186927,16.000000,50,0,1
3225,186927,24.000000,50,0,2
3226,186927,32.000000,50,0,3
3227,186927,40.000000,50,0,4
3228,186927,48.000000,50,0,5
3229,185368,4.000000,51,0,1
3230,185368,6.000000,51,0,2
3231,185368,8.000000,51,0,3
3232,185368,10.000000,51,0,4
3233,185368,12.000000,51,0,5
3234,186944,-20.000000,52,0,1
3235,186944,-30.000000,52,0,2
3236,186944,-40.000000,52,0,3
3237,186944,-50.000000,52,0,4
3238,186944,-60.000000,52,0,5
3239,186945,5000.000000,53,0,1
3240,186945,7500.000000,53,0,2
3241,186945,10000.000000,53,0,3
3242,186945,12500.000000,53,0,4
3243,186945,15000.000000,53,0,5
3251,193643,10.000000,772,0,1
3252,193643,15.000000,772,0,2
3253,193643,20.000000,772,0,3
3254,193643,25.000000,772,0,4
3255,193643,30.000000,772,0,5
3256,193644,12.000000,773,0,1
3257,193644,18.000000,773,0,2
3258,193644,24.000000,773,0,3
3259,193644,30.000000,773,0,4
3260,193644,36.000000,773,0,5
3261,193645,6.000000,774,0,1
3262,193645,10.000000,774,0,2
3263,193645,13.000000,774,0,3
3264,193645,16.000000,774,0,4
3265,193645,20.000000,774,0,5
3271,194002,2.000000,776,0,1
3272,194002,3.000000,776,0,2
3273,194002,4.000000,776,0,3
3274,194002,5.000000,776,0,4
3275,194002,6.000000,776,0,5
3276,194007,10.000000,777,0,1
3277,194007,15.000000,777,0,2
3278,194007,20.000000,777,0,3
3279,194007,25.000000,777,0,4
3280,194007,30.000000,777,0,5
3281,194016,10.000000,778,0,1
3282,194016,15.000000,778,0,2
3283,194016,20.000000,778,0,3
3284,194016,25.000000,778,0,4
3285,194016,30.000000,778,0,5
3286,194093,30.000000,767,0,1
3287,194093,45.000000,767,0,2
3288,194093,60.000000,767,0,3
3289,194093,75.000000,767,0,4
3290,194093,90.000000,767,0,5
3291,192310,6.000000,323,0,1
3292,192310,10.000000,323,0,2
3293,192310,13.000000,323,0,3
3294,192310,16.000000,323,0,4
3295,192310,20.000000,323,0,5
3296,192315,6.000000,324,0,1
3297,192315,10.000000,324,0,2
3298,192315,13.000000,324,0,3
3299,192315,16.000000,324,0,4
3300,192315,20.000000,324,0,5
3301,192318,10.000000,325,0,1
3302,192318,15.000000,325,0,2
3303,192318,20.000000,325,0,3
3304,192318,25.000000,325,0,4
3305,192318,30.000000,325,0,5
3306,192323,-6000.000000,326,0,1
3307,192323,-10000.000000,326,0,2
3308,192323,-13000.000000,326,0,3
3309,192323,-16000.000000,326,0,4
3310,192323,-20000.000000,326,0,5
3311,192326,4.000000,327,0,1
3312,192326,6.000000,327,0,2
3313,192326,8.000000,327,0,3
3314,192326,10.000000,327,0,4
3315,192326,12.000000,327,0,5
3316,192329,6.000000,328,0,1
3317,192329,10.000000,328,0,2
3318,192329,13.000000,328,0,3
3319,192329,16.000000,328,0,4
3320,192329,20.000000,328,0,5
3321,192345,-6000.000000,329,0,1
3322,192345,-10000.000000,329,0,2
3323,192345,-13000.000000,329,0,3
3324,192345,-16000.000000,329,0,4
3325,192345,-20000.000000,329,0,5
3326,192349,-20000.000000,330,0,1
3327,192349,-30000.000000,330,0,2
3328,192349,-40000.000000,330,0,3
3329,192349,-50000.000000,330,0,4
3330,192349,-60000.000000,330,0,5
3331,192376,8.000000,331,0,1
3332,192376,12.000000,331,0,2
3333,192376,16.000000,331,0,3
3334,192376,20.000000,331,0,4
3335,192376,24.000000,331,0,5
3336,190449,6.000000,312,0,1
3337,190449,10.000000,312,0,2
3338,190449,13.000000,312,0,3
3339,190449,16.000000,312,0,4
3340,190449,20.000000,312,0,5
3341,190457,6.000000,313,0,1
3342,190457,10.000000,313,0,2
3343,190457,13.000000,313,0,3
3344,190457,16.000000,313,0,4
3345,190457,20.000000,313,0,5
3346,190462,-20000.000000,314,0,1
3347,190462,-30000.000000,314,0,2
3348,190462,-40000.000000,314,0,3
3349,190462,-50000.000000,314,0,4
3350,190462,-60000.000000,314,0,5
3351,190467,6.000000,315,0,1
3352,190467,10.000000,315,0,2
3353,190467,13.000000,315,0,3
3354,190467,16.000000,315,0,4
3355,190467,20.000000,315,0,5
3356,190503,6.000000,316,0,1
3357,190503,10.000000,316,0,2
3358,190503,13.000000,316,0,3
3359,190503,16.000000,316,0,4
3360,190503,20.000000,316,0,5
3361,190514,-6.000000,317,0,1
3362,190514,-10.000000,317,0,2
3363,190514,-13.000000,317,0,3
3364,190514,-16.000000,317,0,4
3365,190514,-20.000000,317,0,5
3366,190520,6.000000,318,0,1
3367,190520,10.000000,318,0,2
3368,190520,13.000000,318,0,3
3369,190520,16.000000,318,0,4
3370,190520,20.000000,318,0,5
3371,190529,4.000000,319,0,1
3372,190529,6.000000,319,0,2
3373,190529,8.000000,319,0,3
3374,190529,10.000000,319,0,4
3375,190529,12.000000,319,0,5
3376,190567,-10.000000,320,0,1
3377,190567,-15.000000,320,0,2
3378,190567,-20.000000,320,0,3
3379,190567,-25.000000,320,0,4
3380,190567,-30.000000,320,0,5
3381,191493,2.000000,298,0,1
3382,191493,3.000000,298,0,2
3383,191493,4.000000,298,0,3
3384,191493,5.000000,298,0,4
3385,191493,6.000000,298,0,5
3386,191499,10.000000,299,0,1
3387,191499,15.000000,299,0,2
3388,191499,20.000000,299,0,3
3389,191499,25.000000,299,0,4
3390,191499,30.000000,299,0,5
3391,191504,6.000000,300,0,1
3392,191504,9.000000,300,0,2
3393,191504,12.000000,300,0,3
3394,191504,15.000000,300,0,4
3395,191504,18.000000,300,0,5
3401,191569,30.000000,302,0,1
3402,191569,45.000000,302,0,2
3403,191569,60.000000,302,0,3
3404,191569,75.000000,302,0,4
3405,191569,90.000000,302,0,5
3406,191572,8.000000,303,0,1
3407,191572,12.000000,303,0,2
3408,191572,16.000000,303,0,3
3409,191572,20.000000,303,0,4
3410,191572,24.000000,303,0,5
3411,191577,10.000000,304,0,1
3412,191577,15.000000,304,0,2
3413,191577,20.000000,304,0,3
3414,191577,25.000000,304,0,4
3415,191577,30.000000,304,0,5
3419,191598,8.000000,306,0,1
3420,191598,12.000000,306,0,2
3421,191598,16.000000,306,0,3
3422,191598,20.000000,306,0,4
3423,191598,24.000000,306,0,5
3424,189772,4.000000,130,0,1
3425,189772,6.000000,130,0,2
3426,189772,8.000000,130,0,3
3427,189772,10.000000,130,0,4
3428,189772,12.000000,130,0,5
3429,189768,16.000000,131,0,1
3430,189768,24.000000,131,0,2
3431,189768,32.000000,131,0,3
3432,189768,40.000000,131,0,4
3433,189768,48.000000,131,0,5
3434,189760,10.000000,132,0,1
3435,189760,15.000000,132,0,2
3436,189760,20.000000,132,0,3
3437,189760,25.000000,132,0,4
3438,189760,30.000000,132,0,5
3439,189757,-4.000000,133,0,1
3440,189757,-6.000000,133,0,2
3441,189757,-8.000000,133,0,3
3442,189757,-10.000000,133,0,4
3443,189757,-12.000000,133,0,5
3444,189754,-4.000000,134,0,1
3445,189754,-6.000000,134,0,2
3446,189754,-8.000000,134,0,3
3447,189754,-10.000000,134,0,4
3448,189754,-12.000000,134,0,5
3449,189749,20.000000,135,0,1
3450,189749,30.000000,135,0,2
3451,189749,40.000000,135,0,3
3452,189749,50.000000,135,0,4
3453,189749,60.000000,135,0,5
3454,189744,6.000000,136,0,1
3455,189744,10.000000,136,0,2
3456,189744,13.000000,136,0,3
3457,189744,16.000000,136,0,4
3458,189744,20.000000,136,0,5
3459,186396,2000.000000,137,0,1
3460,186396,3000.000000,137,0,2
3461,186396,4000.000000,137,0,3
3462,186396,5000.000000,137,0,4
3463,186396,6000.000000,137,0,5
3464,186320,2.000000,140,0,1
3465,186320,3.000000,140,0,2
3466,186320,4.000000,140,0,3
3467,186320,5.000000,140,0,4
3468,186320,6.000000,140,0,5
3469,188635,4.000000,95,0,1
3470,188635,6.000000,95,0,2
3471,188635,8.000000,95,0,3
3472,188635,10.000000,95,0,4
3473,188635,12.000000,95,0,5
3479,188683,20.000000,98,0,1
3480,188683,30.000000,98,0,2
3481,188683,40.000000,98,0,3
3482,188683,50.000000,98,0,4
3483,188683,60.000000,98,0,5
3499,188639,10.000000,102,0,1
3500,188639,15.000000,102,0,2
3501,188639,20.000000,102,0,3
3502,188639,25.000000,102,0,4
3503,188639,30.000000,102,0,5
3504,188632,2.000000,105,0,1
3505,188632,3.000000,105,0,2
3506,188632,4.000000,105,0,3
3507,188632,5.000000,105,0,4
3508,188632,6.000000,105,0,5
3509,188644,20.000000,106,0,1
3510,188644,30.000000,106,0,2
3511,188644,40.000000,106,0,3
3512,188644,50.000000,106,0,4
3513,188644,60.000000,106,0,5
3514,187304,6.000000,72,0,1
3515,187304,10.000000,72,0,2
3516,187304,13.000000,72,0,3
3517,187304,16.000000,72,0,4
3518,187304,20.000000,72,0,5
3519,187258,4.000000,74,0,1
3520,187258,6.000000,74,0,2
3521,187258,8.000000,74,0,3
3522,187258,10.000000,74,0,4
3523,187258,12.000000,74,0,5
3524,187321,2.000000,75,0,1
3525,187321,3.000000,75,0,2
3526,187321,4.000000,75,0,3
3527,187321,5.000000,75,0,4
3528,187321,6.000000,75,0,5
3534,187313,6.000000,77,0,1
3535,187313,10.000000,77,0,2
3536,187313,13.000000,77,0,3
3537,187313,16.000000,77,0,4
3538,187313,20.000000,77,0,5
3544,187287,4.000000,79,0,1
3545,187287,6.000000,79,0,2
3546,187287,8.000000,79,0,3
3547,187287,10.000000,79,0,4
3548,187287,12.000000,79,0,5
3554,187276,2.000000,81,0,1
3555,187276,3.000000,81,0,2
3556,187276,4.000000,81,0,3
3557,187276,5.000000,81,0,4
3558,187276,6.000000,81,0,5
3559,187264,2000.000000,82,0,1
3560,187264,3000.000000,82,0,2
3561,187264,4000.000000,82,0,3
3562,187264,5000.000000,82,0,4
3563,187264,6000.000000,82,0,5
3564,187301,2.000000,83,0,1
3565,187301,3.000000,83,0,2
3566,187301,4.000000,83,0,3
3567,187301,5.000000,83,0,4
3568,187301,6.000000,83,0,5
3595,189080,2.000000,108,0,1
3596,189080,3.000000,108,0,2
3597,189080,4.000000,108,0,3
3598,189080,5.000000,108,0,4
3599,189080,6.000000,108,0,5
3600,189086,20.000000,109,0,1
3601,189086,30.000000,109,0,2
3602,189086,40.000000,109,0,3
3603,189086,50.000000,109,0,4
3604,189086,60.000000,109,0,5
3605,189092,20.000000,110,0,1
3606,189092,30.000000,110,0,2
3607,189092,40.000000,110,0,3
3608,189092,50.000000,110,0,4
3609,189092,60.000000,110,0,5
3610,189097,60.000000,111,0,1
3611,189097,100.000000,111,0,2
3612,189097,130.000000,111,0,3
3613,189097,160.000000,111,0,4
3614,189097,200.000000,111,0,5
3620,189144,24.000000,113,0,1
3621,189144,36.000000,113,0,2
3622,189144,48.000000,113,0,3
3623,189144,60.000000,113,0,4
3624,189144,72.000000,113,0,5
3625,189147,30.000000,114,0,1
3626,189147,45.000000,114,0,2
3627,189147,60.000000,114,0,3
3628,189147,75.000000,114,0,4
3629,189147,90.000000,114,0,5
3630,189154,200.000000,115,0,1
3631,189154,300.000000,115,0,2
3632,189154,400.000000,115,0,3
3633,189154,500.000000,115,0,4
3634,189154,600.000000,115,0,5
3635,189164,10.000000,117,0,1
3636,189164,15.000000,117,0,2
3637,189164,20.000000,117,0,3
3638,189164,25.000000,117,0,4
3639,189164,30.000000,117,0,5
3645,191419,14.000000,156,0,1
3646,191419,21.000000,156,0,2
3647,191419,28.000000,156,0,3
3648,191419,35.000000,156,0,4
3649,191419,42.000000,156,0,5
3650,191442,14.000000,157,0,1
3651,191442,21.000000,157,0,2
3652,191442,28.000000,157,0,3
3653,191442,35.000000,157,0,4
3654,191442,42.000000,157,0,5
3655,191485,14.000000,158,0,1
3656,191485,21.000000,158,0,2
3657,191485,28.000000,158,0,3
3658,191485,35.000000,158,0,4
3659,191485,42.000000,158,0,5
3660,191488,20.000000,266,0,1
3661,191488,30.000000,266,0,2
3662,191488,40.000000,266,0,3
3663,191488,50.000000,266,0,4
3664,191488,60.000000,266,0,5
3665,191494,6.000000,265,0,1
3666,191494,10.000000,265,0,2
3667,191494,13.000000,265,0,3
3668,191494,16.000000,265,0,4
3669,191494,20.000000,265,0,5
3670,191565,6.000000,262,0,1
3671,191565,10.000000,262,0,2
3672,191565,13.000000,262,0,3
3673,191565,16.000000,262,0,4
3674,191565,20.000000,262,0,5
3675,191584,-10.000000,267,0,1
3676,191584,-15.000000,267,0,2
3677,191584,-20.000000,267,0,3
3678,191584,-25.000000,267,0,4
3679,191584,-30.000000,267,0,5
3680,192447,2.000000,274,0,1
3681,192447,3.000000,274,0,2
3682,192447,4.000000,274,0,3
3683,192447,5.000000,274,0,4
3684,192447,6.000000,274,0,5
3685,192450,4.000000,272,0,1
3686,192450,6.000000,272,0,2
3687,192450,8.000000,272,0,3
3688,192450,10.000000,272,0,4
3689,192450,12.000000,272,0,5
3690,192453,2.000000,273,0,1
3691,192453,3.000000,273,0,2
3692,192453,4.000000,273,0,3
3693,192453,5.000000,273,0,4
3694,192453,6.000000,273,0,5
3695,192457,6.000000,275,0,1
3696,192457,9.000000,275,0,2
3697,192457,12.000000,275,0,3
3698,192457,15.000000,275,0,4
3699,192457,18.000000,275,0,5
3700,192460,8.000000,276,0,1
3701,192460,12.000000,276,0,2
3702,192460,16.000000,276,0,3
3703,192460,20.000000,276,0,4
3704,192460,24.000000,276,0,5
3705,192464,8.000000,278,0,1
3706,192464,12.000000,278,0,2
3707,192464,16.000000,278,0,3
3708,192464,20.000000,278,0,4
3709,192464,24.000000,278,0,5
3710,192514,4000.000000,279,0,1
3711,192514,6000.000000,279,0,2
3712,192514,8000.000000,279,0,3
3713,192514,10000.000000,279,0,4
3714,192514,12000.000000,279,0,5
3715,192538,16.000000,280,0,1
3716,192538,24.000000,280,0,2
3717,192538,32.000000,280,0,3
3718,192538,40.000000,280,0,4
3719,192538,48.000000,280,0,5
3720,194224,-6.000000,749,0,1
3721,194224,-9.000000,749,0,2
3722,194224,-12.000000,749,0,3
3723,194224,-15.000000,749,0,4
3724,194224,-18.000000,749,0,5
3725,194234,16.000000,750,0,1
3726,194234,24.000000,750,0,2
3727,194234,32.000000,750,0,3
3728,194234,40.000000,750,0,4
3729,194234,48.000000,750,0,5
3730,194239,4.000000,751,0,1
3731,194239,6.000000,751,0,2
3732,194239,8.000000,751,0,3
3733,194239,10.000000,751,0,4
3734,194239,12.000000,751,0,5
3735,194312,2.000000,752,0,1
3736,194312,3.000000,752,0,2
3737,194312,4.000000,752,0,3
3738,194312,5.000000,752,0,4
3739,194312,6.000000,752,0,5
3745,194313,6.000000,754,0,1
3746,194313,9.000000,754,0,2
3747,194313,12.000000,754,0,3
3748,194313,15.000000,754,0,4
3749,194313,18.000000,754,0,5
3750,194314,8.000000,755,0,1
3751,194314,12.000000,755,0,2
3752,194314,16.000000,755,0,3
3753,194314,20.000000,755,0,4
3754,194314,24.000000,755,0,5
3755,194315,-6.000000,757,0,1
3756,194315,-10.000000,757,0,2
3757,194315,-13.000000,757,0,3
3758,194315,-16.000000,757,0,4
3759,194315,-20.000000,757,0,5
3760,194318,1.666000,756,0,1
3761,194318,2.500000,756,0,2
3762,194318,3.333000,756,0,3
3763,194318,4.166600,756,0,4
3764,194318,5.000000,756,0,5
3765,195243,0.000000,800,0,0
3766,195243,20.000000,800,0,1
3767,195243,30.000000,800,0,2
3768,195243,40.000000,800,0,3
3769,195243,50.000000,800,0,4
3770,195243,60.000000,800,0,5
3771,195244,3.000000,801,0,0
3772,195244,6.000000,801,0,1
3773,195244,10.000000,801,0,2
3774,195244,13.000000,801,0,3
3775,195244,16.000000,801,0,4
3776,195244,20.000000,801,0,5
3777,214634,0.000000,783,0,0
3782,195315,0.000000,784,0,0
3783,195315,6.000000,784,0,1
3784,195315,10.000000,784,0,2
3785,195315,13.000000,784,0,3
3786,195315,16.000000,784,0,4
3787,195315,20.000000,784,0,5
3788,195317,5.000000,785,0,0
3789,195317,10.000000,785,0,1
3790,195317,15.000000,785,0,2
3791,195317,20.000000,785,0,3
3792,195317,25.000000,785,0,4
3793,195317,30.000000,785,0,5
3794,195322,8.000000,786,0,0
3795,195322,16.000000,786,0,1
3796,195322,24.000000,786,0,2
3797,195322,32.000000,786,0,3
3798,195322,40.000000,786,0,4
3799,195322,48.000000,786,0,5
3800,195323,30.000000,787,0,0
3801,195323,60.000000,787,0,1
3802,195323,90.000000,787,0,2
3803,195323,120.000000,787,0,3
3804,195323,150.000000,787,0,4
3805,195323,180.000000,787,0,5
3806,195345,-500.000000,788,0,0
3807,195345,-1000.000000,788,0,1
3808,195345,-1500.000000,788,0,2
3809,195345,-2000.000000,788,0,3
3810,195345,-2500.000000,788,0,4
3811,195345,-3000.000000,788,0,5
3812,195351,2.000000,789,0,0
3813,195351,4.000000,789,0,1
3814,195351,6.000000,789,0,2
3815,195351,8.000000,789,0,3
3816,195351,10.000000,789,0,4
3817,195351,12.000000,789,0,5
3818,195352,5.000000,790,0,0
3819,195352,10.000000,790,0,1
3820,195352,15.000000,790,0,2
3821,195352,20.000000,790,0,3
3822,195352,25.000000,790,0,4
3823,195352,30.000000,790,0,5
3824,195354,33.000000,791,0,0
3825,195354,66.000000,791,0,1
3826,195354,100.000000,791,0,2
3827,195354,133.000000,791,0,3
3828,195354,166.000000,791,0,4
3829,195354,200.000000,791,0,5
3830,214626,-2.000000,792,0,0
3831,214626,-4.000000,792,0,1
3832,214626,-6.000000,792,0,2
3833,214626,-8.000000,792,0,3
3834,214626,-10.000000,792,0,4
3835,214626,-12.000000,792,0,5
3836,195419,0.000000,793,0,0
3837,220817,0.000000,795,0,0
3838,195448,0.000000,798,0,0
3858,195263,0.000000,820,0,0
3859,195263,10.000000,820,0,1
3860,195263,15.000000,820,0,2
3861,195263,20.000000,820,0,3
3862,195263,25.000000,820,0,4
3863,195263,30.000000,820,0,5
3864,218607,0.000000,821,0,0
3870,195266,0.000000,822,0,0
3871,195266,20.000000,822,0,1
3872,195266,30.000000,822,0,2
3873,195266,40.000000,822,0,3
3880,195269,0.000000,824,0,0
3881,195269,6.000000,824,0,1
3882,195269,10.000000,824,0,2
3883,195269,13.000000,824,0,3
3884,195269,16.000000,824,0,4
3885,195269,20.000000,824,0,5
3886,195291,0.000000,825,0,0
3887,195291,10.000000,825,0,1
3888,195291,15.000000,825,0,2
3889,195295,0.000000,826,0,0
3890,195298,0.000000,827,0,0
3891,195300,0.000000,828,0,0
3892,195380,0.000000,829,0,0
3893,195380,15.000000,829,0,1
3894,195380,20.000000,829,0,2
3895,195380,25.000000,829,0,3
3896,195380,30.000000,829,0,4
3897,195380,35.000000,829,0,5
3898,195399,0.000000,830,0,0
3899,205320,0.000000,831,0,0
3900,195650,0.000000,832,0,0
3901,196082,0.000000,833,0,0
3903,196586,0.000000,803,0,0
3904,196211,3.000000,804,0,0
3905,196211,6.000000,804,0,1
3906,196211,9.000000,804,0,2
3907,196211,12.000000,804,0,3
3908,196211,15.000000,804,0,4
3909,196211,18.000000,804,0,5
3910,196217,5.000000,805,0,0
3911,196217,10.000000,805,0,1
3912,196217,15.000000,805,0,2
3913,196217,20.000000,805,0,3
3914,196217,25.000000,805,0,4
3915,196217,30.000000,805,0,5
3916,196222,-2.000000,806,0,0
3917,196222,-4.000000,806,0,1
3918,196222,-6.000000,806,0,2
3919,196222,-8.000000,806,0,3
3920,196222,-10.000000,806,0,4
3921,196222,-12.000000,806,0,5
3922,196227,6.000000,807,0,0
3923,196227,12.000000,807,0,1
3924,196227,18.000000,807,0,2
3925,196227,24.000000,807,0,3
3926,196227,30.000000,807,0,4
3927,196227,36.000000,807,0,5
3928,196236,0.000000,808,0,0
3929,196236,10.000000,808,0,1
3930,196236,15.000000,808,0,2
3931,196236,20.000000,808,0,3
3932,196236,25.000000,808,0,4
3933,196236,30.000000,808,0,5
3934,196258,0.000000,810,0,0
3935,196258,10.000000,810,0,1
3936,196258,15.000000,810,0,2
3937,196258,20.000000,810,0,3
3938,196258,25.000000,810,0,4
3939,196258,30.000000,810,0,5
3942,196301,15.000000,811,0,0
3943,196301,30.000000,811,0,1
3944,196301,45.000000,811,0,2
3945,196301,60.000000,811,0,3
3946,196301,75.000000,811,0,4
3947,196301,90.000000,811,0,5
3948,196305,-3.000000,812,0,0
3949,196305,-6.000000,812,0,1
3950,196305,-9.000000,812,0,2
3951,196305,-12.000000,812,0,3
3952,196305,-15.000000,812,0,4
3953,196305,-18.000000,812,0,5
3955,196432,8.000000,809,0,0
3956,196432,16.000000,809,0,1
3957,196432,24.000000,809,0,2
3958,196432,32.000000,809,0,3
3959,196432,40.000000,809,0,4
3960,196432,48.000000,809,0,5
3961,219415,0.000000,816,0,0
3964,219195,0.000000,817,0,0
3965,224103,0.000000,818,0,0
3966,196675,0.000000,813,0,0
3967,196684,0.000000,834,0,0
3968,196492,0.000000,835,0,0
3969,208065,0.000000,836,0,0
3970,196578,0.000000,837,0,0
3971,196489,6.000000,838,0,0
3972,196437,0.000000,839,0,0
3973,196779,0.000000,840,0,0
3974,196355,0.000000,841,0,0
3975,196355,10.000000,841,0,1
3976,196355,15.000000,841,0,2
3977,196355,20.000000,841,0,3
3978,196355,25.000000,841,0,4
3979,196355,30.000000,841,0,5
3980,196358,0.000000,842,0,0
3981,196358,15.000000,842,0,1
3982,196358,20.000000,842,0,2
3983,196358,25.000000,842,0,3
3984,196358,30.000000,842,0,4
3985,196358,35.000000,842,0,5
3986,196416,0.000000,843,0,0
3987,196416,10.000000,843,0,1
3988,196416,15.000000,843,0,2
3989,196416,20.000000,843,0,3
3990,196416,25.000000,843,0,4
3991,196416,30.000000,843,0,5
3992,196418,3.000000,844,0,0
3993,196418,6.000000,844,0,1
3994,196418,9.000000,844,0,2
3995,196418,12.000000,844,0,3
3996,196418,15.000000,844,0,4
3997,196418,18.000000,844,0,5
3998,196419,0.000000,845,0,0
4004,196422,5.000000,846,0,0
4005,196422,10.000000,846,0,1
4006,196422,15.000000,846,0,2
4007,196422,20.000000,846,0,3
4008,196422,25.000000,846,0,4
4009,196422,30.000000,846,0,5
4010,196429,0.000000,847,0,0
4011,196429,-6000.000000,847,0,1
4012,196429,-10000.000000,847,0,2
4013,196429,-13000.000000,847,0,3
4014,196429,-16000.000000,847,0,4
4015,196429,-20000.000000,847,0,5
4016,196430,0.000000,848,0,0
4017,196430,6.000000,848,0,1
4018,196430,10.000000,848,0,2
4019,196430,13.000000,848,0,3
4020,196430,16.000000,848,0,4
4021,196430,20.000000,848,0,5
4022,196434,4.000000,849,0,0
4023,196434,8.000000,849,0,1
4024,196434,12.000000,849,0,2
4025,196434,16.000000,849,0,3
4026,196434,20.000000,849,0,4
4027,196434,24.000000,849,0,5
4029,205223,0.000000,289,0,0
4030,209782,0.000000,851,0,0
4031,197231,3.000000,852,0,0
4032,197233,0.000000,853,0,0
4033,197234,0.000000,854,0,0
4034,197235,5.000000,855,0,0
4035,197369,5.000000,856,0,0
4036,197386,3000.000000,857,0,0
4037,197239,0.000000,858,0,0
4038,197241,0.000000,859,0,0
4039,197244,0.000000,860,0,0
4040,197610,0.000000,861,0,0
4041,197256,0.000000,862,0,0
4042,197604,0.000000,863,0,0
4043,209835,0.000000,864,0,0
4044,209781,0.000000,865,0,0
4045,197406,0.000000,866,0,0
4046,197231,6.000000,852,0,1
4047,197231,10.000000,852,0,2
4048,197231,13.000000,852,0,3
4049,197231,16.000000,852,0,4
4050,197231,20.000000,852,0,5
4051,197233,10.000000,853,0,1
4052,197233,15.000000,853,0,2
4053,197233,20.000000,853,0,3
4054,197233,25.000000,853,0,4
4055,197233,30.000000,853,0,5
4056,197234,10.000000,854,0,1
4057,197234,15.000000,854,0,2
4058,197234,20.000000,854,0,3
4059,197234,25.000000,854,0,4
4060,197234,30.000000,854,0,5
4061,197235,10.000000,855,0,1
4062,197235,15.000000,855,0,2
4063,197235,20.000000,855,0,3
4064,197235,25.000000,855,0,4
4065,197235,30.000000,855,0,5
4066,197239,10.000000,858,0,1
4067,197239,15.000000,858,0,2
4068,197239,20.000000,858,0,3
4069,197239,25.000000,858,0,4
4070,197239,30.000000,858,0,5
4071,210144,0.000000,859,0,1
4072,210145,0.000000,859,0,2
4073,210146,0.000000,859,0,3
4074,210147,0.000000,859,0,4
4075,210148,0.000000,859,0,5
4076,197244,6.000000,860,0,1
4077,197244,10.000000,860,0,2
4078,197244,13.000000,860,0,3
4079,197244,16.000000,860,0,4
4080,197244,20.000000,860,0,5
4087,197038,0.000000,868,0,0
4088,197038,2000.000000,868,0,1
4089,197038,3000.000000,868,0,2
4090,197038,4000.000000,868,0,3
4091,197038,5000.000000,868,0,4
4092,197038,6000.000000,868,0,5
4093,197047,0.000000,869,0,0
4094,197047,20.000000,869,0,1
4095,197047,30.000000,869,0,2
4096,197047,40.000000,869,0,3
4097,197047,50.000000,869,0,4
4098,197047,60.000000,869,0,5
4099,197080,0.000000,870,0,0
4100,197080,10.000000,870,0,1
4101,197080,15.000000,870,0,2
4102,197080,20.000000,870,0,3
4103,197080,25.000000,870,0,4
4104,197080,30.000000,870,0,5
4105,197138,0.000000,871,0,0
4106,197138,4.000000,871,0,1
4107,197138,6.000000,871,0,2
4108,197138,8.000000,871,0,3
4109,197138,10.000000,871,0,4
4110,197138,12.000000,871,0,5
4111,197139,0.000000,872,0,0
4112,197139,10.000000,872,0,1
4113,197139,15.000000,872,0,2
4114,197139,20.000000,872,0,3
4115,197139,25.000000,872,0,4
4116,197139,30.000000,872,0,5
4117,197140,0.000000,873,0,0
4118,197140,6.000000,873,0,1
4119,197140,10.000000,873,0,2
4120,197140,13.000000,873,0,3
4121,197140,16.000000,873,0,4
4122,197140,20.000000,873,0,5
4123,197160,0.000000,874,0,0
4124,197160,20.000000,874,0,1
4125,197160,30.000000,874,0,2
4126,197160,40.000000,874,0,3
4127,197160,50.000000,874,0,4
4128,197160,60.000000,874,0,5
4129,197162,10.000000,875,0,0
4130,197162,20.000000,875,0,1
4131,197162,30.000000,875,0,2
4132,197162,40.000000,875,0,3
4133,197162,50.000000,875,0,4
4134,197162,60.000000,875,0,5
4135,197178,0.000000,876,0,0
4136,197199,0.000000,877,0,0
4137,197248,0.000000,878,0,0
4138,207068,0.000000,879,0,0
4139,197343,0.000000,880,0,0
4140,197344,0.000000,881,0,0
4141,197354,0.000000,882,0,0
4142,197369,10.000000,856,0,1
4143,197369,15.000000,856,0,2
4144,197369,20.000000,856,0,3
4145,197369,25.000000,856,0,4
4146,197369,30.000000,856,0,5
4147,197386,6000.000000,857,0,1
4148,197386,10000.000000,857,0,2
4149,197386,13000.000000,857,0,3
4150,197386,16000.000000,857,0,4
4151,197386,20000.000000,857,0,5
4152,207946,0.000000,883,0,0
4153,197779,0.000000,884,0,0
4154,197781,0.000000,885,0,0
4155,197815,0.000000,886,0,0
4156,198074,0.000000,887,0,0
4157,197708,4.000000,888,0,0
4158,197708,8.000000,888,0,1
4159,197708,12.000000,888,0,2
4160,197708,16.000000,888,0,3
4161,197708,20.000000,888,0,4
4162,197708,24.000000,888,0,5
4163,197711,0.000000,889,0,0
4164,197711,-6.000000,889,0,1
4165,197711,-10.000000,889,0,2
4166,197711,-13.000000,889,0,3
4167,197711,-16.000000,889,0,4
4168,197711,-20.000000,889,0,5
4169,197713,0.000000,890,0,0
4170,197713,-20000.000000,890,0,1
4171,197713,-30000.000000,890,0,2
4172,197713,-40000.000000,890,0,3
4173,197713,-50000.000000,890,0,4
4174,197713,-60000.000000,890,0,5
4175,197715,5.000000,891,0,0
4176,197715,10.000000,891,0,1
4177,197715,15.000000,891,0,2
4178,197715,20.000000,891,0,3
4179,197715,25.000000,891,0,4
4180,197715,30.000000,891,0,5
4181,197716,5.000000,892,0,0
4182,197716,10.000000,892,0,1
4183,197716,15.000000,892,0,2
4184,197716,20.000000,892,0,3
4185,197716,25.000000,892,0,4
4186,197716,30.000000,892,0,5
4187,197727,0.000000,893,0,0
4188,197727,2000.000000,893,0,1
4189,197727,3000.000000,893,0,2
4190,197727,4000.000000,893,0,3
4191,197727,5000.000000,893,0,4
4192,197727,6000.000000,893,0,5
4193,197729,5.000000,894,0,0
4194,197729,10.000000,894,0,1
4195,197729,15.000000,894,0,2
4196,197729,20.000000,894,0,3
4197,197729,25.000000,894,0,4
4198,197729,30.000000,894,0,5
4199,197762,0.000000,895,0,0
4200,197762,-10.000000,895,0,1
4201,197762,-15.000000,895,0,2
4202,197762,-20.000000,895,0,3
4203,197762,-25.000000,895,0,4
4204,197762,-30.000000,895,0,5
4205,216212,0.000000,896,0,0
4211,198068,0.000000,897,0,0
4212,197766,0.000000,898,0,0
4213,204945,0.000000,899,0,0
4214,198736,0.000000,900,0,0
4215,198505,0.000000,901,0,0
4216,198361,0.000000,902,0,0
4217,198367,0.000000,903,0,0
4218,198434,0.000000,904,0,0
4219,215381,0.000000,905,0,0
4225,198236,0.000000,906,0,0
4226,198236,6.000000,906,0,1
4227,198236,10.000000,906,0,2
4228,198236,13.000000,906,0,3
4229,198236,16.000000,906,0,4
4230,198236,20.000000,906,0,5
4231,198238,0.000000,907,0,0
4232,198238,10.000000,907,0,1
4233,198238,15.000000,907,0,2
4234,198238,20.000000,907,0,3
4235,198238,25.000000,907,0,4
4236,198238,30.000000,907,0,5
4237,198247,0.000000,908,0,0
4238,198247,10.000000,908,0,1
4239,198247,15.000000,908,0,2
4240,198247,20.000000,908,0,3
4241,198247,25.000000,908,0,4
4242,198247,30.000000,908,0,5
4243,198248,0.000000,909,0,0
4244,198248,4.000000,909,0,1
4245,198248,6.000000,909,0,2
4246,198248,8.000000,909,0,3
4247,198248,10.000000,909,0,4
4248,198248,12.000000,909,0,5
4249,198292,10.000000,910,0,0
4250,198292,20.000000,910,0,1
4251,198292,30.000000,910,0,2
4252,198292,40.000000,910,0,3
4253,198292,50.000000,910,0,4
4254,198292,60.000000,910,0,5
4255,198296,0.000000,911,0,0
4256,198296,20.000000,911,0,1
4257,198296,30.000000,911,0,2
4258,198296,40.000000,911,0,3
4259,198296,50.000000,911,0,4
4260,198296,60.000000,911,0,5
4261,198299,0.000000,912,0,0
4262,198299,4.000000,912,0,1
4263,198299,6.000000,912,0,2
4264,198299,8.000000,912,0,3
4265,198299,10.000000,912,0,4
4266,198299,12.000000,912,0,5
4267,198349,0.000000,913,0,0
4268,198349,2.000000,913,0,1
4269,198349,3.000000,913,0,2
4270,198349,4.000000,913,0,3
4271,198349,5.000000,913,0,4
4272,198349,6.000000,913,0,5
4273,199111,4.000000,915,0,0
4274,199111,8.000000,915,0,1
4275,199111,12.000000,915,0,2
4276,199111,16.000000,915,0,3
4277,199111,20.000000,915,0,4
4278,199111,24.000000,915,0,5
4279,199112,4.000000,916,0,0
4280,199112,8.000000,916,0,1
4281,199112,12.000000,916,0,2
4282,199112,16.000000,916,0,3
4283,199112,20.000000,916,0,4
4284,199112,24.000000,916,0,5
4285,199120,2.000000,917,0,0
4286,199120,4.000000,917,0,1
4287,199120,6.000000,917,0,2
4288,199120,8.000000,917,0,3
4289,199120,10.000000,917,0,4
4290,199120,12.000000,917,0,5
4291,199107,0.000000,930,0,0
4292,199152,2.000000,918,0,0
4293,199152,4.000000,918,0,1
4294,199152,6.000000,918,0,2
4295,199152,8.000000,918,0,3
4296,199152,10.000000,918,0,4
4297,199152,12.000000,918,0,5
4298,199153,5.000000,919,0,0
4299,199153,10.000000,919,0,1
4300,199153,15.000000,919,0,2
4301,199153,20.000000,919,0,3
4302,199153,25.000000,919,0,4
4303,199153,30.000000,919,0,5
4304,199158,6.000000,920,0,0
4305,199158,12.000000,920,0,1
4306,199158,20.000000,920,0,2
4307,199158,26.000000,920,0,3
4308,199158,32.000000,920,0,4
4309,199158,40.000000,920,0,5
4310,199163,1.000000,921,0,0
4311,199163,2.000000,921,0,1
4312,199163,3.000000,921,0,2
4313,199163,4.000000,921,0,3
4314,199163,5.000000,921,0,4
4315,199163,6.000000,921,0,5
4316,199212,1.000000,922,0,0
4317,199212,2.000000,922,0,1
4318,199212,3.000000,922,0,2
4319,199212,4.000000,922,0,3
4320,199212,5.000000,922,0,4
4321,199212,6.000000,922,0,5
4322,199214,10.000000,923,0,0
4323,199214,20.000000,923,0,1
4324,199214,30.000000,923,0,2
4325,199214,40.000000,923,0,3
4326,199214,50.000000,923,0,4
4327,199214,60.000000,923,0,5
4328,199220,0.000000,924,0,0
4329,199257,0.000000,925,0,0
4330,199282,0.000000,926,0,0
4332,199471,0.000000,927,0,0
4333,199472,0.000000,928,0,0
4334,201424,0.000000,929,0,0
4335,205406,0.000000,931,0,0
4336,199887,0.000000,932,0,0
4337,199665,0.000000,933,0,0
4338,199640,0.000000,934,0,0
4339,199401,0.000000,935,0,0
4340,199563,0.000000,936,0,0
4341,199573,0.000000,937,0,0
4342,199364,0.000000,938,0,0
4343,199364,6.000000,938,0,1
4344,199364,10.000000,938,0,2
4345,199364,13.000000,938,0,3
4346,199364,16.000000,938,0,4
4347,199364,20.000000,938,0,5
4348,199365,0.000000,939,0,0
4349,199365,-6.000000,939,0,1
4350,199365,-10.000000,939,0,2
4351,199365,-13.000000,939,0,3
4352,199365,-16.000000,939,0,4
4353,199365,-20.000000,939,0,5
4354,199366,0.000000,940,0,0
4355,199366,6.000000,940,0,1
4356,199366,10.000000,940,0,2
4357,199366,13.000000,940,0,3
4358,199366,16.000000,940,0,4
4359,199366,20.000000,940,0,5
4360,199367,0.000000,941,0,0
4361,199367,10.000000,941,0,1
4362,199367,15.000000,941,0,2
4363,199367,20.000000,941,0,3
4364,199367,25.000000,941,0,4
4365,199367,30.000000,941,0,5
4366,199372,1000.000000,942,0,0
4367,199372,2000.000000,942,0,1
4368,199372,3000.000000,942,0,2
4369,199372,4000.000000,942,0,3
4370,199372,5000.000000,942,0,4
4371,199372,6000.000000,942,0,5
4372,199377,0.000000,943,0,0
4373,199377,6.000000,943,0,1
4374,199377,10.000000,943,0,2
4375,199377,13.000000,943,0,3
4376,199377,16.000000,943,0,4
4377,199377,20.000000,943,0,5
4378,199380,5.000000,944,0,0
4379,199380,10.000000,944,0,1
4380,199380,15.000000,944,0,2
4381,199380,20.000000,944,0,3
4382,199380,25.000000,944,0,4
4383,199380,30.000000,944,0,5
4384,199384,0.000000,945,0,0
4385,199384,30.000000,945,0,1
4386,199384,40.000000,945,0,2
4387,199384,50.000000,945,0,3
4388,199384,60.000000,945,0,4
4389,199384,70.000000,945,0,5
4390,199485,5.000000,946,0,0
4396,200395,4.000000,948,0,0
4397,200395,8.000000,948,0,1
4398,200395,12.000000,948,0,2
4399,200395,16.000000,948,0,3
4400,200395,20.000000,948,0,4
4401,200395,24.000000,948,0,5
4402,200399,500.000000,949,0,0
4403,200399,1000.000000,949,0,1
4404,200399,1500.000000,949,0,2
4405,200399,2000.000000,949,0,3
4406,200399,2500.000000,949,0,4
4407,200399,3000.000000,949,0,5
4408,200400,5.000000,950,0,0
4409,200400,10.000000,950,0,1
4410,200400,15.000000,950,0,2
4411,200400,20.000000,950,0,3
4412,200400,25.000000,950,0,4
4413,200400,30.000000,950,0,5
4414,200402,-3.000000,951,0,0
4415,200402,-6.000000,951,0,1
4416,200402,-9.000000,951,0,2
4417,200402,-12.000000,951,0,3
4418,200402,-15.000000,951,0,4
4419,200402,-18.000000,951,0,5
4420,200409,10.000000,952,0,0
4421,200409,20.000000,952,0,1
4422,200409,30.000000,952,0,2
4423,200409,40.000000,952,0,3
4424,200409,50.000000,952,0,4
4425,200409,60.000000,952,0,5
4426,200414,1.000000,953,0,0
4427,200414,2.000000,953,0,1
4428,200414,3.000000,953,0,2
4429,200414,4.000000,953,0,3
4430,200414,5.000000,953,0,4
4431,200414,6.000000,953,0,5
4432,200415,-3.000000,954,0,0
4433,200415,-6.000000,954,0,1
4434,200415,-10.000000,954,0,2
4435,200415,-13.000000,954,0,3
4436,200415,-16.000000,954,0,4
4437,200415,-20.000000,954,0,5
4438,200440,7.000000,956,0,0
4439,200440,14.000000,956,0,1
4440,200440,21.000000,956,0,2
4441,200440,28.000000,956,0,3
4442,200440,35.000000,956,0,4
4443,200440,42.000000,956,0,5
4444,215799,0.000000,957,0,0
4445,200474,0.000000,963,0,0
4446,200430,0.000000,964,0,0
4447,200652,0.000000,965,0,0
4448,200421,0.000000,966,0,0
4449,200407,0.000000,967,0,0
4450,200373,0.000000,968,0,0
4451,200327,-10.000000,969,0,0
4452,200327,-20.000000,969,0,1
4453,200327,-30.000000,969,0,2
4454,200327,-40.000000,969,0,3
4455,200327,-50.000000,969,0,4
4456,200327,-60.000000,969,0,5
4457,200326,-9.090000,970,0,0
4458,200326,-16.667000,970,0,1
4459,200326,-23.070000,970,0,2
4460,200326,-28.570000,970,0,3
4461,200326,-33.333000,970,0,4
4462,200326,-37.500000,970,0,5
4463,200316,5.000000,971,0,0
4464,200316,10.000000,971,0,1
4465,200316,15.000000,971,0,2
4466,200316,20.000000,971,0,3
4467,200316,25.000000,971,0,4
4468,200316,30.000000,971,0,5
4469,200315,16.000000,972,0,0
4470,200315,32.000000,972,0,1
4471,200315,48.000000,972,0,2
4472,200315,64.000000,972,0,3
4473,200315,80.000000,972,0,4
4474,200315,96.000000,972,0,5
4475,200311,0.000000,973,0,0
4481,200302,0.000000,974,0,0
4482,200302,-6.000000,974,0,1
4483,200302,-10.000000,974,0,2
4484,200302,-13.000000,974,0,3
4485,200302,-16.000000,974,0,4
4486,200302,-20.000000,974,0,5
4487,200298,0.000000,975,0,0
4488,200298,-10.000000,975,0,1
4489,200298,-15.000000,975,0,2
4490,200298,-20.000000,975,0,3
4491,200298,-25.000000,975,0,4
4492,200298,-30.000000,975,0,5
4493,200296,0.000000,976,0,0
4494,200296,6.000000,976,0,1
4495,200296,10.000000,976,0,2
4496,200296,13.000000,976,0,3
4497,200296,16.000000,976,0,4
4498,200296,20.000000,976,0,5
4499,200294,0.000000,977,0,0
4500,200294,6.000000,977,0,1
4501,200294,10.000000,977,0,2
4502,200294,13.000000,977,0,3
4503,200294,16.000000,977,0,4
4504,200294,20.000000,977,0,5
4506,200515,0.000000,958,0,0
4509,200851,0.000000,960,0,0
4510,200855,0.000000,961,0,0
4511,200854,0.000000,962,0,0
4512,200850,0.000000,979,0,0
4513,200875,0.000000,980,0,0
4514,200845,0.000000,981,0,0
4515,200872,0.000000,982,0,0
4517,205545,0.000000,984,0,0
4518,200871,0.000000,985,0,0
4519,200870,0.000000,986,0,0
4520,200863,0.000000,987,0,0
4521,200846,0.000000,988,0,0
4522,200846,6.000000,988,0,1
4523,200846,10.000000,988,0,2
4524,200846,13.000000,988,0,3
4525,200846,16.000000,988,0,4
4526,200846,20.000000,988,0,5
4527,216273,7.000000,989,0,0
4533,200849,5.000000,990,0,0
4534,200849,10.000000,990,0,1
4535,200849,15.000000,990,0,2
4536,200849,20.000000,990,0,3
4537,200849,25.000000,990,0,4
4538,200849,30.000000,990,0,5
4539,200853,0.000000,991,0,0
4540,200853,6.000000,991,0,1
4541,200853,9.000000,991,0,2
4542,200853,12.000000,991,0,3
4543,200853,15.000000,991,0,4
4544,200853,18.000000,991,0,5
4545,200856,0.000000,992,0,0
4546,200856,100.000000,992,0,1
4547,200856,150.000000,992,0,2
4548,200856,200.000000,992,0,3
4549,200856,250.000000,992,0,4
4550,200856,300.000000,992,0,5
4551,200857,2.000000,993,0,0
4552,200857,4.000000,993,0,1
4553,200857,6.000000,993,0,2
4554,200857,8.000000,993,0,3
4555,200857,10.000000,993,0,4
4556,200857,12.000000,993,0,5
4557,200859,0.000000,994,0,0
4558,200859,2.000000,994,0,1
4559,200859,3.000000,994,0,2
4560,200859,4.000000,994,0,3
4561,200859,5.000000,994,0,4
4562,200859,6.000000,994,0,5
4563,200860,5.000000,995,0,0
4564,200860,10.000000,995,0,1
4565,200860,15.000000,995,0,2
4566,200860,20.000000,995,0,3
4567,200860,25.000000,995,0,4
4568,200860,30.000000,995,0,5
4569,200861,1.000000,996,0,0
4570,200861,2.000000,996,0,1
4571,200861,3.000000,996,0,2
4572,200861,4.000000,996,0,3
4573,200861,5.000000,996,0,4
4574,200861,6.000000,996,0,5
4576,214996,0.000000,959,0,0
4577,147709,0.000000,997,0,0
4578,201454,0.000000,1000,0,0
4579,201454,20.000000,1000,0,1
4580,201454,30.000000,1000,0,2
4581,201454,40.000000,1000,0,3
4582,201454,50.000000,1000,0,4
4583,201454,60.000000,1000,0,5
4584,201455,6.000000,1001,0,0
4585,201455,12.000000,1001,0,1
4586,201455,18.000000,1001,0,2
4587,201455,24.000000,1001,0,3
4588,201455,30.000000,1001,0,4
4589,201455,36.000000,1001,0,5
4590,201456,6.000000,1002,0,0
4591,201456,12.000000,1002,0,1
4592,201456,18.000000,1002,0,2
4593,201456,24.000000,1002,0,3
4594,201456,30.000000,1002,0,4
4595,201456,36.000000,1002,0,5
4596,201457,5.000000,1003,0,0
4597,201457,10.000000,1003,0,1
4598,201457,15.000000,1003,0,2
4599,201457,20.000000,1003,0,3
4600,201457,25.000000,1003,0,4
4601,201457,30.000000,1003,0,5
4602,201458,6.000000,1004,0,0
4603,201458,12.000000,1004,0,1
4604,201458,18.000000,1004,0,2
4605,201458,24.000000,1004,0,3
4606,201458,30.000000,1004,0,4
4607,201458,36.000000,1004,0,5
4608,201459,0.000000,1005,0,0
4609,201459,-8.000000,1005,0,1
4610,201459,-12.000000,1005,0,2
4611,201459,-16.000000,1005,0,3
4612,201459,-20.000000,1005,0,4
4613,201459,-24.000000,1005,0,5
4614,201460,0.000000,1006,0,0
4615,201460,-40000.000000,1006,0,1
4616,201460,-60000.000000,1006,0,2
4617,201460,-80000.000000,1006,0,3
4618,201460,-100000.000000,1006,0,4
4619,201460,-120000.000000,1006,0,5
4620,201463,0.000000,1007,0,0
4621,201463,10.000000,1007,0,1
4622,201463,15.000000,1007,0,2
4623,201463,20.000000,1007,0,3
4624,201463,25.000000,1007,0,4
4625,201463,30.000000,1007,0,5
4626,201464,0.000000,1008,0,0
4627,201464,20.000000,1008,0,1
4628,201464,30.000000,1008,0,2
4629,201464,40.000000,1008,0,3
4630,201464,50.000000,1008,0,4
4631,201464,60.000000,1008,0,5
4633,201467,0.000000,1010,0,0
4634,201468,0.000000,1011,0,0
4635,201469,0.000000,1012,0,0
4636,201470,0.000000,1013,0,0
4637,201471,0.000000,1014,0,0
4638,201472,0.000000,1015,0,0
4639,201473,0.000000,1016,0,0
4640,216698,0.000000,999,0,0
4641,208762,3.000000,955,0,0
4646,201891,0.000000,1021,0,0
4647,201880,0.000000,1022,0,0
4648,201881,0.000000,1023,0,0
4649,201882,0.000000,1024,0,0
4650,201883,0.000000,1025,0,0
4651,201884,0.000000,1026,0,0
4652,201887,0.000000,1027,0,0
4653,201921,0.000000,1022,0,1
4654,201927,0.000000,1022,0,2
4655,201922,0.000000,1023,0,1
4656,201928,0.000000,1023,0,2
4657,201923,0.000000,1024,0,1
4658,201929,0.000000,1024,0,2
4659,201924,0.000000,1025,0,1
4660,201930,0.000000,1025,0,2
4661,201925,0.000000,1026,0,1
4662,201931,0.000000,1026,0,2
4663,201926,0.000000,1027,0,1
4664,201932,0.000000,1027,0,2
4665,201943,0.000000,1028,0,0
4666,201944,0.000000,1029,0,0
4667,201945,0.000000,1030,0,0
4668,201946,0.000000,1031,0,0
4669,201948,0.000000,1032,0,0
4670,201952,0.000000,1033,0,0
4671,202302,25.000000,1034,0,0
4672,202302,50.000000,1034,0,1
4673,202302,75.000000,1034,0,2
4674,202302,100.000000,1034,0,3
4675,202302,125.000000,1034,0,4
4676,202302,150.000000,1034,0,5
4677,202384,5.000000,1036,0,0
4678,202384,10.000000,1036,0,1
4679,202384,15.000000,1036,0,2
4680,202384,20.000000,1036,0,3
4681,202384,25.000000,1036,0,4
4682,202384,30.000000,1036,0,5
4683,202386,7.000000,1037,0,0
4684,202386,14.000000,1037,0,1
4685,202386,21.000000,1037,0,2
4686,202386,28.000000,1037,0,3
4687,202386,35.000000,1037,0,4
4688,202386,42.000000,1037,0,5
4689,202426,5.000000,1038,0,0
4690,202426,10.000000,1038,0,1
4691,202426,15.000000,1038,0,2
4692,202426,20.000000,1038,0,3
4693,202426,25.000000,1038,0,4
4694,202426,30.000000,1038,0,5
4695,202433,6.000000,1039,0,0
4696,202433,12.000000,1039,0,1
4697,202433,18.000000,1039,0,2
4698,202433,24.000000,1039,0,3
4699,202433,30.000000,1039,0,4
4700,202433,36.000000,1039,0,5
4701,202445,10.000000,1040,0,0
4702,202445,20.000000,1040,0,1
4703,202445,30.000000,1040,0,2
4704,202445,40.000000,1040,0,3
4705,202445,50.000000,1040,0,4
4706,202445,60.000000,1040,0,5
4707,202464,3.000000,1042,0,0
4708,202464,6.000000,1042,0,1
4709,202464,10.000000,1042,0,2
4710,202464,13.000000,1042,0,3
4711,202464,16.000000,1042,0,4
4712,202464,20.000000,1042,0,5
4713,202466,7.000000,1041,0,0
4714,202466,14.000000,1041,0,1
4715,202466,21.000000,1041,0,2
4716,202466,28.000000,1041,0,3
4717,202466,35.000000,1041,0,4
4718,202466,42.000000,1041,0,5
4719,202767,0.000000,1049,0,0
4722,202665,0.000000,1052,0,0
4723,202897,0.000000,1053,0,0
4724,202820,0.000000,1054,0,0
4725,202769,0.000000,1055,0,0
4726,202755,0.000000,1056,0,0
4727,202753,0.000000,1057,0,0
4728,202628,0.000000,1058,0,0
4729,216230,6.000000,1059,0,0
4735,202507,0.000000,1060,0,0
4736,202507,6.000000,1060,0,1
4737,202507,10.000000,1060,0,2
4738,202507,13.000000,1060,0,3
4739,202507,16.000000,1060,0,4
4740,202507,20.000000,1060,0,5
4741,202514,6.000000,1061,0,0
4742,202514,12.000000,1061,0,1
4743,202514,18.000000,1061,0,2
4744,202514,24.000000,1061,0,3
4745,202514,30.000000,1061,0,4
4746,202514,36.000000,1061,0,5
4747,202521,10.000000,1062,0,0
4748,202521,20.000000,1062,0,1
4749,202521,30.000000,1062,0,2
4750,202521,40.000000,1062,0,3
4751,202521,50.000000,1062,0,4
4752,202521,60.000000,1062,0,5
4753,202522,6.000000,1063,0,0
4754,202522,12.000000,1063,0,1
4755,202522,18.000000,1063,0,2
4756,202522,24.000000,1063,0,3
4757,202522,30.000000,1063,0,4
4758,202522,36.000000,1063,0,5
4759,202524,-3.000000,1064,0,0
4760,202524,-6.000000,1064,0,1
4761,202524,-9.000000,1064,0,2
4762,202524,-12.000000,1064,0,3
4763,202524,-15.000000,1064,0,4
4764,202524,-18.000000,1064,0,5
4765,202530,0.000000,1065,0,0
4766,202530,2.000000,1065,0,1
4767,202530,3.000000,1065,0,2
4768,202530,4.000000,1065,0,3
4769,202530,5.000000,1065,0,4
4770,202530,6.000000,1065,0,5
4771,202533,0.000000,1066,0,0
4772,202533,4.000000,1066,0,1
4773,202533,6.000000,1066,0,2
4774,202533,8.000000,1066,0,3
4775,202533,10.000000,1066,0,4
4776,202533,12.000000,1066,0,5
4777,202907,-10000.000000,1067,0,0
4778,202907,-18000.000000,1067,0,1
4779,202907,-25000.000000,1067,0,2
4780,202907,-31000.000000,1067,0,3
4781,202907,-37000.000000,1067,0,4
4782,202907,-42000.000000,1067,0,5
4783,202918,0.000000,1044,0,0
4784,202890,0.000000,1043,0,0
4785,213682,0.000000,1045,0,0
4786,203018,5.000000,1035,0,0
4787,202996,0.000000,1047,0,0
4788,202940,0.000000,1046,0,0
4789,214508,0.000000,1048,0,0
4790,203415,0.000000,1068,0,0
4792,203566,3.000000,1070,0,0
4793,203577,3.000000,1071,0,0
4794,203578,3.000000,1072,0,0
4795,203227,200.000000,101,0,1
4796,203227,300.000000,101,0,2
4797,203227,400.000000,101,0,3
4798,203227,500.000000,101,0,4
4799,203227,600.000000,101,0,5
4800,203638,5.000000,1073,0,0
4801,203230,-4000.000000,99,0,1
4802,203230,-6000.000000,99,0,2
4803,203230,-8000.000000,99,0,3
4804,203230,-10000.000000,99,0,4
4805,203230,-12000.000000,99,0,5
4806,203225,4.000000,100,0,1
4807,203225,6.000000,100,0,2
4808,203225,8.000000,100,0,3
4809,203225,10.000000,100,0,4
4810,203225,12.000000,100,0,5
4811,203669,5.000000,1074,0,0
4812,203670,3.000000,1075,0,0
4813,203673,3.000000,1076,0,0
4814,224764,10.000000,1077,0,0
4815,203749,5.000000,1078,0,0
4816,225092,0.000000,1079,0,0
4817,203752,0.000000,1080,0,0
4818,203754,0.000000,1081,0,0
4819,203755,0.000000,1082,0,0
4820,203563,0.000000,1083,0,0
4821,203757,0.000000,1084,0,0
4823,204875,3.000000,1090,0,0
4824,204875,6.000000,1090,0,1
4825,204875,10.000000,1090,0,2
4826,204875,13.000000,1090,0,3
4827,204875,16.000000,1090,0,4
4828,204875,20.000000,1090,0,5
4829,189184,0.000000,1092,0,0
4830,205209,0.000000,1091,0,0
4832,195267,0.000000,1094,0,0
4833,195267,4.000000,1094,0,1
4834,195267,6.000000,1094,0,2
4835,195267,8.000000,1094,0,3
4836,195267,10.000000,1094,0,4
4837,195267,12.000000,1094,0,5
4838,203673,6.000000,1076,0,1
4839,203673,10.000000,1076,0,2
4840,203566,6.000000,1070,0,1
4841,203566,10.000000,1070,0,2
4842,203566,13.000000,1070,0,3
4843,203566,16.000000,1070,0,4
4844,203566,20.000000,1070,0,5
4845,203577,6.000000,1071,0,1
4846,203577,10.000000,1071,0,2
4847,203577,13.000000,1071,0,3
4848,203577,16.000000,1071,0,4
4849,203577,20.000000,1071,0,5
4850,203578,6.000000,1072,0,1
4851,203578,10.000000,1072,0,2
4852,203578,13.000000,1072,0,3
4853,203578,16.000000,1072,0,4
4854,203578,20.000000,1072,0,5
4855,203638,10.000000,1073,0,1
4856,203638,15.000000,1073,0,2
4857,203638,20.000000,1073,0,3
4858,203638,25.000000,1073,0,4
4859,203638,30.000000,1073,0,5
4860,203670,6.000000,1075,0,1
4861,203670,10.000000,1075,0,2
4862,203670,13.000000,1075,0,3
4863,203670,16.000000,1075,0,4
4864,203670,20.000000,1075,0,5
4865,203673,13.000000,1076,0,3
4866,203673,16.000000,1076,0,4
4867,203673,20.000000,1076,0,5
4868,224764,20.000000,1077,0,1
4869,224764,30.000000,1077,0,2
4870,224764,40.000000,1077,0,3
4871,224764,50.000000,1077,0,4
4872,224764,60.000000,1077,0,5
4873,203749,10.000000,1078,0,1
4874,203749,15.000000,1078,0,2
4875,203749,20.000000,1078,0,3
4876,203749,25.000000,1078,0,4
4877,203749,30.000000,1078,0,5
4878,195291,20.000000,825,0,3
4879,195291,25.000000,825,0,4
4880,195291,30.000000,825,0,5
4881,195266,50.000000,822,0,4
4882,206910,0.000000,1095,0,0
4883,206910,4.000000,1095,0,1
4884,206910,6.000000,1095,0,2
4885,206910,8.000000,1095,0,3
4886,206910,10.000000,1095,0,4
4887,206910,12.000000,1095,0,5
4888,207407,0.000000,1096,0,0
4889,212894,0.000000,1097,0,0
4890,207387,0.000000,1098,0,0
4891,207343,0.000000,1099,0,0
4892,207343,2.000000,1099,0,1
4893,207343,3.000000,1099,0,2
4894,207343,4.000000,1099,0,3
4895,207343,5.000000,1099,0,4
4896,207343,6.000000,1099,0,5
4897,207347,3.000000,1100,0,0
4898,207347,6.000000,1100,0,1
4899,207347,9.000000,1100,0,2
4900,207347,12.000000,1100,0,3
4901,207347,15.000000,1100,0,4
4902,207347,18.000000,1100,0,5
4903,207352,3.000000,1101,0,0
4904,207352,6.000000,1101,0,1
4905,207352,9.000000,1101,0,2
4906,207352,12.000000,1101,0,3
4907,207352,15.000000,1101,0,4
4908,207352,18.000000,1101,0,5
4909,207778,0.000000,1102,0,0
4910,207088,10.000000,1103,0,0
4911,207092,5.000000,1104,0,0
4912,207118,5.000000,1105,0,0
4913,207206,-9.090000,1106,0,0
4914,207255,2.000000,1107,0,0
4915,207285,-5.000000,1108,0,0
4916,207348,3.000000,1109,0,0
4917,207351,1.000000,1110,0,0
4918,207354,-3.000000,1111,0,0
4919,207358,0.000000,1115,0,0
4920,207360,0.000000,1116,0,0
4921,207362,0.000000,1117,0,0
4922,207355,0.000000,1112,0,0
4923,207356,0.000000,1113,0,0
4924,207357,0.000000,1114,0,0
4925,207088,20.000000,1103,0,1
4926,207088,30.000000,1103,0,2
4927,207092,10.000000,1104,0,1
4928,207092,15.000000,1104,0,2
4931,207206,-16.667000,1106,0,1
4932,207206,-23.070000,1106,0,2
4933,207255,4.000000,1107,0,1
4934,207255,6.000000,1107,0,2
4935,207285,-10.000000,1108,0,1
4936,207285,-15.000000,1108,0,2
4937,207348,6.000000,1109,0,1
4938,207348,10.000000,1109,0,2
4939,207351,2.000000,1110,0,1
4940,207351,3.000000,1110,0,2
4941,207354,-6.000000,1111,0,1
4942,207354,-10.000000,1111,0,2
4943,207604,5.000000,1118,0,0
4944,207604,5.500000,1118,0,1
4945,207604,6.000000,1118,0,2
4946,207604,6.500000,1118,0,3
4947,207604,7.000000,1118,0,4
4948,207604,7.500000,1118,0,5
4949,207604,8.000000,1118,0,6
4950,207604,8.500000,1118,0,7
4951,207604,9.000000,1118,0,8
4952,207604,9.500000,1118,0,9
4953,208598,2000.000000,1119,0,0
4954,208598,4000.000000,1119,0,1
4955,208598,6000.000000,1119,0,2
4956,208598,8000.000000,1119,0,3
4957,208598,10000.000000,1119,0,4
4958,208598,12000.000000,1119,0,5
4959,203018,10.000000,1035,0,1
4960,203018,15.000000,1035,0,2
4961,203018,20.000000,1035,0,3
4962,203018,25.000000,1035,0,4
4963,203018,30.000000,1035,0,5
4964,203669,10.000000,1074,0,1
4965,203669,15.000000,1074,0,2
4966,203669,20.000000,1074,0,3
4967,203669,25.000000,1074,0,4
4968,203669,30.000000,1074,0,5
4969,208762,6.000000,955,0,1
4970,208762,9.000000,955,0,2
4971,208762,12.000000,955,0,3
4972,208762,15.000000,955,0,4
4973,208762,18.000000,955,0,5
4974,208793,0.000000,277,0,3
4975,208794,0.000000,277,0,4
4976,208795,0.000000,277,0,5
4977,209202,0.000000,1120,0,0
4978,209229,5.000000,1121,0,0
4979,209229,10.000000,1121,0,1
4980,209229,15.000000,1121,0,2
4981,209229,20.000000,1121,0,3
4982,209229,25.000000,1121,0,4
4983,209229,30.000000,1121,0,5
4984,209217,3.000000,1122,0,0
4985,209217,6.000000,1122,0,1
4986,209217,9.000000,1122,0,2
4987,209217,12.000000,1122,0,3
4988,209217,15.000000,1122,0,4
4989,209217,18.000000,1122,0,5
4990,209220,-10000.000000,1123,0,0
4996,209226,0.000000,1124,0,0
4997,209223,6.000000,1125,0,0
4998,209218,1000.000000,1126,0,0
4999,209216,2.000000,1127,0,0
5000,209224,1.000000,1128,0,0
5002,209341,0.000000,1130,0,0
5003,209285,0.000000,1131,0,0
5004,209376,0.000000,1132,0,0
5005,209389,0.000000,1133,0,0
5006,209539,0.000000,1134,0,0
5007,209474,0.000000,1135,0,0
5008,209220,-20000.000000,1123,0,1
5009,209220,-30000.000000,1123,0,2
5010,209220,-40000.000000,1123,0,3
5011,209220,-50000.000000,1123,0,4
5012,209220,-60000.000000,1123,0,5
5013,213570,0.000000,1124,0,1
5014,213571,0.000000,1124,0,2
5015,213572,0.000000,1124,0,3
5016,213573,0.000000,1124,0,4
5017,213574,0.000000,1124,0,5
5018,209223,12.000000,1125,0,1
5019,209223,18.000000,1125,0,2
5020,209223,24.000000,1125,0,3
5021,209223,30.000000,1125,0,4
5022,209223,36.000000,1125,0,5
5023,209218,2000.000000,1126,0,1
5024,209218,3000.000000,1126,0,2
5025,209218,4000.000000,1126,0,3
5026,209218,5000.000000,1126,0,4
5027,209218,6000.000000,1126,0,5
5028,209216,4.000000,1127,0,1
5029,209216,6.000000,1127,0,2
5030,209216,8.000000,1127,0,3
5031,209216,10.000000,1127,0,4
5032,209216,12.000000,1127,0,5
5033,209224,2.000000,1128,0,1
5034,209224,3.000000,1128,0,2
5035,209224,4.000000,1128,0,3
5036,209224,5.000000,1128,0,4
5037,209224,6.000000,1128,0,5
5043,209577,0.000000,1136,0,0
5044,209574,0.000000,1137,0,0
5045,209573,0.000000,1138,0,0
5046,209566,0.000000,1139,0,0
5047,209559,0.000000,1140,0,0
5048,209554,0.000000,1141,0,0
5049,209548,0.000000,1142,0,0
5050,209459,0.000000,1143,0,0
5051,209462,0.000000,1144,0,0
5052,209472,0.000000,1145,0,0
5053,216274,0.000000,1146,0,0
5054,209481,0.000000,1147,0,0
5055,209483,0.000000,1148,0,0
5056,209492,0.000000,1149,0,0
5057,209494,4.000000,1150,0,0
5058,209541,0.000000,1151,0,0
5059,209459,200.000000,1143,0,1
5060,209459,300.000000,1143,0,2
5061,209459,400.000000,1143,0,3
5062,209459,500.000000,1143,0,4
5063,209459,600.000000,1143,0,5
5064,209462,4.000000,1144,0,1
5065,209462,6.000000,1144,0,2
5066,209462,8.000000,1144,0,3
5067,209462,10.000000,1144,0,4
5068,209462,12.000000,1144,0,5
5069,209472,10.000000,1145,0,1
5070,209472,15.000000,1145,0,2
5071,209472,20.000000,1145,0,3
5072,209472,25.000000,1145,0,4
5073,209472,30.000000,1145,0,5
5079,209481,10.000000,1147,0,1
5080,209481,15.000000,1147,0,2
5081,209481,20.000000,1147,0,3
5082,209481,25.000000,1147,0,4
5083,209481,30.000000,1147,0,5
5084,209483,20.000000,1148,0,1
5085,209483,30.000000,1148,0,2
5086,209483,40.000000,1148,0,3
5087,209483,50.000000,1148,0,4
5088,209483,60.000000,1148,0,5
5089,209492,-30.000000,1149,0,1
5090,209492,-45.000000,1149,0,2
5091,209492,-60.000000,1149,0,3
5092,209492,-75.000000,1149,0,4
5093,209492,-90.000000,1149,0,5
5094,209494,8.000000,1150,0,1
5095,209494,12.000000,1150,0,2
5096,209494,16.000000,1150,0,3
5097,209494,20.000000,1150,0,4
5098,209494,24.000000,1150,0,5
5099,209541,6.000000,1151,0,1
5100,209541,9.000000,1151,0,2
5101,209541,12.000000,1151,0,3
5102,209541,15.000000,1151,0,4
5103,209541,18.000000,1151,0,5
5104,207088,40.000000,1103,0,3
5105,207088,50.000000,1103,0,4
5106,207088,60.000000,1103,0,5
5107,207092,20.000000,1104,0,3
5108,207092,25.000000,1104,0,4
5109,207092,30.000000,1104,0,5
5110,210029,10.000000,1105,0,1
5111,210030,15.000000,1105,0,2
5112,210031,20.000000,1105,0,3
5113,210032,25.000000,1105,0,4
5114,210033,30.000000,1105,0,5
5115,207206,-28.570999,1106,0,3
5116,207206,-33.333000,1106,0,4
5117,207206,-37.500000,1106,0,5
5118,207255,8.000000,1107,0,3
5119,207255,10.000000,1107,0,4
5120,207255,12.000000,1107,0,5
5121,207285,-20.000000,1108,0,3
5122,207285,-25.000000,1108,0,4
5123,207285,-30.000000,1108,0,5
5124,207348,13.000000,1109,0,3
5125,207348,16.000000,1109,0,4
5126,207348,20.000000,1109,0,5
5127,207351,4.000000,1110,0,3
5128,207351,5.000000,1110,0,4
5129,207351,6.000000,1110,0,5
5130,207354,-13.000000,1111,0,3
5131,207354,-16.000000,1111,0,4
5132,207354,-20.000000,1111,0,5
5133,210125,7.500000,1152,0,0
5134,215773,0.000000,762,0,0
5135,210182,5.000000,753,0,0
5136,210182,10.000000,753,0,1
5137,210182,15.000000,753,0,2
5138,210182,20.000000,753,0,3
5139,210182,25.000000,753,0,4
5140,210182,30.000000,753,0,5
5141,210722,0.000000,1153,0,0
5142,210716,66.000000,84,0,1
5143,210716,100.000000,84,0,2
5144,210716,133.000000,84,0,3
5145,210716,166.000000,84,0,4
5146,210716,200.000000,84,0,5
5147,210702,0.000000,1154,0,0
5148,210676,0.000000,1155,0,0
5149,210666,0.000000,1156,0,0
5150,210663,0.000000,1157,0,0
5151,210650,0.000000,1158,0,0
5152,210638,0.000000,1159,0,0
5153,210557,0.000000,1160,0,0
5154,210557,2000.000000,1160,0,1
5155,210557,3000.000000,1160,0,2
5156,210557,4000.000000,1160,0,3
5157,210557,5000.000000,1160,0,4
5158,210557,6000.000000,1160,0,5
5159,210570,7.000000,1161,0,0
5160,210570,14.000000,1161,0,1
5161,210570,21.000000,1161,0,2
5162,210570,28.000000,1161,0,3
5163,210570,35.000000,1161,0,4
5164,210570,42.000000,1161,0,5
5165,210571,0.000000,1162,0,0
5166,210571,10.000000,1162,0,1
5167,210571,15.000000,1162,0,2
5168,210571,20.000000,1162,0,3
5169,210571,25.000000,1162,0,4
5170,210571,30.000000,1162,0,5
5171,210575,7.000000,1163,0,0
5172,210575,14.000000,1163,0,1
5173,210575,21.000000,1163,0,2
5174,210575,28.000000,1163,0,3
5175,210575,35.000000,1163,0,4
5176,210575,42.000000,1163,0,5
5177,210579,0.000000,1164,0,0
5178,210579,10.000000,1164,0,1
5179,210579,15.000000,1164,0,2
5180,210579,20.000000,1164,0,3
5181,210579,25.000000,1164,0,4
5182,210579,30.000000,1164,0,5
5183,210590,0.000000,1165,0,0
5184,210590,30.000000,1165,0,1
5185,210590,45.000000,1165,0,2
5186,210590,60.000000,1165,0,3
5187,210590,75.000000,1165,0,4
5188,210590,90.000000,1165,0,5
5189,210593,7.000000,1166,0,0
5190,210593,14.000000,1166,0,1
5191,210593,21.000000,1166,0,2
5192,210593,28.000000,1166,0,3
5193,210593,35.000000,1166,0,4
5194,210593,42.000000,1166,0,5
5195,210631,0.000000,1167,0,0
5196,210631,10.000000,1167,0,1
5197,210631,15.000000,1167,0,2
5198,210631,20.000000,1167,0,3
5199,210631,25.000000,1167,0,4
5200,210631,30.000000,1167,0,5
5201,210637,7.000000,1168,0,0
5202,210637,14.000000,1168,0,1
5203,210637,21.000000,1168,0,2
5204,210637,28.000000,1168,0,3
5205,210637,35.000000,1168,0,4
5206,210637,42.000000,1168,0,5
5207,210730,0.000000,1169,0,0
5208,211714,0.000000,1170,0,0
5209,200482,0.000000,1186,0,0
5210,200482,10.000000,1186,0,1
5211,200482,15.000000,1186,0,2
5212,200482,20.000000,1186,0,3
5213,200482,25.000000,1186,0,4
5214,200482,30.000000,1186,0,5
5215,211309,0.000000,1187,0,0
5216,211309,0.000000,1188,0,0
5217,211309,0.000000,1189,0,0
5218,211309,0.000000,1190,0,0
5219,211309,0.000000,1191,0,0
5220,211309,0.000000,1192,0,0
5221,211309,0.000000,1193,0,0
5222,211309,0.000000,1194,0,0
5223,211309,0.000000,1195,0,0
5224,211309,0.000000,1196,0,0
5225,211309,0.000000,1197,0,0
5226,211309,0.000000,1198,0,0
5227,211309,0.000000,1199,0,0
5228,211309,0.000000,1200,0,0
5229,211309,0.000000,1201,0,0
5230,211309,0.000000,1202,0,0
5231,211309,0.000000,1203,0,0
5232,211309,0.000000,1204,0,0
5233,211309,0.000000,1205,0,0
5234,211309,0.000000,1206,0,0
5235,211309,0.000000,1207,0,0
5236,211309,0.000000,1208,0,0
5237,211309,0.000000,1209,0,0
5238,211309,0.000000,1210,0,0
5239,211309,0.000000,1211,0,0
5240,211309,0.000000,1212,0,0
5241,211309,0.000000,1213,0,0
5242,211309,0.000000,1214,0,0
5243,211309,0.000000,1215,0,0
5244,211309,0.000000,1216,0,0
5245,211309,0.000000,1217,0,0
5246,211309,0.000000,1218,0,0
5247,211309,0.000000,1219,0,0
5248,211309,0.000000,1220,0,0
5249,211309,0.000000,1221,0,0
5250,211309,0.000000,1222,0,0
5251,211219,0.000000,1183,0,0
5252,211720,0.000000,1184,0,0
5253,211530,0.000000,1185,0,0
5254,211158,0.000000,1180,0,0
5255,218567,0.000000,1181,0,0
5256,211108,2.000000,1171,0,0
5257,211108,4.000000,1171,0,1
5258,211108,6.000000,1171,0,2
5259,211108,8.000000,1171,0,3
5260,211108,10.000000,1171,0,4
5261,211108,12.000000,1171,0,5
5262,211144,10.000000,1178,0,0
5263,211144,20.000000,1178,0,1
5264,211144,30.000000,1178,0,2
5265,211144,40.000000,1178,0,3
5266,211144,50.000000,1178,0,4
5267,211144,60.000000,1178,0,5
5268,211131,-10000.000000,1179,0,0
5269,211131,-20000.000000,1179,0,1
5270,211131,-30000.000000,1179,0,2
5271,211131,-40000.000000,1179,0,3
5272,211131,-50000.000000,1179,0,4
5273,211131,-60000.000000,1179,0,5
5274,211099,5.000000,1177,0,0
5275,211099,10.000000,1177,0,1
5276,211099,15.000000,1177,0,2
5277,211099,20.000000,1177,0,3
5278,211099,25.000000,1177,0,4
5279,211099,30.000000,1177,0,5
5280,211119,10.000000,1176,0,0
5281,211119,20.000000,1176,0,1
5282,211119,30.000000,1176,0,2
5283,211119,40.000000,1176,0,3
5284,211119,50.000000,1176,0,4
5285,211119,60.000000,1176,0,5
5286,211105,5.000000,1175,0,0
5287,211105,10.000000,1175,0,1
5288,211105,15.000000,1175,0,2
5289,211105,20.000000,1175,0,3
5290,211105,25.000000,1175,0,4
5291,211105,30.000000,1175,0,5
5292,211123,5.000000,1174,0,0
5293,211123,10.000000,1174,0,1
5294,211123,15.000000,1174,0,2
5295,211123,20.000000,1174,0,3
5296,211123,25.000000,1174,0,4
5297,211123,30.000000,1174,0,5
5298,211106,10.000000,1173,0,0
5299,211106,20.000000,1173,0,1
5300,211106,30.000000,1173,0,2
5301,211106,40.000000,1173,0,3
5302,211106,50.000000,1173,0,4
5303,211106,60.000000,1173,0,5
5304,211126,10.000000,1172,0,0
5305,211126,20.000000,1172,0,1
5306,211126,30.000000,1172,0,2
5307,211126,40.000000,1172,0,3
5308,211126,50.000000,1172,0,4
5309,211126,60.000000,1172,0,5
5310,209225,0.000000,1129,0,0
5311,211912,0.000000,1129,0,1
5312,211913,0.000000,1129,0,2
5313,211914,0.000000,1129,0,3
5314,211915,0.000000,1129,0,4
5315,211916,0.000000,1129,0,5
5316,191512,0.000000,294,0,0
5317,191740,16.000000,301,0,1
5318,191740,24.000000,301,0,2
5319,191740,32.000000,301,0,3
5320,191740,40.000000,301,0,4
5321,191740,48.000000,301,0,5
5322,218572,0.000000,1182,0,0
5326,212829,0.000000,1228,0,0
5327,207375,0.000000,1229,0,0
5328,207375,10.000000,1229,0,1
5329,207375,15.000000,1229,0,2
5330,207375,20.000000,1229,0,3
5331,207375,25.000000,1229,0,4
5332,207375,30.000000,1229,0,5
5333,212816,0.000000,1230,0,0
5334,212816,10.000000,1230,0,1
5335,212816,15.000000,1230,0,2
5336,212816,20.000000,1230,0,3
5337,212816,25.000000,1230,0,4
5338,212816,30.000000,1230,0,5
5339,212817,0.000000,1231,0,0
5340,212817,20.000000,1231,0,1
5341,212817,30.000000,1231,0,2
5342,212817,40.000000,1231,0,3
5343,212817,50.000000,1231,0,4
5344,212817,60.000000,1231,0,5
5345,212819,1.000000,1232,0,0
5346,212819,2.000000,1232,0,1
5347,212819,3.000000,1232,0,2
5348,212819,4.000000,1232,0,3
5349,212819,5.000000,1232,0,4
5350,212819,6.000000,1232,0,5
5351,212821,3.000000,1233,0,0
5352,212821,6.000000,1233,0,1
5353,212821,9.000000,1233,0,2
5354,212821,12.000000,1233,0,3
5355,212821,15.000000,1233,0,4
5356,212821,18.000000,1233,0,5
5357,212827,0.000000,1234,0,0
5358,212827,10.000000,1234,0,1
5359,212827,15.000000,1234,0,2
5360,212827,20.000000,1234,0,3
5361,212827,25.000000,1234,0,4
5362,212827,30.000000,1234,0,5
5363,213010,0.000000,1235,0,0
5364,213017,0.000000,1236,0,0
5365,193108,0.000000,1237,0,0
5366,193058,0.000000,1238,0,0
5367,182234,0.000000,1239,0,0
5368,185086,0.000000,1240,0,0
5369,186788,0.000000,1241,0,0
5370,186945,0.000000,1242,0,0
5371,186945,5000.000000,1242,0,1
5372,186945,7500.000000,1242,0,2
5373,186945,10000.000000,1242,0,3
5374,186945,12500.000000,1242,0,4
5375,186945,15000.000000,1242,0,5
5376,186944,0.000000,1243,0,0
5377,186944,-20000.000000,1243,0,1
5378,186944,-30000.000000,1243,0,2
5379,186944,-40000.000000,1243,0,3
5380,186944,-50000.000000,1243,0,4
5381,186944,-60000.000000,1243,0,5
5382,185368,0.000000,1244,0,0
5383,185368,8.000000,1244,0,1
5384,185368,12.000000,1244,0,2
5385,185368,16.000000,1244,0,3
5386,185368,20.000000,1244,0,4
5387,185368,24.000000,1244,0,5
5388,186927,0.000000,1245,0,0
5389,186927,16.000000,1245,0,1
5390,186927,24.000000,1245,0,2
5391,186927,32.000000,1245,0,3
5392,186927,40.000000,1245,0,4
5393,186927,48.000000,1245,0,5
5394,186773,0.000000,1246,0,0
5395,184778,0.000000,1247,0,0
5396,184778,-10000.000000,1247,0,1
5397,184778,-15000.000000,1247,0,2
5398,184778,-20000.000000,1247,0,3
5399,184778,-25000.000000,1247,0,4
5400,184778,-30000.000000,1247,0,5
5401,186934,0.000000,1248,0,0
5402,186934,30.000000,1248,0,1
5403,186934,45.000000,1248,0,2
5404,186934,60.000000,1248,0,3
5405,186934,75.000000,1248,0,4
5406,186934,90.000000,1248,0,5
5407,184843,0.000000,1249,0,0
5408,184843,10.000000,1249,0,1
5409,184843,15.000000,1249,0,2
5410,184843,20.000000,1249,0,3
5411,184843,25.000000,1249,0,4
5412,184843,30.000000,1249,0,5
5413,184759,0.000000,1250,0,0
5414,184759,12.000000,1250,0,1
5415,184759,18.000000,1250,0,2
5416,184759,24.000000,1250,0,3
5417,184759,30.000000,1250,0,4
5418,184759,36.000000,1250,0,5
5419,186941,0.000000,1251,0,0
5420,186941,30.000000,1251,0,1
5421,186941,45.000000,1251,0,2
5422,186941,60.000000,1251,0,3
5423,186941,75.000000,1251,0,4
5424,186941,90.000000,1251,0,5
5425,205273,0.000000,1252,0,0
5426,179546,0.000000,1253,0,0
5427,213428,0.000000,1254,0,0
5428,213428,0.000000,1255,0,0
5429,213428,0.000000,1256,0,0
5430,213428,0.000000,1257,0,0
5431,213428,0.000000,1258,0,0
5499,214081,0.000000,1275,0,0
5500,194487,0.000000,758,0,0
5501,191582,28.000000,305,0,1
5502,191582,26.000000,305,0,2
5503,191582,24.000000,305,0,3
5504,191582,22.000000,305,0,4
5505,191582,20.000000,305,0,5
5506,196489,12.000000,838,0,1
5507,196489,18.000000,838,0,2
5508,196489,24.000000,838,0,3
5509,196489,30.000000,838,0,4
5510,196489,36.000000,838,0,5
5511,214368,0.000000,1276,0,0
5512,214326,0.000000,1277,0,0
5513,213051,3.000000,1278,0,0
5514,213051,6.000000,1278,0,1
5515,213051,9.000000,1278,0,2
5516,213051,12.000000,1278,0,3
5517,213051,15.000000,1278,0,4
5518,213051,18.000000,1278,0,5
5519,213049,0.000000,1279,0,0
5520,227683,0.000000,1279,0,1
5521,227684,0.000000,1279,0,2
5522,227685,0.000000,1279,0,3
5523,227686,0.000000,1279,0,4
5524,227687,0.000000,1279,0,5
5525,213180,5.000000,1280,0,0
5526,213180,10.000000,1280,0,1
5527,213180,15.000000,1280,0,2
5528,213180,20.000000,1280,0,3
5529,213180,25.000000,1280,0,4
5530,213180,30.000000,1280,0,5
5531,213062,0.000000,1281,0,0
5532,227688,0.000000,1281,0,1
5533,227689,0.000000,1281,0,2
5534,227690,0.000000,1281,0,3
5535,227691,0.000000,1281,0,4
5536,227692,0.000000,1281,0,5
5537,213055,2.000000,1282,0,0
5538,213055,4.000000,1282,0,1
5539,213055,6.000000,1282,0,2
5540,213055,8.000000,1282,0,3
5541,213055,10.000000,1282,0,4
5542,213055,12.000000,1282,0,5
5543,213133,1.000000,1283,0,0
5544,213133,2.000000,1283,0,1
5545,213133,3.000000,1283,0,2
5546,213133,4.000000,1283,0,3
5547,213133,5.000000,1283,0,4
5548,213133,6.000000,1283,0,5
5549,213136,1.000000,1284,0,0
5550,213136,2.000000,1284,0,1
5551,213136,3.000000,1284,0,2
5552,213136,4.000000,1284,0,3
5553,213136,5.000000,1284,0,4
5554,213136,6.000000,1284,0,5
5555,213047,500.000000,1285,0,0
5556,213047,1000.000000,1285,0,1
5557,213047,1500.000000,1285,0,2
5558,213047,2000.000000,1285,0,3
5559,213047,2500.000000,1285,0,4
5560,213047,3000.000000,1285,0,5
5561,213116,10.000000,1286,0,0
5562,213116,20.000000,1286,0,1
5563,213116,30.000000,1286,0,2
5564,213116,40.000000,1286,0,3
5565,213116,50.000000,1286,0,4
5566,213116,60.000000,1286,0,5
5567,213161,0.000000,1287,0,0
5568,213183,0.000000,1290,0,0
5569,213340,0.000000,1292,0,0
5570,214372,0.000000,1291,0,0
5571,216424,0.000000,1288,0,0
5572,213050,10.000000,1289,0,0
5573,199485,10.000000,946,0,1
5574,199485,15.000000,946,0,2
5575,199485,20.000000,946,0,3
5576,199485,25.000000,946,0,4
5577,199485,30.000000,946,0,5
5578,214428,0.000000,1293,0,0
5579,214514,0.000000,1294,0,0
5580,214516,0.000000,1295,0,0
5581,214629,0.000000,1296,0,0
5584,214664,0.000000,794,0,0
5613,214736,0.000000,1327,0,0
5614,214744,0.000000,1328,0,0
5615,195615,0.000000,797,0,0
5617,214795,0.000000,1330,0,0
5618,214776,0.000000,796,0,0
5619,221775,0.000000,1331,0,0
5620,218931,0.000000,1332,0,0
5621,218280,0.000000,1333,0,0
5622,215061,0.000000,1334,0,0
5623,222644,0.000000,1335,0,0
5624,215779,0.000000,1336,0,0
5625,214826,0.000000,1337,0,0
5626,221773,0.000000,1338,0,0
5627,187318,0.000000,1339,0,0
5628,221844,0.000000,1340,0,0
5629,195265,0.000000,1341,0,0
5630,222648,0.000000,1342,0,0
5631,221841,0.000000,1343,0,0
5633,216122,0.000000,1345,0,0
5634,222646,0.000000,1346,0,0
5635,215322,0.000000,1347,0,0
5636,202463,0.000000,1348,0,0
5637,221856,0.000000,1349,0,0
5638,215414,0.000000,1350,0,0
5639,198228,0.000000,1351,0,0
5640,224841,0.000000,1352,0,0
5641,221862,0.000000,1353,0,0
5642,221882,0.000000,1354,0,0
5643,215183,0.000000,1355,0,0
5644,209480,0.000000,1356,0,0
5645,200847,0.000000,1357,0,0
5646,188647,0.000000,1358,0,0
5647,207604,10.000000,1118,0,10
5648,207604,10.500000,1118,0,11
5649,207604,11.000000,1118,0,12
5650,207604,11.500000,1118,0,13
5651,207604,12.000000,1118,0,14
5652,207604,12.500000,1118,0,15
5653,207604,13.000000,1118,0,16
5654,207604,13.500000,1118,0,17
5655,207604,14.000000,1118,0,18
5656,207604,14.500000,1118,0,19
5657,214903,10.000000,1359,0,0
5658,214903,11.000000,1359,0,1
5659,214903,12.000000,1359,0,2
5660,214903,13.000000,1359,0,3
5661,214903,14.000000,1359,0,4
5662,214903,15.000000,1359,0,5
5663,214903,16.000000,1359,0,6
5664,214903,17.000000,1359,0,7
5665,214903,18.000000,1359,0,8
5666,214903,19.000000,1359,0,9
5667,214903,20.000000,1359,0,10
5668,214903,21.000000,1359,0,11
5669,214903,22.000000,1359,0,12
5670,214903,23.000000,1359,0,13
5671,214903,24.000000,1359,0,14
5672,214903,25.000000,1359,0,15
5673,214903,26.000000,1359,0,16
5674,214903,27.000000,1359,0,17
5675,214903,28.000000,1359,0,18
5676,214903,29.000000,1359,0,19
5677,214904,5.000000,1360,0,0
5678,214904,5.500000,1360,0,1
5679,214904,6.000000,1360,0,2
5680,214904,6.500000,1360,0,3
5681,214904,7.000000,1360,0,4
5682,214904,7.500000,1360,0,5
5683,214904,8.000000,1360,0,6
5684,214904,8.500000,1360,0,7
5685,214904,9.000000,1360,0,8
5686,214904,9.500000,1360,0,9
5687,214904,10.000000,1360,0,10
5688,214904,10.500000,1360,0,11
5689,214904,11.000000,1360,0,12
5690,214904,11.500000,1360,0,13
5691,214904,12.000000,1360,0,14
5692,214904,12.500000,1360,0,15
5693,214904,13.000000,1360,0,16
5694,214904,13.500000,1360,0,17
5695,214904,14.000000,1360,0,18
5696,214904,14.500000,1360,0,19
5697,214906,5.000000,1361,0,0
5698,214906,5.500000,1361,0,1
5699,214906,6.000000,1361,0,2
5700,214906,6.500000,1361,0,3
5701,214906,7.000000,1361,0,4
5702,214906,7.500000,1361,0,5
5703,214906,8.000000,1361,0,6
5704,214906,8.500000,1361,0,7
5705,214906,9.000000,1361,0,8
5706,214906,9.500000,1361,0,9
5707,214906,10.000000,1361,0,10
5708,214906,10.500000,1361,0,11
5709,214906,11.000000,1361,0,12
5710,214906,11.500000,1361,0,13
5711,214906,12.000000,1361,0,14
5712,214906,12.500000,1361,0,15
5713,214906,13.000000,1361,0,16
5714,214906,13.500000,1361,0,17
5715,214906,14.000000,1361,0,18
5716,214906,14.500000,1361,0,19
5717,214907,5.000000,1362,0,0
5718,214907,5.500000,1362,0,1
5719,214907,6.000000,1362,0,2
5720,214907,6.500000,1362,0,3
5721,214907,7.000000,1362,0,4
5722,214907,7.500000,1362,0,5
5723,214907,8.000000,1362,0,6
5724,214907,8.500000,1362,0,7
5725,214907,9.000000,1362,0,8
5726,214907,9.500000,1362,0,9
5727,214907,10.000000,1362,0,10
5728,214907,10.500000,1362,0,11
5729,214907,11.000000,1362,0,12
5730,214907,11.500000,1362,0,13
5731,214907,12.000000,1362,0,14
5732,214907,12.500000,1362,0,15
5733,214907,13.000000,1362,0,16
5734,214907,13.500000,1362,0,17
5735,214907,14.000000,1362,0,18
5736,214907,14.500000,1362,0,19
5737,214909,10.000000,1363,0,0
5738,214909,11.000000,1363,0,1
5739,214909,12.000000,1363,0,2
5740,214909,13.000000,1363,0,3
5741,214909,14.000000,1363,0,4
5742,214909,15.000000,1363,0,5
5743,214909,16.000000,1363,0,6
5744,214909,17.000000,1363,0,7
5745,214909,18.000000,1363,0,8
5746,214909,19.000000,1363,0,9
5747,214909,20.000000,1363,0,10
5748,214909,21.000000,1363,0,11
5749,214909,22.000000,1363,0,12
5750,214909,23.000000,1363,0,13
5751,214909,24.000000,1363,0,14
5752,214909,25.000000,1363,0,15
5753,214909,26.000000,1363,0,16
5754,214909,27.000000,1363,0,17
5755,214909,28.000000,1363,0,18
5756,214909,29.000000,1363,0,19
5757,214910,5.000000,1364,0,0
5758,214910,5.500000,1364,0,1
5759,214910,6.000000,1364,0,2
5760,214910,6.500000,1364,0,3
5761,214910,7.000000,1364,0,4
5762,214910,7.500000,1364,0,5
5763,214910,8.000000,1364,0,6
5764,214910,8.500000,1364,0,7
5765,214910,9.000000,1364,0,8
5766,214910,9.500000,1364,0,9
5767,214910,10.000000,1364,0,10
5768,214910,10.500000,1364,0,11
5769,214910,11.000000,1364,0,12
5770,214910,11.500000,1364,0,13
5771,214910,12.000000,1364,0,14
5772,214910,12.500000,1364,0,15
5773,214910,13.000000,1364,0,16
5774,214910,13.500000,1364,0,17
5775,214910,14.000000,1364,0,18
5776,214910,14.500000,1364,0,19
5777,214911,5.000000,1365,0,0
5778,214911,5.500000,1365,0,1
5779,214911,6.000000,1365,0,2
5780,214911,6.500000,1365,0,3
5781,214911,7.000000,1365,0,4
5782,214911,7.500000,1365,0,5
5783,214911,8.000000,1365,0,6
5784,214911,8.500000,1365,0,7
5785,214911,9.000000,1365,0,8
5786,214911,9.500000,1365,0,9
5787,214911,10.000000,1365,0,10
5788,214911,10.500000,1365,0,11
5789,214911,11.000000,1365,0,12
5790,214911,11.500000,1365,0,13
5791,214911,12.000000,1365,0,14
5792,214911,12.500000,1365,0,15
5793,214911,13.000000,1365,0,16
5794,214911,13.500000,1365,0,17
5795,214911,14.000000,1365,0,18
5796,214911,14.500000,1365,0,19
5797,214912,10.000000,1366,0,0
5798,214912,11.000000,1366,0,1
5799,214912,12.000000,1366,0,2
5800,214912,13.000000,1366,0,3
5801,214912,14.000000,1366,0,4
5802,214912,15.000000,1366,0,5
5803,214912,16.000000,1366,0,6
5804,214912,17.000000,1366,0,7
5805,214912,18.000000,1366,0,8
5806,214912,19.000000,1366,0,9
5807,214912,20.000000,1366,0,10
5808,214912,21.000000,1366,0,11
5809,214912,22.000000,1366,0,12
5810,214912,23.000000,1366,0,13
5811,214912,24.000000,1366,0,14
5812,214912,25.000000,1366,0,15
5813,214912,26.000000,1366,0,16
5814,214912,27.000000,1366,0,17
5815,214912,28.000000,1366,0,18
5816,214912,29.000000,1366,0,19
5817,214913,5.000000,1367,0,0
5818,214913,5.500000,1367,0,1
5819,214913,6.000000,1367,0,2
5820,214913,6.500000,1367,0,3
5821,214913,7.000000,1367,0,4
5822,214913,7.500000,1367,0,5
5823,214913,8.000000,1367,0,6
5824,214913,8.500000,1367,0,7
5825,214913,9.000000,1367,0,8
5826,214913,9.500000,1367,0,9
5827,214913,10.000000,1367,0,10
5828,214913,10.500000,1367,0,11
5829,214913,11.000000,1367,0,12
5830,214913,11.500000,1367,0,13
5831,214913,12.000000,1367,0,14
5832,214913,12.500000,1367,0,15
5833,214913,13.000000,1367,0,16
5834,214913,13.500000,1367,0,17
5835,214913,14.000000,1367,0,18
5836,214913,14.500000,1367,0,19
5837,214914,5.000000,1368,0,0
5838,214914,5.500000,1368,0,1
5839,214914,6.000000,1368,0,2
5840,214914,6.500000,1368,0,3
5841,214914,7.000000,1368,0,4
5842,214914,7.500000,1368,0,5
5843,214914,8.000000,1368,0,6
5844,214914,8.500000,1368,0,7
5845,214914,9.000000,1368,0,8
5846,214914,9.500000,1368,0,9
5847,214914,10.000000,1368,0,10
5848,214914,10.500000,1368,0,11
5849,214914,11.000000,1368,0,12
5850,214914,11.500000,1368,0,13
5851,214914,12.000000,1368,0,14
5852,214914,12.500000,1368,0,15
5853,214914,13.000000,1368,0,16
5854,214914,13.500000,1368,0,17
5855,214914,14.000000,1368,0,18
5856,214914,14.500000,1368,0,19
5857,214915,5.000000,1369,0,0
5858,214915,5.500000,1369,0,1
5859,214915,6.000000,1369,0,2
5860,214915,6.500000,1369,0,3
5861,214915,7.000000,1369,0,4
5862,214915,7.500000,1369,0,5
5863,214915,8.000000,1369,0,6
5864,214915,8.500000,1369,0,7
5865,214915,9.000000,1369,0,8
5866,214915,9.500000,1369,0,9
5867,214915,10.000000,1369,0,10
5868,214915,10.500000,1369,0,11
5869,214915,11.000000,1369,0,12
5870,214915,11.500000,1369,0,13
5871,214915,12.000000,1369,0,14
5872,214915,12.500000,1369,0,15
5873,214915,13.000000,1369,0,16
5874,214915,13.500000,1369,0,17
5875,214915,14.000000,1369,0,18
5876,214915,14.500000,1369,0,19
5877,214916,5.000000,1370,0,0
5878,214916,5.500000,1370,0,1
5879,214916,6.000000,1370,0,2
5880,214916,6.500000,1370,0,3
5881,214916,7.000000,1370,0,4
5882,214916,7.500000,1370,0,5
5883,214916,8.000000,1370,0,6
5884,214916,8.500000,1370,0,7
5885,214916,9.000000,1370,0,8
5886,214916,9.500000,1370,0,9
5887,214916,10.000000,1370,0,10
5888,214916,10.500000,1370,0,11
5889,214916,11.000000,1370,0,12
5890,214916,11.500000,1370,0,13
5891,214916,12.000000,1370,0,14
5892,214916,12.500000,1370,0,15
5893,214916,13.000000,1370,0,16
5894,214916,13.500000,1370,0,17
5895,214916,14.000000,1370,0,18
5896,214916,14.500000,1370,0,19
5897,214917,5.000000,1371,0,0
5898,214917,5.500000,1371,0,1
5899,214917,6.000000,1371,0,2
5900,214917,6.500000,1371,0,3
5901,214917,7.000000,1371,0,4
5902,214917,7.500000,1371,0,5
5903,214917,8.000000,1371,0,6
5904,214917,8.500000,1371,0,7
5905,214917,9.000000,1371,0,8
5906,214917,9.500000,1371,0,9
5907,214917,10.000000,1371,0,10
5908,214917,10.500000,1371,0,11
5909,214917,11.000000,1371,0,12
5910,214917,11.500000,1371,0,13
5911,214917,12.000000,1371,0,14
5912,214917,12.500000,1371,0,15
5913,214917,13.000000,1371,0,16
5914,214917,13.500000,1371,0,17
5915,214917,14.000000,1371,0,18
5916,214917,14.500000,1371,0,19
5917,214918,5.000000,1372,0,0
5918,214918,5.500000,1372,0,1
5919,214918,6.000000,1372,0,2
5920,214918,6.500000,1372,0,3
5921,214918,7.000000,1372,0,4
5922,214918,7.500000,1372,0,5
5923,214918,8.000000,1372,0,6
5924,214918,8.500000,1372,0,7
5925,214918,9.000000,1372,0,8
5926,214918,9.500000,1372,0,9
5927,214918,10.000000,1372,0,10
5928,214918,10.500000,1372,0,11
5929,214918,11.000000,1372,0,12
5930,214918,11.500000,1372,0,13
5931,214918,12.000000,1372,0,14
5932,214918,12.500000,1372,0,15
5933,214918,13.000000,1372,0,16
5934,214918,13.500000,1372,0,17
5935,214918,14.000000,1372,0,18
5936,214918,14.500000,1372,0,19
5937,214919,5.000000,1373,0,0
5938,214919,5.500000,1373,0,1
5939,214919,6.000000,1373,0,2
5940,214919,6.500000,1373,0,3
5941,214919,7.000000,1373,0,4
5942,214919,7.500000,1373,0,5
5943,214919,8.000000,1373,0,6
5944,214919,8.500000,1373,0,7
5945,214919,9.000000,1373,0,8
5946,214919,9.500000,1373,0,9
5947,214919,10.000000,1373,0,10
5948,214919,10.500000,1373,0,11
5949,214919,11.000000,1373,0,12
5950,214919,11.500000,1373,0,13
5951,214919,12.000000,1373,0,14
5952,214919,12.500000,1373,0,15
5953,214919,13.000000,1373,0,16
5954,214919,13.500000,1373,0,17
5955,214919,14.000000,1373,0,18
5956,214919,14.500000,1373,0,19
5957,214920,10.000000,1374,0,0
5958,214920,11.000000,1374,0,1
5959,214920,12.000000,1374,0,2
5960,214920,13.000000,1374,0,3
5961,214920,14.000000,1374,0,4
5962,214920,15.000000,1374,0,5
5963,214920,16.000000,1374,0,6
5964,214920,17.000000,1374,0,7
5965,214920,18.000000,1374,0,8
5966,214920,19.000000,1374,0,9
5967,214920,20.000000,1374,0,10
5968,214920,21.000000,1374,0,11
5969,214920,22.000000,1374,0,12
5970,214920,23.000000,1374,0,13
5971,214920,24.000000,1374,0,14
5972,214920,25.000000,1374,0,15
5973,214920,26.000000,1374,0,16
5974,214920,27.000000,1374,0,17
5975,214920,28.000000,1374,0,18
5976,214920,29.000000,1374,0,19
5977,214921,5.000000,1375,0,0
5978,214921,5.500000,1375,0,1
5979,214921,6.000000,1375,0,2
5980,214921,6.500000,1375,0,3
5981,214921,7.000000,1375,0,4
5982,214921,7.500000,1375,0,5
5983,214921,8.000000,1375,0,6
5984,214921,8.500000,1375,0,7
5985,214921,9.000000,1375,0,8
5986,214921,9.500000,1375,0,9
5987,214921,10.000000,1375,0,10
5988,214921,10.500000,1375,0,11
5989,214921,11.000000,1375,0,12
5990,214921,11.500000,1375,0,13
5991,214921,12.000000,1375,0,14
5992,214921,12.500000,1375,0,15
5993,214921,13.000000,1375,0,16
5994,214921,13.500000,1375,0,17
5995,214921,14.000000,1375,0,18
5996,214921,14.500000,1375,0,19
5997,214922,5.000000,1376,0,0
5998,214922,5.500000,1376,0,1
5999,214922,6.000000,1376,0,2
6000,214922,6.500000,1376,0,3
6001,214922,7.000000,1376,0,4
6002,214922,7.500000,1376,0,5
6003,214922,8.000000,1376,0,6
6004,214922,8.500000,1376,0,7
6005,214922,9.000000,1376,0,8
6006,214922,9.500000,1376,0,9
6007,214922,10.000000,1376,0,10
6008,214922,10.500000,1376,0,11
6009,214922,11.000000,1376,0,12
6010,214922,11.500000,1376,0,13
6011,214922,12.000000,1376,0,14
6012,214922,12.500000,1376,0,15
6013,214922,13.000000,1376,0,16
6014,214922,13.500000,1376,0,17
6015,214922,14.000000,1376,0,18
6016,214922,14.500000,1376,0,19
6017,214923,5.000000,1377,0,0
6018,214923,5.500000,1377,0,1
6019,214923,6.000000,1377,0,2
6020,214923,6.500000,1377,0,3
6021,214923,7.000000,1377,0,4
6022,214923,7.500000,1377,0,5
6023,214923,8.000000,1377,0,6
6024,214923,8.500000,1377,0,7
6025,214923,9.000000,1377,0,8
6026,214923,9.500000,1377,0,9
6027,214923,10.000000,1377,0,10
6028,214923,10.500000,1377,0,11
6029,214923,11.000000,1377,0,12
6030,214923,11.500000,1377,0,13
6031,214923,12.000000,1377,0,14
6032,214923,12.500000,1377,0,15
6033,214923,13.000000,1377,0,16
6034,214923,13.500000,1377,0,17
6035,214923,14.000000,1377,0,18
6036,214923,14.500000,1377,0,19
6037,214924,10.000000,1378,0,0
6038,214924,11.000000,1378,0,1
6039,214924,12.000000,1378,0,2
6040,214924,13.000000,1378,0,3
6041,214924,14.000000,1378,0,4
6042,214924,15.000000,1378,0,5
6043,214924,16.000000,1378,0,6
6044,214924,17.000000,1378,0,7
6045,214924,18.000000,1378,0,8
6046,214924,19.000000,1378,0,9
6047,214924,20.000000,1378,0,10
6048,214924,21.000000,1378,0,11
6049,214924,22.000000,1378,0,12
6050,214924,23.000000,1378,0,13
6051,214924,24.000000,1378,0,14
6052,214924,25.000000,1378,0,15
6053,214924,26.000000,1378,0,16
6054,214924,27.000000,1378,0,17
6055,214924,28.000000,1378,0,18
6056,214924,29.000000,1378,0,19
6057,214925,5.000000,1379,0,0
6058,214925,5.500000,1379,0,1
6059,214925,6.000000,1379,0,2
6060,214925,6.500000,1379,0,3
6061,214925,7.000000,1379,0,4
6062,214925,7.500000,1379,0,5
6063,214925,8.000000,1379,0,6
6064,214925,8.500000,1379,0,7
6065,214925,9.000000,1379,0,8
6066,214925,9.500000,1379,0,9
6067,214925,10.000000,1379,0,10
6068,214925,10.500000,1379,0,11
6069,214925,11.000000,1379,0,12
6070,214925,11.500000,1379,0,13
6071,214925,12.000000,1379,0,14
6072,214925,12.500000,1379,0,15
6073,214925,13.000000,1379,0,16
6074,214925,13.500000,1379,0,17
6075,214925,14.000000,1379,0,18
6076,214925,14.500000,1379,0,19
6077,214926,5.000000,1380,0,0
6078,214926,5.500000,1380,0,1
6079,214926,6.000000,1380,0,2
6080,214926,6.500000,1380,0,3
6081,214926,7.000000,1380,0,4
6082,214926,7.500000,1380,0,5
6083,214926,8.000000,1380,0,6
6084,214926,8.500000,1380,0,7
6085,214926,9.000000,1380,0,8
6086,214926,9.500000,1380,0,9
6087,214926,10.000000,1380,0,10
6088,214926,10.500000,1380,0,11
6089,214926,11.000000,1380,0,12
6090,214926,11.500000,1380,0,13
6091,214926,12.000000,1380,0,14
6092,214926,12.500000,1380,0,15
6093,214926,13.000000,1380,0,16
6094,214926,13.500000,1380,0,17
6095,214926,14.000000,1380,0,18
6096,214926,14.500000,1380,0,19
6097,214927,5.000000,1381,0,0
6098,214927,5.500000,1381,0,1
6099,214927,6.000000,1381,0,2
6100,214927,6.500000,1381,0,3
6101,214927,7.000000,1381,0,4
6102,214927,7.500000,1381,0,5
6103,214927,8.000000,1381,0,6
6104,214927,8.500000,1381,0,7
6105,214927,9.000000,1381,0,8
6106,214927,9.500000,1381,0,9
6107,214927,10.000000,1381,0,10
6108,214927,10.500000,1381,0,11
6109,214927,11.000000,1381,0,12
6110,214927,11.500000,1381,0,13
6111,214927,12.000000,1381,0,14
6112,214927,12.500000,1381,0,15
6113,214927,13.000000,1381,0,16
6114,214927,13.500000,1381,0,17
6115,214927,14.000000,1381,0,18
6116,214927,14.500000,1381,0,19
6157,214928,5.000000,1384,0,0
6158,214928,5.500000,1384,0,1
6159,214928,6.000000,1384,0,2
6160,214928,6.500000,1384,0,3
6161,214928,7.000000,1384,0,4
6162,214928,7.500000,1384,0,5
6163,214928,8.000000,1384,0,6
6164,214928,8.500000,1384,0,7
6165,214928,9.000000,1384,0,8
6166,214928,9.500000,1384,0,9
6167,214928,10.000000,1384,0,10
6168,214928,10.500000,1384,0,11
6169,214928,11.000000,1384,0,12
6170,214928,11.500000,1384,0,13
6171,214928,12.000000,1384,0,14
6172,214928,12.500000,1384,0,15
6173,214928,13.000000,1384,0,16
6174,214928,13.500000,1384,0,17
6175,214928,14.000000,1384,0,18
6176,214928,14.500000,1384,0,19
6177,214929,5.000000,1385,0,0
6178,214929,5.500000,1385,0,1
6179,214929,6.000000,1385,0,2
6180,214929,6.500000,1385,0,3
6181,214929,7.000000,1385,0,4
6182,214929,7.500000,1385,0,5
6183,214929,8.000000,1385,0,6
6184,214929,8.500000,1385,0,7
6185,214929,9.000000,1385,0,8
6186,214929,9.500000,1385,0,9
6187,214929,10.000000,1385,0,10
6188,214929,10.500000,1385,0,11
6189,214929,11.000000,1385,0,12
6190,214929,11.500000,1385,0,13
6191,214929,12.000000,1385,0,14
6192,214929,12.500000,1385,0,15
6193,214929,13.000000,1385,0,16
6194,214929,13.500000,1385,0,17
6195,214929,14.000000,1385,0,18
6196,214929,14.500000,1385,0,19
6197,214930,5.000000,1386,0,0
6198,214930,5.500000,1386,0,1
6199,214930,6.000000,1386,0,2
6200,214930,6.500000,1386,0,3
6201,214930,7.000000,1386,0,4
6202,214930,7.500000,1386,0,5
6203,214930,8.000000,1386,0,6
6204,214930,8.500000,1386,0,7
6205,214930,9.000000,1386,0,8
6206,214930,9.500000,1386,0,9
6207,214930,10.000000,1386,0,10
6208,214930,10.500000,1386,0,11
6209,214930,11.000000,1386,0,12
6210,214930,11.500000,1386,0,13
6211,214930,12.000000,1386,0,14
6212,214930,12.500000,1386,0,15
6213,214930,13.000000,1386,0,16
6214,214930,13.500000,1386,0,17
6215,214930,14.000000,1386,0,18
6216,214930,14.500000,1386,0,19
6217,214931,5.000000,1387,0,0
6218,214931,5.500000,1387,0,1
6219,214931,6.000000,1387,0,2
6220,214931,6.500000,1387,0,3
6221,214931,7.000000,1387,0,4
6222,214931,7.500000,1387,0,5
6223,214931,8.000000,1387,0,6
6224,214931,8.500000,1387,0,7
6225,214931,9.000000,1387,0,8
6226,214931,9.500000,1387,0,9
6227,214931,10.000000,1387,0,10
6228,214931,10.500000,1387,0,11
6229,214931,11.000000,1387,0,12
6230,214931,11.500000,1387,0,13
6231,214931,12.000000,1387,0,14
6232,214931,12.500000,1387,0,15
6233,214931,13.000000,1387,0,16
6234,214931,13.500000,1387,0,17
6235,214931,14.000000,1387,0,18
6236,214931,14.500000,1387,0,19
6237,214932,5.000000,1388,0,0
6238,214932,5.500000,1388,0,1
6239,214932,6.000000,1388,0,2
6240,214932,6.500000,1388,0,3
6241,214932,7.000000,1388,0,4
6242,214932,7.500000,1388,0,5
6243,214932,8.000000,1388,0,6
6244,214932,8.500000,1388,0,7
6245,214932,9.000000,1388,0,8
6246,214932,9.500000,1388,0,9
6247,214932,10.000000,1388,0,10
6248,214932,10.500000,1388,0,11
6249,214932,11.000000,1388,0,12
6250,214932,11.500000,1388,0,13
6251,214932,12.000000,1388,0,14
6252,214932,12.500000,1388,0,15
6253,214932,13.000000,1388,0,16
6254,214932,13.500000,1388,0,17
6255,214932,14.000000,1388,0,18
6256,214932,14.500000,1388,0,19
6257,214933,5.000000,1389,0,0
6258,214933,5.500000,1389,0,1
6259,214933,6.000000,1389,0,2
6260,214933,6.500000,1389,0,3
6261,214933,7.000000,1389,0,4
6262,214933,7.500000,1389,0,5
6263,214933,8.000000,1389,0,6
6264,214933,8.500000,1389,0,7
6265,214933,9.000000,1389,0,8
6266,214933,9.500000,1389,0,9
6267,214933,10.000000,1389,0,10
6268,214933,10.500000,1389,0,11
6269,214933,11.000000,1389,0,12
6270,214933,11.500000,1389,0,13
6271,214933,12.000000,1389,0,14
6272,214933,12.500000,1389,0,15
6273,214933,13.000000,1389,0,16
6274,214933,13.500000,1389,0,17
6275,214933,14.000000,1389,0,18
6276,214933,14.500000,1389,0,19
6277,214934,5.000000,1390,0,0
6278,214934,5.500000,1390,0,1
6279,214934,6.000000,1390,0,2
6280,214934,6.500000,1390,0,3
6281,214934,7.000000,1390,0,4
6282,214934,7.500000,1390,0,5
6283,214934,8.000000,1390,0,6
6284,214934,8.500000,1390,0,7
6285,214934,9.000000,1390,0,8
6286,214934,9.500000,1390,0,9
6287,214934,10.000000,1390,0,10
6288,214934,10.500000,1390,0,11
6289,214934,11.000000,1390,0,12
6290,214934,11.500000,1390,0,13
6291,214934,12.000000,1390,0,14
6292,214934,12.500000,1390,0,15
6293,214934,13.000000,1390,0,16
6294,214934,13.500000,1390,0,17
6295,214934,14.000000,1390,0,18
6296,214934,14.500000,1390,0,19
6297,214935,5.000000,1391,0,0
6298,214935,5.500000,1391,0,1
6299,214935,6.000000,1391,0,2
6300,214935,6.500000,1391,0,3
6301,214935,7.000000,1391,0,4
6302,214935,7.500000,1391,0,5
6303,214935,8.000000,1391,0,6
6304,214935,8.500000,1391,0,7
6305,214935,9.000000,1391,0,8
6306,214935,9.500000,1391,0,9
6307,214935,10.000000,1391,0,10
6308,214935,10.500000,1391,0,11
6309,214935,11.000000,1391,0,12
6310,214935,11.500000,1391,0,13
6311,214935,12.000000,1391,0,14
6312,214935,12.500000,1391,0,15
6313,214935,13.000000,1391,0,16
6314,214935,13.500000,1391,0,17
6315,214935,14.000000,1391,0,18
6316,214935,14.500000,1391,0,19
6317,214936,5.000000,1392,0,0
6318,214936,5.500000,1392,0,1
6319,214936,6.000000,1392,0,2
6320,214936,6.500000,1392,0,3
6321,214936,7.000000,1392,0,4
6322,214936,7.500000,1392,0,5
6323,214936,8.000000,1392,0,6
6324,214936,8.500000,1392,0,7
6325,214936,9.000000,1392,0,8
6326,214936,9.500000,1392,0,9
6327,214936,10.000000,1392,0,10
6328,214936,10.500000,1392,0,11
6329,214936,11.000000,1392,0,12
6330,214936,11.500000,1392,0,13
6331,214936,12.000000,1392,0,14
6332,214936,12.500000,1392,0,15
6333,214936,13.000000,1392,0,16
6334,214936,13.500000,1392,0,17
6335,214936,14.000000,1392,0,18
6336,214936,14.500000,1392,0,19
6337,214937,5.000000,1393,0,0
6338,214937,5.500000,1393,0,1
6339,214937,6.000000,1393,0,2
6340,214937,6.500000,1393,0,3
6341,214937,7.000000,1393,0,4
6342,214937,7.500000,1393,0,5
6343,214937,8.000000,1393,0,6
6344,214937,8.500000,1393,0,7
6345,214937,9.000000,1393,0,8
6346,214937,9.500000,1393,0,9
6347,214937,10.000000,1393,0,10
6348,214937,10.500000,1393,0,11
6349,214937,11.000000,1393,0,12
6350,214937,11.500000,1393,0,13
6351,214937,12.000000,1393,0,14
6352,214937,12.500000,1393,0,15
6353,214937,13.000000,1393,0,16
6354,214937,13.500000,1393,0,17
6355,214937,14.000000,1393,0,18
6356,214937,14.500000,1393,0,19
6357,214938,5.000000,1394,0,0
6358,214938,5.500000,1394,0,1
6359,214938,6.000000,1394,0,2
6360,214938,6.500000,1394,0,3
6361,214938,7.000000,1394,0,4
6362,214938,7.500000,1394,0,5
6363,214938,8.000000,1394,0,6
6364,214938,8.500000,1394,0,7
6365,214938,9.000000,1394,0,8
6366,214938,9.500000,1394,0,9
6367,214938,10.000000,1394,0,10
6368,214938,10.500000,1394,0,11
6369,214938,11.000000,1394,0,12
6370,214938,11.500000,1394,0,13
6371,214938,12.000000,1394,0,14
6372,214938,12.500000,1394,0,15
6373,214938,13.000000,1394,0,16
6374,214938,13.500000,1394,0,17
6375,214938,14.000000,1394,0,18
6376,214938,14.500000,1394,0,19
6377,214939,10.000000,1395,0,0
6378,214939,11.000000,1395,0,1
6379,214939,12.000000,1395,0,2
6380,214939,13.000000,1395,0,3
6381,214939,14.000000,1395,0,4
6382,214939,15.000000,1395,0,5
6383,214939,16.000000,1395,0,6
6384,214939,17.000000,1395,0,7
6385,214939,18.000000,1395,0,8
6386,214939,19.000000,1395,0,9
6387,214939,20.000000,1395,0,10
6388,214939,21.000000,1395,0,11
6389,214939,22.000000,1395,0,12
6390,214939,23.000000,1395,0,13
6391,214939,24.000000,1395,0,14
6392,214939,25.000000,1395,0,15
6393,214939,26.000000,1395,0,16
6394,214939,27.000000,1395,0,17
6395,214939,28.000000,1395,0,18
6396,214939,29.000000,1395,0,19
6445,215223,0.000000,814,0,0
6446,215273,0.000000,815,0,0
6447,215381,6.000000,905,0,1
6448,215381,10.000000,905,0,2
6449,215381,13.000000,905,0,3
6450,215381,16.000000,905,0,4
6451,215381,20.000000,905,0,5
6453,216212,6.000000,896,0,1
6454,216212,10.000000,896,0,2
6455,216212,13.000000,896,0,3
6456,216212,16.000000,896,0,4
6457,216212,20.000000,896,0,5
6458,216230,12.000000,1059,0,1
6459,216230,18.000000,1059,0,2
6460,216230,24.000000,1059,0,3
6461,216230,30.000000,1059,0,4
6462,216230,36.000000,1059,0,5
6463,216272,12.000000,96,0,1
6464,216272,18.000000,96,0,2
6465,216272,24.000000,96,0,3
6466,216272,30.000000,96,0,4
6467,216272,36.000000,96,0,5
6468,216274,10.000000,1146,0,1
6469,216274,15.000000,1146,0,2
6470,216274,20.000000,1146,0,3
6471,216274,25.000000,1146,0,4
6472,216274,30.000000,1146,0,5
6483,218607,20.000000,821,0,1
6484,218607,30.000000,821,0,2
6485,218607,40.000000,821,0,3
6486,218607,50.000000,821,0,4
6487,218607,60.000000,821,0,5
6491,218910,0.000000,1434,0,0
6492,219655,0.000000,1436,0,0
6505,224466,0.000000,264,0,3
6506,224467,0.000000,264,0,4
6507,224468,0.000000,264,0,5
6508,216273,14.000000,989,0,1
6509,216273,21.000000,989,0,2
6510,216273,28.000000,989,0,3
6511,216273,35.000000,989,0,4
6512,216273,42.000000,989,0,5
6513,193647,20.000000,775,0,1
6514,193647,30.000000,775,0,2
6515,193647,40.000000,775,0,3
6516,193647,50.000000,775,0,4
6517,193647,60.000000,775,0,5
6520,226829,0.000000,1451,0,0
6521,226829,0.000000,1452,0,0
6522,226829,0.000000,1453,0,0
6523,226829,0.000000,1454,0,0
6524,226829,0.000000,1455,0,0
6525,226829,0.000000,1456,0,0
6526,195266,60.000000,822,0,5
