id,v_1,v_2,v_3,v_4,v_5,v_6,v_7,ilevel
1,   0.346646,   0.519865,   0.629059,   1.050297,   1.874124,   1.874124,   1.874124,   1
2,   0.502174,   0.754800,   0.885829,   1.377288,   2.240345,   2.240345,   2.240345,   2
3,   0.657702,   0.989735,   1.142599,   1.704279,   2.606566,   2.606566,   2.606566,   3
4,   0.813230,   1.224670,   1.399370,   2.031271,   2.972787,   2.972787,   2.972787,   4
5,   0.968759,   1.459606,   1.656140,   2.358262,   3.339008,   3.339008,   3.339008,   5
6,   1.124287,   1.694541,   1.912910,   2.685253,   3.705229,   3.705229,   3.705229,   6
7,   1.279815,   1.929476,   2.169680,   3.012244,   4.071450,   4.071450,   4.071450,   7
8,   1.435344,   2.164411,   2.426450,   3.339235,   4.437672,   4.437672,   4.437672,   8
9,   1.590872,   2.399346,   2.683220,   3.666226,   4.803893,   4.803893,   4.803893,   9
10,   1.746400,   2.634282,   2.939990,   3.993218,   5.170114,   5.170114,   5.170114,  10
11,   1.901928,   2.869217,   3.196760,   4.320209,   5.536335,   5.536335,   5.536335,  11
12,   2.057456,   3.104152,   3.453531,   4.647200,   5.902556,   5.902556,   5.902556,  12
13,   2.212985,   3.339087,   3.710301,   4.974191,   6.268777,   6.268777,   6.268777,  13
14,   2.368513,   3.574022,   3.967071,   5.301182,   6.634998,   6.634998,   6.634998,  14
15,   2.524041,   3.808958,   4.223841,   5.628174,   7.001219,   7.001219,   7.001219,  15
16,   2.679569,   4.043893,   4.480611,   5.955165,   7.367440,   7.367440,   7.367440,  16
17,   2.835098,   4.278828,   4.737381,   6.282156,   7.733661,   7.733661,   7.733661,  17
18,   2.990626,   4.513763,   4.994152,   6.609147,   8.099882,   8.099882,   8.099882,  18
19,   3.146154,   4.748698,   5.250922,   6.936139,   8.466104,   8.466104,   8.466104,  19
20,   3.301683,   4.983634,   5.507692,   7.263130,   8.832324,   8.832324,   8.832324,  20
21,   3.457211,   5.218569,   5.764462,   7.590121,   9.198545,   9.198545,   9.198545,  21
22,   3.612739,   5.453504,   6.021232,   7.917112,   9.564766,   9.564766,   9.564766,  22
23,   3.797147,   5.729495,   6.328717,   8.208435,   9.889656,   9.889656,   9.889656,  23
24,   3.988600,   6.021232,   6.647805,   8.488155,  10.248112,  10.248112,  10.248112,  24
25,   4.181710,   6.328717,   6.969794,   8.757101,  10.650908,  10.650908,  10.650908,  25
26,   4.376064,   6.647805,   7.293025,   9.016101,  11.096389,  11.096389,  11.096389,  26
27,   4.567102,   6.969794,   7.612113,   9.276344,  11.550985,  11.550985,  11.550985,  27
28,   4.750267,   7.293025,   7.917112,   9.564766,  12.020501,  12.020501,  12.020501,  28
29,   4.925144,   7.612113,   8.208435,   9.889656,  12.504106,  12.504106,  12.504106,  29
30,   5.092976,   7.917112,   8.488155,  10.248112,  12.996827,  12.996827,  12.996827,  30
31,   5.254178,   8.208435,   8.757101,  10.650908,  13.497008,  13.497008,  13.497008,  31
32,   5.409577,   8.488155,   9.016101,  11.096389,  13.969424,  13.969424,  13.969424,  32
33,   5.565806,   8.757101,   9.276344,  11.550985,  14.402058,  14.402058,  14.402058,  33
34,   5.738611,   9.016101,   9.564766,  12.020501,  14.797395,  14.797395,  14.797395,  34
35,   5.933794,   9.276344,   9.889656,  12.504106,  15.153779,  15.153779,  15.153779,  35
36,   6.148867,   9.564766,  10.248112,  12.996827,  15.472038,  15.472038,  15.472038,  36
37,   6.390462,   9.889656,  10.650908,  13.497008,  15.789469,  15.789469,  15.789469,  37
38,   6.657751,  10.248112,  11.096389,  13.969424,  16.109386,  16.109386,  16.109386,  38
39,   6.930840,  10.650908,  11.550985,  14.402058,  16.433861,  16.433861,  16.433861,  39
40,   7.212218,  11.096389,  12.020501,  14.797395,  16.754606,  16.754606,  16.754606,  40
41,   7.502297,  11.550985,  12.504106,  15.153779,  17.072037,  17.072037,  17.072037,  41
42,   7.798179,  12.020501,  12.996827,  15.472038,  17.392368,  17.392368,  17.392368,  42
43,   8.098205,  12.504106,  13.497008,  15.789469,  17.712284,  17.712284,  17.712284,  43
44,   8.381655,  12.996827,  13.969424,  16.109386,  18.030130,  18.030130,  18.030130,  44
45,   8.641068,  13.497008,  14.402058,  16.433861,  18.352533,  18.352533,  18.352533,  45
46,   8.878520,  13.969424,  14.797395,  16.754606,  18.679079,  18.679079,  18.679079,  46
47,   9.092350,  14.402058,  15.153779,  17.072037,  19.005213,  19.005213,  19.005213,  47
48,   9.283389,  14.797395,  15.472038,  17.392368,  19.333832,  19.333832,  19.333832,  48
49,   9.473598,  15.153779,  15.789469,  17.712284,  19.662865,  19.662865,  19.662865,  49
50,   9.665465,  15.472038,  16.109386,  18.030130,  19.988585,  19.988585,  19.988585,  50
51,   9.860233,  15.789469,  16.433861,  18.352533,  20.314716,  20.314716,  20.314716,  51
52,  10.052930,  16.109386,  16.754606,  18.679079,  20.642094,  20.642094,  20.642094,  52
53,  10.243139,  16.433861,  17.072037,  19.005213,  20.973198,  20.973198,  20.973198,  53
54,  10.435421,  16.754606,  17.392368,  19.333832,  21.308863,  21.308863,  21.308863,  54
55,  10.627288,  17.072037,  17.712284,  19.662865,  21.653229,  21.653229,  21.653229,  55
56,  10.818326,  17.392368,  18.030130,  19.988585,  22.000910,  22.000910,  22.000910,  56
57,  11.011436,  17.712284,  18.352533,  20.314716,  22.354809,  22.354809,  22.354809,  57
58,  11.229411,  18.060795,  18.715961,  21.710417,  24.704870,  24.704870,  24.704870,  58
59,  11.451944,  18.418423,  19.086435,  22.022873,  24.959312,  24.959312,  24.959312,  59
60,  11.670333,  18.769419,  19.450279,  22.442661,  25.435043,  25.435043,  25.435043,  60
61,  11.892451,  19.127047,  19.820751,  22.757191,  25.693628,  25.693628,  25.693628,  61
62,  12.110840,  19.478043,  20.184595,  23.174906,  26.165216,  26.165216,  26.165216,  62
63,  12.332958,  19.835257,  20.554655,  23.491093,  26.427530,  26.427530,  26.427530,  63
64,  12.550933,  20.186253,  20.918497,  23.906736,  26.895390,  26.895390,  26.895390,  64
65,  12.773465,  20.543880,  21.288971,  24.225410,  27.161848,  27.161848,  27.161848,  65
66,  12.790042,  20.570816,  21.316736,  23.521759,  27.197071,  27.197071,  27.197071,  66
67,  12.806618,  20.597338,  21.344501,  23.552423,  27.232710,  27.232710,  27.232710,  67
68,  12.823194,  20.624273,  21.372265,  23.583090,  27.267935,  27.267935,  27.267935,  68
69,  12.840184,  20.651625,  21.400444,  23.614170,  27.303988,  27.303988,  27.303988,  69
70,  12.856760,  20.678146,  21.428209,  23.644835,  27.339626,  27.339626,  27.339626,  70
71,  12.873751,  20.705082,  21.455975,  23.675501,  27.374849,  27.374849,  27.374849,  71
72,  12.890326,  20.732018,  21.484154,  23.706581,  27.410902,  27.410902,  27.410902,  72
73,  12.907317,  20.759369,  21.512333,  23.737661,  27.446955,  27.446955,  27.446955,  73
74,  12.923893,  20.786304,  21.540098,  23.768326,  27.482180,  27.482180,  27.482180,  74
75,  12.940884,  20.813240,  21.568277,  23.799406,  27.518232,  27.518232,  27.518232,  75
76,  12.957873,  20.840590,  21.596457,  23.830486,  27.554285,  27.554285,  27.554285,  76
77,  12.974864,  20.867941,  21.624636,  23.861567,  27.589924,  27.589924,  27.589924,  77
78,  12.991855,  20.894876,  21.652815,  23.892647,  27.625977,  27.625977,  27.625977,  78
79,  13.008430,  20.922228,  21.680994,  23.923727,  27.662029,  27.662029,  27.662029,  79
80,  13.025835,  20.949577,  21.709587,  23.955221,  27.698496,  27.698496,  27.698496,  80
81,  13.042826,  20.976929,  21.737766,  23.986301,  27.734549,  27.734549,  27.734549,  81
82,  13.059402,  21.004278,  21.765945,  24.017796,  27.770187,  27.770187,  27.770187,  82
83,  13.076806,  21.031630,  21.794538,  24.049290,  27.806654,  27.806654,  27.806654,  83
84,  13.093797,  21.059393,  21.823133,  24.080784,  27.843122,  27.843122,  27.843122,  84
85,  13.110787,  21.086330,  21.851313,  24.865244,  27.879175,  27.879175,  27.879175,  85
86,  13.127778,  21.114094,  21.879906,  25.652189,  27.915642,  27.915642,  27.915642,  86
87,  13.145183,  21.141859,  21.908499,  25.685755,  27.952108,  27.952108,  27.952108,  87
88,  13.162173,  21.169210,  21.937094,  26.475601,  27.988577,  27.988577,  27.988577,  88
89,  13.179578,  21.196974,  21.965687,  27.267935,  28.025043,  28.025043,  28.025043,  89
90,  13.196568,  21.224325,  21.994280,  27.303158,  28.061510,  28.061510,  28.061510,  90
91,  13.213558,  21.252090,  22.022873,  27.161434,  27.161434,  27.161434,  27.161434,  91
92,  13.432362,  21.603500,  22.387131,  28.356977,  27.610643,  27.610643,  27.610643,  92
93,  13.654480,  21.960714,  22.757191,  27.895750,  27.161848,  27.161848,  27.161848,  93
94,  14.094573,  22.668922,  23.491093,  28.629652,  27.895750,  27.895750,  27.895750,  94
95,  14.313376,  23.020334,  23.855350,  29.073889,  28.328384,  28.328384,  28.328384,  95
96,  14.535080,  23.377546,  24.225410,  28.630068,  28.630068,  28.630068,  28.630068,  96
97,  14.975587,  24.085756,  24.959312,  28.629652,  28.629652,  28.629652,  28.629652,  97
98,  15.194390,  24.437582,  25.323984,  29.048197,  29.792873,  29.792873,  29.792873,  98
99,  15.416095,  24.794380,  25.693628,  28.630068,  29.363970,  29.363970,  29.363970,  99
100,  15.488614,  24.911242,  25.814634,  29.502378,  29.502378,  29.502378,  29.502378, 100
101,  15.561134,  25.027687,  25.935225,  29.640375,  30.381321,  30.381321,  30.381321, 101
102,  15.633655,  25.144135,  26.056229,  29.778370,  30.523046,  30.523046,  30.523046, 102
103,  15.706589,  25.261410,  26.177649,  29.917194,  31.413177,  31.413177,  31.413177, 103
104,  15.779523,  25.378685,  26.299067,  30.807325,  31.559046,  31.559046,  31.559046, 104
105,  15.856602,  25.502590,  26.427530,  30.097872,  31.566092,  31.566092,  31.566092, 105
106,  15.929122,  25.619452,  26.548536,  30.235867,  31.710716,  31.710716,  31.710716, 106
107,  16.002056,  25.736313,  26.669954,  30.374277,  32.596703,  32.596703,  32.596703, 107
108,  16.075405,  25.854416,  26.792204,  30.513515,  32.745888,  32.745888,  32.745888, 108
109,  16.148754,  25.972935,  26.914865,  30.653168,  32.895901,  32.895901,  32.895901, 109
110,  16.222931,  26.091454,  27.037943,  30.793236,  33.797634,  33.797634,  33.797634, 110
111,  16.297110,  26.211214,  27.161848,  30.098286,  33.034725,  33.034725,  33.034725, 111
112,  16.340620,  26.281248,  27.234367,  30.178680,  33.858967,  33.858967,  33.858967, 112
113,  16.384132,  26.351282,  27.306889,  30.997120,  33.949306,  33.949306,  33.949306, 113
114,  16.428059,  26.421730,  27.379822,  31.080000,  34.779762,  34.779762,  34.779762, 114
115,  16.471985,  26.492178,  27.453171,  31.905071,  34.873005,  34.873005,  34.873005, 115
116,  16.515911,  26.563040,  27.526520,  31.990437,  34.966244,  34.966244,  34.966244, 116
117,  16.559839,  26.633902,  27.599869,  32.075390,  35.059483,  35.059483,  35.059483, 117
118,  16.604179,  26.705179,  27.673632,  32.161171,  35.153137,  35.153137,  35.153137, 118
119,  16.648520,  26.776041,  27.747395,  32.246952,  35.246792,  35.246792,  35.246792, 119
120,  16.692862,  26.847733,  27.821573,  32.333145,  35.340862,  35.340862,  35.340862, 120
121,  16.737616,  26.919424,  27.895750,  31.566092,  34.502529,  34.502529,  34.502529, 121
122,  16.761652,  26.958378,  27.935947,  31.611675,  34.552258,  34.552258,  34.552258, 122
123,  16.786100,  26.997332,  27.976559,  31.657673,  34.602402,  34.602402,  34.602402, 123
124,  16.810137,  27.036285,  28.016756,  31.703259,  34.652126,  34.652126,  34.652126, 124
125,  16.834585,  27.075239,  28.057367,  31.749256,  34.702686,  34.702686,  34.702686, 125
126,  16.858622,  27.114607,  28.097977,  31.795254,  34.752827,  34.752827,  34.752827, 126
127,  16.883070,  27.153561,  28.138588,  31.840837,  34.802971,  34.802971,  34.802971, 127
128,  16.907520,  27.192928,  28.179199,  31.886837,  34.853111,  34.853111,  34.853111, 128
129,  16.931969,  27.232296,  28.219810,  31.932835,  34.903255,  34.903255,  34.903255, 129
130,  16.956419,  27.271250,  28.260422,  31.978834,  34.953812,  34.953812,  34.953812, 130
131,  16.980869,  27.311031,  28.301449,  32.025246,  35.004368,  35.004368,  35.004368, 131
132,  17.005318,  27.349985,  28.342060,  32.071243,  35.054512,  35.054512,  35.054512, 132
133,  17.029768,  27.389769,  28.383085,  32.117657,  35.105480,  35.105480,  35.105480, 133
134,  17.054632,  27.429136,  28.424110,  32.164070,  35.156040,  35.156040,  35.156040, 134
135,  17.079082,  27.468918,  28.465136,  32.210484,  35.207008,  35.207008,  35.207008, 135
136,  17.103531,  27.508286,  28.506161,  32.256897,  35.257565,  35.257565,  35.257565, 136
137,  17.128395,  27.548483,  28.547602,  32.303722,  35.308952,  35.308952,  35.308952, 137
138,  17.153259,  27.587851,  28.588627,  33.102688,  35.359509,  35.359509,  35.359509, 138
139,  17.178123,  27.628048,  28.630068,  32.300407,  34.502945,  34.502945,  34.502945, 139
140,  17.287111,  27.803339,  28.811575,  32.505535,  34.721748,  34.721748,  34.721748, 140
141,  17.396927,  27.979874,  28.994740,  32.711906,  34.942207,  34.942207,  34.942207, 141
142,  17.507156,  28.157652,  29.178732,  32.919521,  35.163914,  35.163914,  35.163914, 142
143,  17.618216,  28.336258,  29.363970,  32.300407,  34.502529,  34.502529,  34.502529, 143
144,  17.764084,  28.570395,  29.606808,  32.567696,  34.788052,  34.788052,  34.788052, 144
145,  17.861883,  28.727865,  29.769667,  32.746716,  34.979504,  34.979504,  34.979504, 145
146,  18.059137,  29.044882,  30.098286,  32.300407,  34.502945,  34.502945,  34.502945, 146
147,  18.277941,  29.396708,  30.462959,  32.692017,  34.921074,  34.921074,  34.921074, 147
148,  18.499231,  29.753092,  30.832190,  32.300407,  34.502529,  34.502529,  34.502529, 148
149,  18.718449,  30.105331,  31.197275,  32.682899,  34.911129,  34.911129,  34.911129, 149
150,  18.939737,  30.461716,  31.566505,  32.300407,  34.502945,  34.502945,  34.502945, 150
151,  19.158541,  30.813541,  31.931177,  32.673782,  34.901596,  34.901596,  34.901596, 151
152,  19.380245,  31.169926,  32.300407,  32.300407,  34.502529,  34.502529,  34.502529, 152
153,  19.599463,  31.522165,  32.665493,  32.665493,  34.892895,  34.892895,  34.892895, 153
154,  19.820751,  31.878550,  33.034725,  32.300823,  34.502945,  34.502945,  34.502945, 154
155,  19.875452,  31.965986,  33.125477,  32.389503,  34.597843,  34.597843,  34.597843, 155
156,  19.930153,  32.054253,  33.216648,  32.478600,  34.692738,  34.692738,  34.692738, 156
157,  19.984854,  32.142109,  33.307816,  32.567696,  34.788052,  34.788052,  34.788052, 157
158,  20.039555,  32.230373,  33.399395,  32.657207,  34.883778,  34.883778,  34.883778, 158
159,  20.094671,  32.319057,  33.491394,  33.491394,  34.979919,  34.979919,  34.979919, 159
160,  20.150200,  32.408566,  33.583805,  33.583805,  35.076473,  35.076473,  35.076473, 160
161,  20.205730,  32.497662,  33.676216,  34.424622,  35.173027,  35.173027,  35.173027, 161
162,  20.261259,  32.586758,  33.768627,  33.768627,  34.502529,  34.502529,  34.502529, 162
163,  20.315546,  32.674198,  33.859383,  34.595356,  34.595356,  34.595356,  34.595356, 163
164,  20.370247,  32.762463,  33.950550,  34.688595,  34.688595,  34.688595,  34.688595, 164
165,  20.425362,  32.850731,  34.042130,  35.522369,  34.782249,  34.782249,  34.782249, 165
166,  20.480062,  32.938999,  34.133713,  35.617680,  35.617680,  35.617680,  35.617680, 166
167,  20.535591,  33.027679,  34.225712,  36.457668,  35.713821,  35.713821,  35.713821, 167
168,  20.590708,  33.116776,  34.317707,  36.555882,  35.809963,  35.809963,  35.809963, 168
169,  20.646236,  33.205872,  34.410118,  36.654095,  35.906101,  35.906101,  35.906101, 169
170,  20.701767,  33.295383,  34.502945,  35.971165,  35.236847,  35.236847,  35.236847, 170
171,  20.705910,  33.301598,  34.509575,  35.978207,  35.243893,  35.243893,  35.243893, 171
172,  20.709641,  33.308228,  34.516205,  35.984837,  35.250523,  35.250523,  35.250523, 172
173,  20.713783,  33.314445,  34.522835,  35.991882,  35.991882,  35.991882,  35.991882, 173
174,  20.717928,  33.321491,  34.529881,  35.999344,  35.999344,  35.999344,  35.999344, 174
175,  20.722073,  33.327705,  34.536510,  36.741119,  36.005974,  36.005974,  36.005974, 175
176,  20.725801,  33.334335,  34.543140,  36.748161,  36.013016,  36.013016,  36.013016, 176
177,  20.729946,  33.340553,  34.549770,  36.755207,  36.020061,  36.020061,  36.020061, 177
178,  20.734089,  33.347183,  34.556816,  36.762669,  36.027523,  36.027523,  36.027523, 178
179,  20.738234,  33.353813,  34.563446,  36.769711,  36.034153,  36.034153,  36.034153, 179
180,  20.741962,  33.360027,  34.570076,  36.776756,  36.776756,  36.776756,  36.776756, 180
181,  20.746107,  33.366661,  34.576706,  36.783802,  36.783802,  36.783802,  36.783802, 181
182,  20.750252,  33.373291,  34.583752,  36.791260,  36.791260,  36.791260,  36.791260, 182
183,  20.754395,  33.379921,  34.590382,  37.534279,  36.798306,  36.798306,  36.798306, 183
184,  20.758125,  33.386135,  34.597012,  37.541325,  36.805351,  36.805351,  36.805351, 184
185,  20.762268,  33.392353,  34.603642,  37.548782,  36.812397,  36.812397,  36.812397, 185
186,  20.766413,  33.399395,  34.610687,  37.556244,  36.819855,  36.819855,  36.819855, 186
187,  20.770557,  33.405613,  34.617317,  37.563290,  37.563290,  37.563290,  37.563290, 187
188,  20.774286,  33.412243,  34.623947,  37.570747,  37.570747,  37.570747,  37.570747, 188
189,  20.778431,  33.418873,  34.630993,  37.578205,  37.578205,  37.578205,  37.578205, 189
190,  20.782574,  33.425503,  34.637623,  37.585667,  37.585667,  37.585667,  37.585667, 190
191,  20.786718,  33.431721,  34.644253,  37.592709,  37.592709,  37.592709,  37.592709, 191
192,  20.790447,  33.437935,  34.650887,  37.599754,  37.599754,  37.599754,  37.599754, 192
193,  20.794592,  33.444981,  34.657928,  37.607628,  37.607628,  37.607628,  37.607628, 193
194,  20.798737,  33.451199,  34.664558,  37.614674,  38.352306,  38.352306,  38.352306, 194
195,  20.802879,  33.457829,  34.671192,  37.622131,  38.359764,  38.359764,  38.359764, 195
196,  20.807024,  33.464458,  34.678234,  37.629593,  38.367226,  38.367226,  38.367226, 196
197,  20.810753,  33.471088,  34.684864,  37.636639,  38.374683,  38.374683,  38.374683, 197
198,  20.814898,  33.477303,  34.691498,  37.644096,  38.382141,  38.382141,  38.382141, 198
199,  20.819042,  33.483932,  34.698540,  37.651554,  38.390015,  38.390015,  38.390015, 199
200,  20.823185,  33.490566,  34.705170,  38.397060,  38.397060,  38.397060,  38.397060, 200
201,  20.826916,  33.496780,  34.711803,  38.404518,  39.142982,  39.142982,  39.142982, 201
202,  20.831474,  33.503826,  34.718845,  38.412395,  39.150856,  39.150856,  39.150856, 202
203,  20.835203,  33.510040,  34.725475,  38.419853,  39.158314,  39.158314,  39.158314, 203
204,  20.839348,  33.516670,  34.732109,  38.426899,  39.166187,  39.166187,  39.166187, 204
205,  20.843491,  33.523304,  34.739151,  38.434772,  39.174061,  39.174061,  39.174061, 205
206,  20.847635,  33.529518,  34.745781,  38.442230,  39.181519,  39.181519,  39.181519, 206
207,  20.851364,  33.536148,  34.752415,  38.449276,  39.928268,  39.928268,  39.928268, 207
208,  20.855509,  33.542778,  34.759457,  38.457150,  39.936558,  39.936558,  39.936558, 208
209,  20.859653,  33.549408,  34.766087,  38.464607,  39.944016,  39.944016,  39.944016, 209
210,  20.863796,  33.555626,  34.772717,  38.472069,  39.951477,  39.951477,  39.951477, 210
211,  20.867941,  33.562672,  34.779762,  38.479942,  39.959763,  39.959763,  39.959763, 211
212,  20.871670,  33.568886,  34.786392,  38.486984,  39.967224,  39.967224,  39.967224, 212
213,  20.875814,  33.575104,  34.793022,  38.494446,  40.715214,  40.715214,  40.715214, 213
214,  20.879959,  33.582146,  34.800068,  38.502319,  40.723503,  40.723503,  40.723503, 214
215,  20.884102,  33.588364,  34.806698,  38.509365,  40.731377,  40.731377,  40.731377, 215
216,  20.888247,  33.595409,  34.813744,  38.517239,  40.739662,  40.739662,  40.739662, 216
217,  20.892391,  33.601624,  34.820374,  38.524696,  40.747124,  40.747124,  40.747124, 217
218,  20.896120,  33.608253,  34.827003,  38.532154,  40.754997,  40.754997,  40.754997, 218
219,  20.900265,  33.614883,  34.834049,  38.539616,  40.763287,  40.763287,  40.763287, 219
220,  20.904408,  33.621101,  34.840679,  38.547073,  40.771160,  40.771160,  40.771160, 220
221,  20.908552,  33.627731,  34.847309,  38.554531,  40.778618,  40.778618,  40.778618, 221
222,  20.912697,  33.634361,  34.854355,  38.562405,  40.786907,  40.786907,  40.786907, 222
223,  20.916426,  33.640991,  34.860985,  38.569450,  40.794781,  40.794781,  40.794781, 223
224,  20.920984,  33.647621,  34.868031,  38.577324,  40.803066,  40.803066,  40.803066, 224
225,  20.924713,  33.654251,  34.874660,  38.584785,  40.810940,  40.810940,  40.810940, 225
226,  20.928858,  33.660469,  34.881290,  38.592243,  40.818401,  40.818401,  40.818401, 226
227,  20.933002,  33.667099,  34.888336,  38.599701,  40.826687,  40.826687,  40.826687, 227
228,  20.937145,  33.673729,  34.894966,  38.607162,  40.834560,  40.834560,  40.834560, 228
229,  20.941290,  33.680359,  34.902012,  38.615036,  40.842850,  40.842850,  40.842850, 229
230,  20.945019,  33.686989,  34.908642,  38.622494,  40.850723,  40.850723,  40.850723, 230
231,  20.949577,  33.693623,  34.915688,  38.629955,  40.858597,  40.858597,  40.858597, 231
232,  20.953308,  33.699837,  34.922318,  38.637413,  40.866470,  40.866470,  40.866470, 232
233,  20.957451,  33.706467,  34.928947,  38.644871,  40.874344,  40.874344,  40.874344, 233
234,  20.961596,  33.713097,  34.935993,  38.652744,  40.882633,  40.882633,  40.882633, 234
235,  20.965738,  33.719727,  34.942623,  38.659790,  40.890507,  40.890507,  40.890507, 235
236,  20.969883,  33.726357,  34.949669,  38.667664,  40.898380,  40.898380,  40.898380, 236
237,  20.973614,  33.732990,  34.956299,  38.675121,  40.906254,  40.906254,  40.906254, 237
238,  20.978170,  33.739620,  34.963341,  38.682999,  40.914539,  40.914539,  40.914539, 238
239,  20.981901,  33.745834,  34.969975,  38.690041,  40.922413,  40.922413,  40.922413, 239
240,  20.986044,  33.752464,  34.976604,  38.697502,  40.929874,  40.929874,  40.929874, 240
241,  20.990189,  33.759094,  34.983646,  38.705376,  40.938160,  40.938160,  40.938160, 241
242,  20.994333,  33.765728,  34.990280,  38.712833,  40.946033,  40.946033,  40.946033, 242
243,  20.998476,  33.772358,  34.997322,  38.720291,  40.954323,  40.954323,  40.954323, 243
244,  21.002207,  33.778988,  35.003952,  38.727753,  40.962196,  40.962196,  40.962196, 244
245,  21.006765,  33.785618,  35.010998,  38.735626,  40.970486,  40.970486,  40.970486, 245
246,  21.010494,  33.791832,  35.017628,  38.743084,  40.977943,  40.977943,  40.977943, 246
247,  21.014639,  33.798878,  35.024673,  38.750546,  40.986233,  40.986233,  40.986233, 247
248,  21.018782,  33.805096,  35.031303,  38.758003,  40.994106,  40.994106,  40.994106, 248
249,  21.022926,  33.812138,  35.038349,  38.765877,  41.002392,  41.002392,  41.002392, 249
250,  21.027071,  33.818356,  35.044979,  38.773335,  41.010265,  41.010265,  41.010265, 250
251,  21.031214,  33.825401,  35.052025,  38.780796,  41.018143,  41.018143,  41.018143, 251
252,  21.035358,  33.831615,  35.058655,  38.788254,  41.026016,  41.026016,  41.026016, 252
253,  21.039503,  33.838245,  35.065701,  38.796127,  41.034302,  41.034302,  41.034302, 253
254,  21.043232,  33.844875,  35.072330,  38.803589,  41.042175,  41.042175,  41.042175, 254
255,  21.047791,  33.851509,  35.079376,  38.811047,  41.050465,  41.050465,  41.050465, 255
256,  21.051519,  33.858139,  35.086006,  38.818504,  41.057922,  41.057922,  41.057922, 256
257,  21.055664,  33.864769,  35.093048,  38.826378,  41.066212,  41.066212,  41.066212, 257
258,  21.059809,  33.871399,  35.099682,  38.833839,  41.074085,  41.074085,  41.074085, 258
259,  21.063951,  33.878029,  35.106724,  38.841297,  41.082375,  41.082375,  41.082375, 259
260,  21.068096,  33.884243,  35.113354,  38.848759,  41.090248,  41.090248,  41.090248, 260
261,  21.072241,  33.891289,  35.120399,  38.856632,  41.098534,  41.098534,  41.098534, 261
262,  21.076384,  33.897507,  35.127029,  38.864090,  41.105995,  41.105995,  41.105995, 262
263,  21.080528,  33.904549,  35.134075,  38.871548,  41.114281,  41.114281,  41.114281, 263
264,  21.084257,  33.910767,  35.140705,  38.879009,  41.122154,  41.122154,  41.122154, 264
265,  21.088816,  33.917397,  35.147751,  38.886883,  41.130444,  41.130444,  41.130444, 265
266,  21.092546,  33.924026,  35.154381,  38.894341,  41.137901,  41.137901,  41.137901, 266
267,  21.096689,  33.930656,  35.161427,  38.901798,  41.146191,  41.146191,  41.146191, 267
268,  21.100834,  33.937286,  35.168056,  38.909260,  41.154064,  41.154064,  41.154064, 268
269,  21.104977,  33.943920,  35.175102,  38.917133,  41.162354,  41.162354,  41.162354, 269
270,  21.109121,  33.950962,  35.182144,  38.925007,  41.170639,  41.170639,  41.170639, 270
271,  21.113266,  33.957180,  35.188774,  38.932465,  41.178513,  41.178513,  41.178513, 271
272,  21.117409,  33.963810,  35.195820,  38.939926,  41.186802,  41.186802,  41.186802, 272
273,  21.121553,  33.970440,  35.202450,  38.947384,  41.194260,  41.194260,  41.194260, 273
274,  21.125698,  33.977070,  35.209496,  38.955257,  41.202549,  41.202549,  41.202549, 274
275,  21.129841,  33.983700,  35.216125,  38.962715,  41.210423,  41.210423,  41.210423, 275
276,  21.133986,  33.990330,  35.223171,  38.970177,  41.218712,  41.218712,  41.218712, 276
277,  21.137714,  33.996964,  35.229801,  38.977634,  41.226170,  41.226170,  41.226170, 277
278,  21.142273,  34.003593,  35.236847,  38.173286,  40.375408,  40.375408,  40.375408, 278
279,  21.182056,  34.067410,  35.303150,  38.244976,  40.451656,  40.451656,  40.451656, 279
280,  21.221424,  34.131226,  35.369041,  38.316666,  40.527077,  40.527077,  40.527077, 280
281,  21.261621,  34.195457,  35.435757,  38.388771,  40.603325,  40.603325,  40.603325, 281
282,  21.301403,  34.259689,  35.502064,  38.460464,  40.679577,  40.679577,  40.679577, 282
283,  21.341187,  34.323925,  35.568779,  38.532986,  40.755825,  40.755825,  40.755825, 283
284,  21.381382,  34.388157,  35.635498,  38.605091,  40.832489,  40.832489,  40.832489, 284
285,  21.421165,  34.452801,  35.702217,  38.677608,  40.908741,  40.908741,  40.908741, 285
286,  21.461777,  34.517448,  35.769352,  38.750130,  40.985817,  40.985817,  40.985817, 286
287,  21.501972,  34.582096,  35.836483,  38.823063,  41.062481,  41.062481,  41.062481, 287
288,  21.542170,  34.647156,  35.903618,  38.895584,  41.139561,  41.139561,  41.139561, 288
289,  21.582781,  34.712215,  35.971165,  38.173286,  40.375820,  40.375820,  40.375820, 289
290,  21.728235,  34.946350,  36.214001,  38.431042,  40.648495,  40.648495,  40.648495, 290
291,  21.875347,  35.182976,  36.458912,  38.691284,  41.667507,  41.667507,  41.667507, 291
292,  22.022873,  35.420425,  36.705067,  38.173286,  41.109722,  41.109722,  41.109722, 292
293,  22.171642,  35.659534,  36.952877,  38.431042,  41.387371,  41.387371,  41.387371, 293
294,  22.321655,  35.900715,  37.202759,  38.690872,  41.667091,  41.667091,  41.667091, 294
295,  22.463381,  36.128635,  37.438969,  38.172871,  41.109310,  41.109310,  41.109310, 295
296,  22.682598,  36.481289,  37.804470,  38.545830,  41.510864,  41.510864,  41.510864, 296
297,  22.903889,  36.837257,  38.173286,  38.173286,  41.109722,  41.109722,  41.109722, 297
298,  23.058458,  37.085899,  38.431042,  38.431042,  41.387371,  41.387371,  41.387371, 298
299,  23.214687,  37.336613,  38.690872,  38.690872,  41.667091,  41.667091,  41.667091, 299
300,  23.344395,  37.545467,  38.907188,  38.907188,  41.109310,  41.109310,  41.109310, 300
301,  23.431833,  37.686363,  39.053055,  39.053055,  41.263466,  41.263466,  41.263466, 301
302,  23.519686,  37.827259,  39.199341,  39.199341,  41.418037,  41.418037,  41.418037, 302
303,  23.607540,  37.968987,  39.346035,  39.346035,  41.573021,  41.573021,  41.573021, 303
304,  23.696220,  38.111126,  39.493565,  39.493565,  41.729252,  41.729252,  41.729252, 304
305,  23.784903,  38.254093,  39.641502,  39.641502,  41.843624,  41.843624,  41.843624, 305
306,  23.790705,  38.263622,  39.651451,  39.651451,  41.854401,  41.854401,  41.854401, 306
307,  23.796921,  38.273155,  39.661396,  39.661396,  41.864761,  41.864761,  41.864761, 307
308,  23.802721,  38.282688,  39.671341,  39.671341,  41.875118,  41.875118,  41.875118, 308
309,  23.808937,  38.292633,  39.681286,  39.681286,  41.885895,  41.885895,  41.885895, 309
310,  23.814739,  38.302162,  39.691231,  39.691231,  41.896255,  41.896255,  41.896255, 310
311,  23.820541,  38.311695,  39.701180,  39.701180,  41.906616,  41.906616,  41.906616, 311
312,  23.826757,  38.321224,  39.711124,  39.711124,  41.917389,  41.917389,  41.917389, 312
313,  23.832558,  38.330757,  39.721069,  39.721069,  41.927750,  41.927750,  41.927750, 313
314,  23.838774,  38.340702,  39.731430,  39.731430,  41.938938,  41.938938,  41.938938, 314
315,  23.844990,  38.350235,  39.741375,  39.741375,  41.949299,  41.949299,  41.949299, 315
316,  23.850792,  38.360180,  39.751320,  39.751320,  41.959656,  41.959656,  41.959656, 316
317,  23.856594,  38.369709,  39.761265,  40.497654,  41.970432,  41.970432,  41.970432, 317
318,  23.862810,  38.379242,  39.771210,  40.507599,  41.980793,  41.980793,  41.980793, 318
319,  23.868610,  38.388771,  39.781158,  40.517960,  42.727955,  42.727955,  42.727955, 319
320,  23.874826,  38.398304,  39.791103,  40.527905,  42.738731,  42.738731,  42.738731, 320
321,  23.880629,  38.407837,  39.801048,  40.538265,  42.749088,  42.749088,  42.749088, 321
322,  23.886845,  38.418194,  39.811409,  40.548626,  42.760277,  42.760277,  42.760277, 322
323,  23.892647,  38.427727,  39.821354,  40.558987,  42.771053,  42.771053,  42.771053, 323
324,  23.898863,  38.437256,  39.831299,  40.568932,  42.781826,  42.781826,  42.781826, 324
325,  23.904663,  38.446789,  39.841244,  41.316925,  42.792603,  42.792603,  42.792603, 325
326,  23.910879,  38.456322,  39.851189,  41.327282,  42.802963,  42.802963,  42.802963, 326
327,  23.916681,  38.465851,  39.861137,  41.337643,  42.813736,  42.813736,  42.813736, 327
328,  23.922897,  38.475796,  39.871494,  41.348419,  42.824924,  42.824924,  42.824924, 328
329,  23.928699,  38.485741,  39.881443,  41.358364,  42.835701,  42.835701,  42.835701, 329
330,  23.934916,  38.495274,  39.891388,  41.368725,  42.846474,  42.846474,  42.846474, 330
331,  23.940718,  38.504807,  39.901333,  41.379082,  42.856834,  42.856834,  42.856834, 331
332,  23.946934,  38.514336,  39.911278,  41.389442,  43.606899,  43.606899,  43.606899, 332
333,  23.953148,  38.524281,  39.921638,  42.139507,  43.618088,  43.618088,  43.618088, 333
334,  23.958950,  38.533813,  39.931583,  42.149868,  43.628860,  43.628860,  43.628860, 334
335,  23.964752,  38.543758,  39.941528,  42.160641,  43.639637,  43.639637,  43.639637, 335
336,  23.970968,  38.553291,  39.951477,  42.171001,  43.650826,  43.650826,  43.650826, 336
337,  23.976770,  38.562820,  39.961422,  42.181362,  43.661598,  43.661598,  43.661598, 337
338,  23.982986,  38.572765,  39.971783,  42.192551,  43.672787,  43.672787,  43.672787, 338
339,  23.989202,  38.582298,  39.981728,  42.202911,  43.683563,  43.683563,  43.683563, 339
340,  23.995003,  38.591827,  39.991673,  42.213272,  43.694752,  43.694752,  43.694752, 340
341,  24.000805,  38.601360,  40.001617,  42.224045,  43.705524,  43.705524,  43.705524, 341
342,  24.007021,  38.611721,  40.011978,  42.234818,  43.716713,  43.716713,  43.716713, 342
343,  24.013237,  38.621250,  40.021923,  42.245178,  43.727489,  43.727489,  43.727489, 343
344,  24.019039,  38.630783,  40.031868,  42.255955,  43.738678,  43.738678,  43.738678, 344
345,  24.025255,  38.640728,  40.042229,  42.266727,  43.749866,  43.749866,  43.749866, 345
346,  24.031471,  38.650261,  40.052174,  43.018864,  44.502415,  44.502415,  44.502415, 346
347,  24.037271,  38.659790,  40.062119,  43.029640,  44.513603,  44.513603,  44.513603, 347
348,  24.043074,  38.669735,  40.072067,  43.040413,  44.524380,  44.524380,  44.524380, 348
349,  24.049290,  38.679680,  40.082424,  43.051601,  44.535984,  44.535984,  44.535984, 349
350,  24.055506,  38.689213,  40.092373,  43.062374,  44.547173,  44.547173,  44.547173, 350
351,  24.061308,  38.698746,  40.102318,  43.072735,  44.557945,  44.557945,  44.557945, 351
352,  24.067524,  38.708691,  40.112679,  43.083923,  44.569550,  44.569550,  44.569550, 352
353,  24.073740,  38.718220,  40.122623,  43.094700,  44.580738,  44.580738,  44.580738, 353
354,  24.079540,  38.727753,  40.132568,  43.105473,  44.591927,  44.591927,  44.591927, 354
355,  24.085756,  38.738113,  40.142929,  43.116661,  44.603115,  44.603115,  44.603115, 355
356,  24.091558,  38.747643,  40.152874,  43.127022,  44.614304,  44.614304,  44.614304, 356
357,  24.097775,  38.757175,  40.162819,  43.137798,  44.625492,  44.625492,  44.625492, 357
358,  24.103991,  38.767120,  40.173180,  43.148987,  44.636681,  44.636681,  44.636681, 358
359,  24.109793,  38.776649,  40.183125,  43.159760,  45.392132,  45.392132,  45.392132, 359
360,  24.116009,  38.786598,  40.193485,  43.170948,  45.403736,  45.403736,  45.403736, 360
361,  24.122225,  38.796127,  40.203430,  43.181309,  45.414925,  45.414925,  45.414925, 361
362,  24.128025,  38.806072,  40.213375,  43.192081,  45.426113,  45.426113,  45.426113, 362
363,  24.134241,  38.816021,  40.223736,  43.203274,  45.438129,  45.438129,  45.438129, 363
364,  24.140043,  38.825550,  40.233681,  43.959137,  45.449322,  45.449322,  45.449322, 364
365,  24.146259,  38.835495,  40.244041,  43.970325,  45.460922,  45.460922,  45.460922, 365
366,  24.152475,  38.845028,  40.253986,  43.981102,  45.472111,  45.472111,  45.472111, 366
367,  24.158278,  38.854557,  40.263931,  43.991875,  45.483299,  45.483299,  45.483299, 367
368,  24.164494,  38.864506,  40.274292,  44.003479,  45.494904,  45.494904,  45.494904, 368
369,  24.170710,  38.874451,  40.284237,  44.014252,  45.506092,  45.506092,  45.506092, 369
370,  24.176926,  38.884396,  40.294598,  44.025440,  45.518112,  45.518112,  45.518112, 370
371,  24.182726,  38.893925,  40.304543,  44.036629,  45.529301,  45.529301,  45.529301, 371
372,  24.188942,  38.903873,  40.314903,  44.047821,  45.540901,  45.540901,  45.540901, 372
373,  24.194744,  38.913403,  40.324848,  44.058594,  45.552090,  45.552090,  45.552090, 373
374,  24.200960,  38.922935,  40.334797,  44.069366,  45.563278,  45.563278,  45.563278, 374
375,  24.207176,  38.932880,  40.345154,  44.080971,  45.574883,  45.574883,  45.574883, 375
376,  24.212978,  38.942825,  40.355103,  44.091747,  45.586487,  45.586487,  45.586487, 376
377,  24.219194,  38.952770,  40.365459,  44.102936,  45.598091,  45.598091,  45.598091, 377
378,  24.225410,  38.962303,  40.375408,  43.311844,  44.780064,  44.780064,  44.780064, 378
379,  24.287985,  39.063000,  40.479836,  43.423733,  44.895683,  44.895683,  44.895683, 379
380,  24.350143,  39.163288,  40.583851,  43.535206,  45.011299,  45.011299,  45.011299, 380
381,  24.413134,  39.264400,  40.688694,  43.647923,  45.127331,  45.127331,  45.127331, 381
382,  24.476122,  39.365929,  40.793537,  44.502003,  45.243778,  45.243778,  45.243778, 382
383,  24.539110,  39.467041,  40.898380,  44.616375,  45.360226,  45.360226,  45.360226, 383
384,  24.602514,  39.568985,  41.004051,  44.731579,  45.477085,  45.477085,  45.477085, 384
385,  24.665916,  39.670925,  41.109722,  44.046162,  44.780064,  44.780064,  44.780064, 385
386,  24.696997,  39.721069,  41.161522,  44.101692,  44.836838,  44.836838,  44.836838, 386
387,  24.728077,  39.771210,  41.213737,  44.157635,  44.893608,  44.893608,  44.893608, 387
388,  24.759571,  39.821770,  41.265953,  44.213581,  44.950382,  44.950382,  44.950382, 388
389,  24.791065,  39.871910,  41.318165,  44.269524,  45.007156,  45.007156,  45.007156, 389
390,  24.822145,  39.922466,  41.370380,  44.325466,  45.064342,  45.064342,  45.064342, 390
391,  24.853640,  39.972610,  41.422596,  44.381413,  45.121117,  45.121117,  45.121117, 391
392,  24.885134,  40.023582,  41.475224,  44.437771,  45.178303,  45.178303,  45.178303, 392
393,  24.916628,  40.074139,  41.527439,  44.493713,  45.235077,  45.235077,  45.235077, 393
394,  24.948124,  40.124695,  41.580067,  44.550072,  45.292675,  45.292675,  45.292675, 394
395,  24.979618,  40.175667,  41.632694,  44.606430,  45.349865,  45.349865,  45.349865, 395
396,  25.011112,  40.226223,  41.685326,  44.662788,  45.407051,  45.407051,  45.407051, 396
397,  25.042606,  40.277195,  41.737953,  44.719147,  45.464653,  45.464653,  45.464653, 397
398,  25.074514,  40.328163,  41.790997,  44.775921,  45.522255,  45.522255,  45.522255, 398
399,  25.106010,  40.379135,  41.843624,  44.045746,  44.780064,  44.780064,  44.780064, 399
400,  25.160711,  40.466988,  41.934795,  44.877449,  44.877449,  44.877449,  44.877449, 400
401,  25.215412,  40.555256,  42.025963,  44.975246,  44.975246,  44.975246,  44.975246, 401
402,  25.270527,  40.643524,  42.117542,  45.073044,  45.073044,  45.073044,  45.073044, 402
403,  25.325642,  40.731789,  42.209126,  45.171257,  45.171257,  45.171257,  45.171257, 403
404,  25.380756,  40.820473,  42.301125,  45.269470,  45.269470,  45.269470,  45.269470, 404
405,  25.435871,  40.909569,  42.393120,  45.368099,  45.368099,  45.368099,  45.368099, 405
406,  25.491402,  40.998665,  42.485531,  45.467140,  45.467140,  45.467140,  45.467140, 406
407,  25.546930,  41.087761,  42.577942,  44.780064,  44.780064,  44.780064,  44.780064, 407
408,  25.595415,  41.165668,  42.658749,  44.865429,  44.865429,  44.865429,  44.865429, 408
409,  25.643900,  41.243988,  42.739971,  44.950798,  44.950798,  44.950798,  44.950798, 409
410,  25.692801,  41.322311,  42.821194,  45.036163,  45.036163,  45.036163,  45.036163, 410
411,  25.741285,  41.400631,  42.902416,  45.121529,  45.121529,  45.121529,  45.121529, 411
412,  25.790598,  41.479782,  42.984055,  45.207310,  45.207310,  45.207310,  45.207310, 412
413,  25.839499,  41.558517,  43.065693,  45.293091,  45.293091,  45.293091,  45.293091, 413
414,  25.888811,  41.637669,  43.147743,  45.379700,  45.379700,  45.379700,  45.379700, 414
415,  25.937710,  41.716820,  43.229794,  45.465897,  45.465897,  45.465897,  45.465897, 415
416,  25.987024,  41.795971,  43.311844,  44.780064,  44.780064,  44.780064,  44.780064, 416
417,  26.049599,  41.896667,  43.416275,  44.887810,  44.887810,  44.887810,  44.887810, 417
418,  26.112173,  41.996952,  43.520287,  45.733185,  45.733185,  45.733185,  45.733185, 418
419,  26.175161,  42.098068,  43.625130,  45.843414,  45.843414,  45.843414,  45.843414, 419
420,  26.238150,  42.199596,  43.729973,  45.953644,  45.953644,  45.953644,  45.953644, 420
421,  26.301140,  42.301125,  43.835232,  46.064289,  46.064289,  46.064289,  46.064289, 421
422,  26.364128,  42.402653,  43.940491,  46.174934,  46.174934,  46.174934,  46.174934, 422
423,  26.427530,  42.504593,  44.046162,  45.514381,  45.514381,  45.514381,  45.514381, 423
424,  26.500465,  42.621868,  44.167580,  45.639942,  45.639942,  45.639942,  45.639942, 424
425,  26.573814,  42.739143,  44.289413,  45.765923,  45.765923,  45.765923,  45.765923, 425
426,  26.647163,  42.857246,  44.411663,  45.891899,  45.891899,  45.891899,  45.891899, 426
427,  26.720512,  42.975765,  44.534325,  46.018707,  46.018707,  46.018707,  46.018707, 427
428,  26.794275,  43.093872,  44.656986,  46.145512,  46.145512,  46.145512,  46.145512, 428
429,  26.868038,  43.212803,  44.780064,  45.513966,  45.513966,  45.513966,  45.513966, 429
430,  26.977440,  43.388924,  44.962399,  45.699619,  45.699619,  45.699619,  45.699619, 430
431,  27.087255,  43.565456,  45.145565,  45.885685,  45.885685,  45.885685,  45.885685, 431
432,  27.197901,  43.742821,  45.329559,  46.072578,  46.072578,  46.072578,  46.072578, 432
433,  27.308546,  43.921429,  45.514381,  45.514381,  45.514381,  45.514381,  45.514381, 433
434,  27.419605,  44.100033,  45.699619,  45.699619,  45.699619,  45.699619,  45.699619, 434
435,  27.531492,  44.279884,  45.885685,  46.625801,  46.625801,  46.625801,  46.625801, 435
436,  27.643381,  44.460148,  46.072578,  46.815598,  46.815598,  46.815598,  46.815598, 436
437,  27.749052,  44.629639,  46.248283,  46.248283,  46.248283,  46.248283,  46.248283, 437
438,  27.811626,  44.730335,  46.352711,  46.352711,  46.352711,  46.352711,  46.352711, 438
439,  27.874201,  44.831036,  46.457142,  46.457142,  46.457142,  46.457142,  46.457142, 439
440,  27.936775,  44.931736,  46.561569,  46.561569,  46.561569,  46.561569,  46.561569, 440
441,  27.999765,  45.033264,  46.666412,  46.666412,  46.666412,  46.666412,  46.666412, 441
442,  28.063168,  45.134789,  46.771671,  46.771671,  46.771671,  46.771671,  46.771671, 442
443,  28.126156,  45.236317,  46.876926,  46.876926,  46.876926,  46.876926,  46.876926, 443
444,  28.189560,  45.338261,  46.982601,  46.982601,  46.982601,  46.982601,  46.982601, 444
445,  28.262495,  45.455536,  47.104019,  47.104019,  47.104019,  47.104019,  47.104019, 445
446,  28.335428,  45.572811,  47.225853,  47.225853,  47.225853,  47.225853,  47.225853, 446
447,  28.408777,  45.690914,  47.348103,  47.348103,  47.348103,  47.348103,  47.348103, 447
448,  28.482540,  45.809433,  47.470764,  47.470764,  47.470764,  47.470764,  47.470764, 448
449,  28.555889,  45.927536,  47.593426,  47.593426,  47.593426,  47.593426,  47.593426, 449
450,  28.630068,  46.046471,  47.716503,  47.716503,  47.716503,  47.716503,  47.716503, 450
451,  28.692642,  46.147171,  47.820930,  47.820930,  47.820930,  47.820930,  47.820930, 451
452,  28.755217,  46.247868,  47.925362,  47.925362,  47.925362,  47.925362,  47.925362, 452
453,  28.817791,  46.348568,  48.029789,  48.029789,  48.029789,  48.029789,  48.029789, 453
454,  28.880779,  46.450096,  48.134632,  48.134632,  48.134632,  48.134632,  48.134632, 454
455,  28.943768,  46.551624,  48.239891,  48.239891,  48.239891,  48.239891,  48.239891, 455
456,  29.007172,  46.653152,  48.345146,  48.345146,  48.345146,  48.345146,  48.345146, 456
457,  29.070574,  46.755093,  48.450821,  48.450821,  48.450821,  48.450821,  48.450821, 457
458,  29.143509,  46.872368,  48.572239,  48.572239,  48.572239,  48.572239,  48.572239, 458
459,  29.216444,  46.989643,  48.694073,  48.694073,  48.694073,  48.694073,  48.694073, 459
460,  29.289791,  47.107750,  48.816319,  48.816319,  48.816319,  48.816319,  48.816319, 460
461,  29.363556,  47.226269,  48.938984,  48.938984,  48.938984,  48.938984,  48.938984, 461
462,  29.436905,  47.344372,  49.061646,  49.061646,  49.061646,  49.061646,  49.061646, 462
463,  29.510668,  47.463303,  49.184723,  49.184723,  49.184723,  49.184723,  49.184723, 463
464,  29.951590,  48.171928,  49.919037,  49.919037,  49.919037,  49.919037,  49.919037, 464
465,  30.170807,  48.524582,  50.284538,  50.284538,  50.284538,  50.284538,  50.284538, 465
466,  30.391682,  48.880138,  50.652943,  50.652943,  50.652943,  50.652943,  50.652943, 466
467,  30.832190,  49.588760,  51.387257,  51.387257,  51.387257,  51.387257,  51.387257, 467
468,  31.051821,  49.941418,  51.752758,  51.752758,  51.752758,  51.752758,  51.752758, 468
469,  31.272696,  50.296970,  52.121159,  52.121159,  52.121159,  52.121159,  52.121159, 469
470,  31.713203,  51.005596,  52.855476,  52.855476,  52.855476,  52.855476,  52.855476, 470
471,  31.932421,  51.358250,  53.220978,  53.220978,  53.220978,  53.220978,  53.220978, 471
472,  32.153709,  51.713806,  53.589378,  53.589378,  53.589378,  53.589378,  53.589378, 472
473,  32.594219,  52.422428,  54.323696,  54.323696,  54.323696,  54.323696,  54.323696, 473
474,  32.813435,  52.775082,  54.689198,  54.689198,  54.689198,  54.689198,  54.689198, 474
475,  33.034725,  53.130638,  55.057598,  55.057598,  55.057598,  55.057598,  55.057598, 475
476,  33.474819,  53.838848,  55.791500,  55.791500,  55.791500,  55.791500,  55.791500, 476
477,  33.694450,  54.191917,  56.157417,  56.157417,  56.157417,  56.157417,  56.157417, 477
478,  33.915325,  54.547470,  56.525818,  56.525818,  56.525818,  56.525818,  56.525818, 478
479,  34.355831,  55.255680,  57.259720,  57.259720,  57.259720,  57.259720,  57.259720, 479
480,  34.575462,  55.608749,  57.625637,  57.625637,  57.625637,  57.625637,  57.625637, 480
481,  34.796341,  55.964306,  57.994038,  57.994038,  57.994038,  57.994038,  57.994038, 481
482,  35.236847,  56.672516,  58.727940,  58.727940,  58.727940,  58.727940,  58.727940, 482
483,  35.677353,  57.381138,  59.462257,  59.462257,  59.462257,  59.462257,  59.462257, 483
484,  35.896984,  57.734207,  59.828171,  59.828171,  59.828171,  59.828171,  59.828171, 484
485,  36.117863,  58.089348,  60.196159,  60.196159,  60.196159,  60.196159,  60.196159, 485
486,  36.558369,  58.797974,  60.930473,  60.930473,  60.930473,  60.930473,  60.930473, 486
487,  36.998463,  59.506184,  61.664379,  61.664379,  61.664379,  61.664379,  61.664379, 487
488,  37.439381,  60.214806,  62.398693,  62.398693,  62.398693,  62.398693,  62.398693, 488
489,  37.658600,  60.567875,  62.764610,  62.764610,  62.764610,  62.764610,  62.764610, 489
490,  37.879475,  60.923016,  63.132595,  63.132595,  63.132595,  63.132595,  63.132595, 490
491,  38.319981,  61.631641,  63.866913,  63.866913,  63.866913,  63.866913,  63.866913, 491
492,  38.760490,  62.339851,  64.600815,  64.600815,  64.600815,  64.600815,  64.600815, 492
493,  39.200996,  63.048473,  65.335136,  65.335136,  65.335136,  65.335136,  65.335136, 493
494,  39.420628,  63.401543,  65.701050,  65.701050,  65.701050,  65.701050,  65.701050, 494
495,  39.641502,  63.756683,  66.069038,  66.069038,  66.069038,  66.069038,  66.069038, 495
496,  40.082012,  64.465309,  66.803352,  66.803352,  66.803352,  66.803352,  66.803352, 496
497,  40.522518,  65.173515,  67.537254,  67.537254,  67.537254,  67.537254,  67.537254, 497
498,  40.963024,  65.882141,  68.271568,  68.271568,  68.271568,  68.271568,  68.271568, 498
499,  41.403118,  66.590347,  69.005470,  69.005470,  69.005470,  69.005470,  69.005470, 499
500,  41.844040,  67.298973,  69.739792,  69.739792,  69.739792,  69.739792,  69.739792, 500
501,  42.063259,  67.652046,  70.105705,  70.105705,  70.105705,  70.105705,  70.105705, 501
502,  42.284134,  68.007187,  70.473694,  70.473694,  70.473694,  70.473694,  70.473694, 502
503,  42.724640,  68.715805,  71.208008,  71.208008,  71.208008,  71.208008,  71.208008, 503
504,  43.165146,  69.424019,  71.941910,  71.941910,  71.941910,  71.941910,  71.941910, 504
505,  43.605656,  70.132645,  72.676231,  72.676231,  72.676231,  72.676231,  72.676231, 505
506,  44.046162,  70.840851,  73.410133,  73.410133,  73.410133,  73.410133,  73.410133, 506
507,  44.486256,  71.549057,  74.144035,  74.144035,  74.144035,  74.144035,  74.144035, 507
508,  44.927177,  72.257683,  74.878349,  74.878349,  74.878349,  74.878349,  74.878349, 508
509,  45.367268,  72.965897,  75.612251,  75.612251,  75.612251,  75.612251,  75.612251, 509
510,  45.807777,  73.674515,  76.346573,  76.346573,  76.346573,  76.346573,  76.346573, 510
511,  46.248283,  74.382729,  77.080475,  77.080475,  77.080475,  77.080475,  77.080475, 511
512,  46.688789,  75.091354,  77.814789,  77.814789,  77.814789,  77.814789,  77.814789, 512
513,  47.129299,  75.799561,  78.548691,  78.548691,  78.548691,  78.548691,  78.548691, 513
514,  47.569805,  76.508186,  79.283005,  79.283005,  79.283005,  79.283005,  79.283005, 514
515,  48.010311,  77.216393,  80.016907,  80.016907,  80.016907,  80.016907,  80.016907, 515
516,  48.450821,  77.925018,  80.751228,  80.751228,  80.751228,  80.751228,  80.751228, 516
517,  48.890911,  78.633232,  81.485130,  81.485130,  81.485130,  81.485130,  81.485130, 517
518,  49.331833,  79.341850,  82.219444,  82.219444,  82.219444,  82.219444,  82.219444, 518
519,  49.771927,  80.050064,  82.953346,  82.953346,  82.953346,  82.953346,  82.953346, 519
520,  50.212433,  80.758690,  83.687668,  83.687668,  83.687668,  83.687668,  83.687668, 520
521,  50.652943,  81.466896,  84.421570,  84.421570,  84.421570,  84.421570,  84.421570, 521
522,  51.093449,  82.175522,  85.155884,  85.155884,  85.155884,  85.155884,  85.155884, 522
523,  51.533955,  82.883728,  85.889786,  85.889786,  85.889786,  85.889786,  85.889786, 523
524,  51.974461,  83.592354,  86.624107,  86.624107,  86.624107,  86.624107,  86.624107, 524
525,  52.414970,  84.300560,  87.358009,  87.358009,  87.358009,  87.358009,  87.358009, 525
526,  53.295570,  85.717400,  88.826225,  88.826225,  88.826225,  88.826225,  88.826225, 526
527,  53.736492,  86.426018,  89.560539,  89.560539,  89.560539,  89.560539,  89.560539, 527
528,  54.176582,  87.134232,  90.294441,  90.294441,  90.294441,  90.294441,  90.294441, 528
529,  54.617092,  87.842857,  91.028763,  91.028763,  91.028763,  91.028763,  91.028763, 529
530,  55.057598,  88.551064,  91.762665,  91.762665,  91.762665,  91.762665,  91.762665, 530
531,  55.498104,  89.259277,  92.496567,  92.496567,  92.496567,  92.496567,  92.496567, 531
532,  55.938614,  89.967896,  93.230881,  93.230881,  93.230881,  93.230881,  93.230881, 532
533,  56.819626,  91.384727,  94.699104,  94.699104,  94.699104,  94.699104,  94.699104, 533
534,  57.259720,  92.092941,  95.433006,  95.433006,  95.433006,  95.433006,  95.433006, 534
535,  57.700226,  92.801567,  96.167320,  96.167320,  96.167320,  96.167320,  96.167320, 535
536,  58.140736,  93.509773,  96.901222,  96.901222,  96.901222,  96.901222,  96.901222, 536
537,  59.021748,  94.926605,  98.369446,  98.369446,  98.369446,  98.369446,  98.369446, 537
538,  59.462257,  95.635231,  99.103760,  99.103760,  99.103760,  99.103760,  99.103760, 538
539,  59.902763,  96.343445,  99.837662,  99.837662,  99.837662,  99.837662,  99.837662, 539
540,  60.343269,  97.052063, 100.571983, 100.571983, 100.571983, 100.571983, 100.571983, 540
541,  61.224285,  98.468903, 102.040199, 102.040199, 102.040199, 102.040199, 102.040199, 541
542,  61.664379,  99.177109, 102.774101, 102.774101, 102.774101, 102.774101, 102.774101, 542
543,  62.104885,  99.885735, 103.508423, 103.508423, 103.508423, 103.508423, 103.508423, 543
544,  62.985901, 101.302567, 104.976639, 104.976639, 104.976639, 104.976639, 104.976639, 544
545,  63.426407, 102.010773, 105.710541, 105.710541, 105.710541, 105.710541, 105.710541, 545
546,  63.866913, 102.719398, 106.444847, 106.444847, 106.444847, 106.444847, 106.444847, 546
547,  64.747925, 104.136230, 107.913078, 107.913078, 107.913078, 107.913078, 107.913078, 547
548,  65.188019, 104.844437, 108.646980, 108.646980, 108.646980, 108.646980, 108.646980, 548
549,  65.628944, 105.553070, 109.381287, 109.381287, 109.381287, 109.381287, 109.381287, 549
550,  66.509544, 106.969490, 110.849098, 110.849098, 110.849098, 110.849098, 110.849098, 550
551,  66.950050, 107.678108, 111.583420, 111.583420, 111.583420, 111.583420, 111.583420, 551
552,  67.831062, 109.094940, 113.051643, 113.051643, 113.051643, 113.051643, 113.051643, 552
553,  68.271156, 109.803146, 113.785538, 113.785538, 113.785538, 113.785538, 113.785538, 553
554,  68.712082, 110.511780, 114.519852, 114.519852, 114.519852, 114.519852, 114.519852, 554
555,  69.592682, 111.928612, 115.988083, 115.988083, 115.988083, 115.988083, 115.988083, 555
556,  70.033188, 112.636818, 116.721977, 116.721977, 116.721977, 116.721977, 116.721977, 556
557,  70.914200, 114.053658, 118.190193, 118.190193, 118.190193, 118.190193, 118.190193, 557
558,  71.354706, 114.762283, 118.924507, 118.924507, 118.924507, 118.924507, 118.924507, 558
559,  72.235725, 116.179123, 120.392731, 120.392731, 120.392731, 120.392731, 120.392731, 559
560,  72.675812, 116.887321, 121.126633, 121.126633, 121.126633, 121.126633, 121.126633, 560
561,  73.556831, 118.304153, 122.594856, 122.594856, 122.594856, 122.594856, 122.594856, 561
562,  74.437843, 119.720993, 124.063072, 124.063072, 124.063072, 124.063072, 124.063072, 562
563,  74.878349, 120.429611, 124.797394, 124.797394, 124.797394, 124.797394, 124.797394, 563
564,  75.759361, 121.846443, 126.265610, 126.265610, 126.265610, 126.265610, 126.265610, 564
565,  76.199875, 122.554657, 126.999512, 126.999512, 126.999512, 126.999512, 126.999512, 565
566,  77.080475, 123.971489, 128.467728, 128.467728, 128.467728, 128.467728, 128.467728, 566
567,  77.961487, 125.388321, 129.935944, 129.935944, 129.935944, 129.935944, 129.935944, 567
568,  78.401993, 126.096527, 130.669846, 130.669846, 130.669846, 130.669846, 130.669846, 568
569,  79.283005, 127.513367, 132.138077, 132.138077, 132.138077, 132.138077, 132.138077, 569
570,  80.163605, 128.930206, 133.606293, 133.606293, 133.606293, 133.606293, 133.606293, 570
571,  80.604530, 129.638824, 134.340607, 134.340607, 134.340607, 134.340607, 134.340607, 571
572,  81.485130, 131.055664, 135.808823, 135.808823, 135.808823, 135.808823, 135.808823, 572
573,  82.366142, 132.472488, 137.277039, 137.277039, 137.277039, 137.277039, 137.277039, 573
574,  82.806648, 133.180695, 138.010941, 138.010941, 138.010941, 138.010941, 138.010941, 574
575,  83.687668, 134.597534, 139.479172, 139.479172, 139.479172, 139.479172, 139.479172, 575
576,  84.568268, 136.014374, 140.947388, 140.947388, 140.947388, 140.947388, 140.947388, 576
577,  85.449280, 137.431198, 142.415604, 142.415604, 142.415604, 142.415604, 142.415604, 577
578,  86.330292, 138.848038, 143.883820, 143.883820, 143.883820, 143.883820, 143.883820, 578
579,  86.770805, 139.556656, 144.618134, 144.618134, 144.618134, 144.618134, 144.618134, 579
580,  87.651817, 140.973495, 146.086365, 146.086365, 146.086365, 146.086365, 146.086365, 580
581,  88.532417, 142.389908, 147.554169, 147.554169, 147.554169, 147.554169, 147.554169, 581
582,  89.413429, 143.806747, 149.022385, 149.022385, 149.022385, 149.022385, 149.022385, 582
583,  90.294441, 145.223572, 150.490601, 150.490601, 150.490601, 150.490601, 150.490601, 583
584,  91.175461, 146.640411, 151.958817, 151.958817, 151.958817, 151.958817, 151.958817, 584
585,  92.056061, 148.057251, 153.427048, 153.427048, 153.427048, 153.427048, 153.427048, 585
586,  92.937073, 149.474075, 154.895264, 154.895264, 154.895264, 154.895264, 154.895264, 586
587,  93.818085, 150.890915, 156.363480, 156.363480, 156.363480, 156.363480, 156.363480, 587
588,  94.699104, 152.307755, 157.831696, 157.831696, 157.831696, 157.831696, 157.831696, 588
589,  95.580116, 153.724579, 159.299911, 159.299911, 159.299911, 159.299911, 159.299911, 589
590,  96.460716, 155.141418, 160.768143, 160.768143, 160.768143, 160.768143, 160.768143, 590
591,  97.341728, 156.558243, 162.236359, 162.236359, 162.236359, 162.236359, 162.236359, 591
592,  98.222748, 157.975082, 163.704575, 163.704575, 163.704575, 163.704575, 163.704575, 592
593,  99.103760, 159.391922, 165.172791, 165.172791, 165.172791, 165.172791, 165.172791, 593
594,  99.984772, 160.808746, 166.641022, 166.641022, 166.641022, 166.641022, 166.641022, 594
595, 100.865372, 162.225586, 168.109238, 168.109238, 168.109238, 168.109238, 168.109238, 595
596, 101.746391, 163.642410, 169.577454, 169.577454, 169.577454, 169.577454, 169.577454, 596
597, 103.067909, 165.767456, 171.779572, 171.779572, 171.779572, 171.779572, 171.779572, 597
598, 103.948509, 167.184296, 173.247787, 173.247787, 173.247787, 173.247787, 173.247787, 598
599, 104.829521, 168.601120, 174.716019, 174.716019, 174.716019, 174.716019, 174.716019, 599
600, 105.710541, 170.017960, 176.184235, 176.184235, 176.184235, 176.184235, 176.184235, 600
601, 106.591553, 171.434799, 177.652451, 177.652451, 177.652451, 177.652451, 177.652451, 601
602, 107.913078, 173.560257, 179.854980, 179.854980, 179.854980, 179.854980, 179.854980, 602
603, 108.794090, 174.977081, 181.323212, 181.323212, 181.323212, 181.323212, 181.323212, 603
604, 109.674690, 176.393921, 182.791428, 182.791428, 182.791428, 182.791428, 182.791428, 604
605, 110.996208, 178.518967, 184.993546, 184.993546, 184.993546, 184.993546, 184.993546, 605
606, 111.877228, 179.935791, 186.461761, 186.461761, 186.461761, 186.461761, 186.461761, 606
607, 112.757828, 181.352631, 187.929993, 187.929993, 187.929993, 187.929993, 187.929993, 607
608, 114.079353, 183.477676, 190.132111, 190.132111, 190.132111, 190.132111, 190.132111, 608
609, 114.960373, 184.894501, 191.600327, 191.600327, 191.600327, 191.600327, 191.600327, 609
610, 116.281883, 187.019958, 193.802856, 193.802856, 193.802856, 193.802856, 193.802856, 610
611, 117.162483, 188.436798, 195.271088, 195.271088, 195.271088, 195.271088, 195.271088, 611
612, 118.484001, 190.561844, 197.473206, 197.473206, 197.473206, 197.473206, 197.473206, 612
613, 119.365021, 191.978668, 198.941422, 198.941422, 198.941422, 198.941422, 198.941422, 613
614, 120.686539, 194.103714, 201.143951, 201.143951, 201.143951, 201.143951, 201.143951, 614
615, 121.567139, 195.520554, 202.611771, 202.611771, 202.611771, 202.611771, 202.611771, 615
616, 122.888657, 197.645599, 204.814301, 204.814301, 204.814301, 204.814301, 204.814301, 616
617, 123.769676, 199.062424, 206.282516, 206.282516, 206.282516, 206.282516, 206.282516, 617
618, 125.090782, 201.187881, 208.484634, 208.484634, 208.484634, 208.484634, 208.484634, 618
619, 126.412308, 203.312927, 210.687180, 210.687180, 210.687180, 210.687180, 210.687180, 619
620, 127.293320, 204.729767, 212.155396, 212.155396, 212.155396, 212.155396, 212.155396, 620
621, 128.614426, 206.854797, 214.357513, 214.357513, 214.357513, 214.357513, 214.357513, 621
622, 129.935944, 208.980255, 216.560059, 216.560059, 216.560059, 216.560059, 216.560059, 622
623, 131.257477, 211.105301, 218.762177, 218.762177, 218.762177, 218.762177, 218.762177, 623
624, 132.138077, 212.522141, 220.230392, 220.230392, 220.230392, 220.230392, 220.230392, 624
625, 133.459595, 214.647186, 222.432510, 222.432510, 222.432510, 222.432510, 222.432510, 625
626, 134.781113, 216.772644, 224.635056, 224.635056, 224.635056, 224.635056, 224.635056, 626
627, 136.102219, 218.897690, 226.837173, 226.837173, 226.837173, 226.837173, 226.837173, 627
628, 137.423737, 221.023148, 229.039703, 229.039703, 229.039703, 229.039703, 229.039703, 628
629, 138.745270, 223.148178, 231.241837, 231.241837, 231.241837, 231.241837, 231.241837, 629
630, 140.066788, 225.273636, 233.444366, 233.444366, 233.444366, 233.444366, 233.444366, 630
631, 141.387894, 227.398682, 235.646484, 235.646484, 235.646484, 235.646484, 235.646484, 631
632, 142.709412, 229.524139, 237.849030, 237.849030, 237.849030, 237.849030, 237.849030, 632
633, 144.030518, 231.649185, 240.051147, 240.051147, 240.051147, 240.051147, 240.051147, 633
634, 145.352051, 233.774231, 242.253265, 242.253265, 242.253265, 242.253265, 242.253265, 634
635, 146.673569, 235.899689, 244.455811, 244.455811, 244.455811, 244.455811, 244.455811, 635
636, 147.994675, 238.024734, 246.657928, 246.657928, 246.657928, 246.657928, 246.657928, 636
637, 149.316193, 240.150192, 248.860458, 248.860458, 248.860458, 248.860458, 248.860458, 637
638, 150.637711, 242.275223, 251.062576, 251.062576, 251.062576, 251.062576, 251.062576, 638
639, 151.959244, 244.400681, 253.265121, 253.265121, 253.265121, 253.265121, 253.265121, 639
640, 153.720856, 247.234360, 256.201569, 256.201569, 256.201569, 256.201569, 256.201569, 640
641, 155.042374, 249.359406, 258.403687, 258.403687, 258.403687, 258.403687, 258.403687, 641
642, 156.363480, 251.484436, 260.605804, 260.605804, 260.605804, 260.605804, 260.605804, 642
643, 157.684998, 253.609894, 262.808350, 262.808350, 262.808350, 262.808350, 262.808350, 643
644, 159.447037, 256.443573, 265.744781, 265.744781, 265.744781, 265.744781, 265.744781, 644
645, 160.768143, 258.568604, 267.946899, 267.946899, 267.946899, 267.946899, 267.946899, 645
646, 162.530167, 261.402283, 270.883331, 270.883331, 270.883331, 270.883331, 270.883331, 646
647, 163.851685, 263.527740, 273.085876, 273.085876, 273.085876, 273.085876, 273.085876, 647
648, 165.613297, 266.360992, 276.021881, 276.021881, 276.021881, 276.021881, 276.021881, 648
649, 166.934830, 268.486450, 278.224426, 278.224426, 278.224426, 278.224426, 278.224426, 649
650, 168.696442, 271.320099, 281.160858, 281.160858, 281.160858, 281.160858, 281.160858, 650
651, 170.017960, 273.445160, 283.362976, 283.362976, 283.362976, 283.362976, 283.362976, 651
652, 171.779572, 276.278809, 286.299438, 286.299438, 286.299438, 286.299438, 286.299438, 652
653, 173.101089, 278.404266, 288.501953, 288.501953, 288.501953, 288.501953, 288.501953, 653
654, 174.863129, 281.237946, 291.438416, 291.438416, 291.438416, 291.438416, 291.438416, 654
655, 176.624741, 284.071198, 294.374420, 294.374420, 294.374420, 294.374420, 294.374420, 655
656, 178.386353, 286.904877, 297.310852, 297.310852, 297.310852, 297.310852, 297.310852, 656
657, 179.707870, 289.030334, 299.513397, 299.513397, 299.513397, 299.513397, 299.513397, 657
658, 181.469910, 291.863983, 302.449829, 302.449829, 302.449829, 302.449829, 302.449829, 658
659, 183.231934, 294.697662, 305.386292, 305.386292, 305.386292, 305.386292, 305.386292, 659
660, 184.993546, 297.531342, 308.322723, 308.322723, 308.322723, 308.322723, 308.322723, 660
661, 186.755569, 300.364990, 311.259155, 311.259155, 311.259155, 311.259155, 311.259155, 661
662, 188.517197, 303.198242, 314.195190, 314.195190, 314.195190, 314.195190, 314.195190, 662
663, 190.278809, 306.031921, 317.131622, 317.131622, 317.131622, 317.131622, 317.131622, 663
664, 192.040833, 308.865570, 320.068054, 320.068054, 320.068054, 320.068054, 320.068054, 664
665, 193.802856, 311.699249, 323.004486, 323.004486, 323.004486, 323.004486, 323.004486, 665
666, 195.564484, 314.532928, 325.940918, 325.940918, 325.940918, 325.940918, 325.940918, 666
667, 197.326508, 317.366577, 328.877380, 328.877380, 328.877380, 328.877380, 328.877380, 667
668, 199.088120, 320.200256, 331.813812, 331.813812, 331.813812, 331.813812, 331.813812, 668
669, 201.290649, 323.742126, 335.484161, 335.484161, 335.484161, 335.484161, 335.484161, 669
670, 203.052277, 326.575806, 338.420593, 338.420593, 338.420593, 338.420593, 338.420593, 670
671, 204.814301, 329.409454, 341.357025, 341.357025, 341.357025, 341.357025, 341.357025, 671
672, 207.016830, 332.951752, 345.027771, 345.027771, 345.027771, 345.027771, 345.027771, 672
673, 208.778442, 335.785431, 347.964233, 347.964233, 347.964233, 347.964233, 347.964233, 673
674, 210.980576, 339.327301, 351.634552, 351.634552, 351.634552, 351.634552, 351.634552, 674
675, 212.742599, 342.160950, 354.571014, 354.571014, 354.571014, 354.571014, 354.571014, 675
676, 214.944717, 345.702850, 358.241333, 358.241333, 358.241333, 358.241333, 358.241333, 676
677, 216.706757, 348.536499, 361.177765, 361.177765, 361.177765, 361.177765, 361.177765, 677
678, 218.909286, 352.078796, 364.848541, 364.848541, 364.848541, 364.848541, 364.848541, 678
679, 220.670898, 354.912048, 367.784546, 367.784546, 367.784546, 367.784546, 367.784546, 679
680, 222.873016, 358.454346, 371.455322, 371.455322, 371.455322, 371.455322, 371.455322, 680
681, 225.075562, 361.996216, 375.125641, 375.125641, 375.125641, 375.125641, 375.125641, 681
682, 227.277679, 365.538513, 378.796417, 378.796417, 378.796417, 378.796417, 378.796417, 682
683, 229.039703, 368.372192, 381.732849, 381.732849, 381.732849, 381.732849, 381.732849, 683
684, 231.241837, 371.914062, 385.403198, 385.403198, 385.403198, 385.403198, 385.403198, 684
685, 233.443954, 375.455933, 389.073517, 389.073517, 389.073517, 389.073517, 389.073517, 685
686, 235.646484, 378.998230, 392.744293, 392.744293, 392.744293, 392.744293, 392.744293, 686
687, 237.848602, 382.540100, 396.414612, 396.414612, 396.414612, 396.414612, 396.414612, 687
688, 240.051147, 386.082397, 400.085388, 400.085388, 400.085388, 400.085388, 400.085388, 688
689, 242.253265, 389.624268, 403.755707, 403.755707, 403.755707, 403.755707, 403.755707, 689
690, 244.455811, 393.166138, 407.426056, 407.426056, 407.426056, 407.426056, 407.426056, 690
691, 247.098434, 397.416656, 411.830719, 411.830719, 411.830719, 411.830719, 411.830719, 691
692, 249.300964, 400.958923, 415.501465, 415.501465, 415.501465, 415.501465, 415.501465, 692
693, 251.503082, 404.500824, 419.171814, 419.171814, 419.171814, 419.171814, 419.171814, 693
694, 254.145721, 408.751312, 423.576477, 423.576477, 423.576477, 423.576477, 423.576477, 694
695, 256.348267, 412.293182, 427.246826, 427.246826, 427.246826, 427.246826, 427.246826, 695
696, 258.550385, 415.835480, 430.917572, 430.917572, 430.917572, 430.917572, 430.917572, 696
697, 261.193420, 420.085968, 435.322235, 435.322235, 435.322235, 435.322235, 435.322235, 697
698, 263.395538, 423.627869, 438.992554, 438.992554, 438.992554, 438.992554, 438.992554, 698
699, 266.038177, 427.878357, 443.397217, 443.397217, 443.397217, 443.397217, 443.397217, 699
700, 268.681213, 432.128876, 447.801880, 447.801880, 447.801880, 447.801880, 447.801880, 700
701, 270.883331, 435.670746, 451.472229, 451.472229, 451.472229, 451.472229, 451.472229, 701
702, 273.525970, 439.921234, 455.876892, 455.876892, 455.876892, 455.876892, 455.876892, 702
703, 276.169006, 444.171753, 460.281525, 460.281525, 460.281525, 460.281525, 460.281525, 703
704, 278.811646, 448.422241, 464.686188, 464.686188, 464.686188, 464.686188, 464.686188, 704
705, 281.454681, 452.672729, 469.090851, 469.090851, 469.090851, 469.090851, 469.090851, 705
706, 284.097321, 456.923248, 473.495514, 473.495514, 473.495514, 473.495514, 473.495514, 706
707, 286.739929, 461.173340, 477.899750, 477.899750, 477.899750, 477.899750, 477.899750, 707
708, 289.382568, 465.423828, 482.304413, 482.304413, 482.304413, 482.304413, 482.304413, 708
709, 292.025604, 469.674316, 486.709076, 486.709076, 486.709076, 486.709076, 486.709076, 709
710, 294.668243, 473.924835, 491.113739, 491.113739, 491.113739, 491.113739, 491.113739, 710
711, 297.310852, 478.175323, 495.518372, 495.518372, 495.518372, 495.518372, 495.518372, 711
712, 300.394012, 483.134033, 500.656952, 500.656952, 500.656952, 500.656952, 500.656952, 712
713, 303.037048, 487.384552, 505.061615, 505.061615, 505.061615, 505.061615, 505.061615, 713
714, 306.120178, 492.343658, 510.200592, 510.200592, 510.200592, 510.200592, 510.200592, 714
715, 308.762817, 496.593750, 514.604797, 514.604797, 514.604797, 514.604797, 514.604797, 715
716, 311.846375, 501.552887, 519.743774, 519.743774, 519.743774, 519.743774, 519.743774, 716
717, 314.488983, 505.803375, 524.148438, 524.148438, 524.148438, 524.148438, 524.148438, 717
718, 317.572113, 510.762085, 529.286987, 529.286987, 529.286987, 529.286987, 529.286987, 718
719, 320.655273, 515.720825, 534.425598, 534.425598, 534.425598, 534.425598, 534.425598, 719
720, 323.738800, 520.679932, 539.564575, 539.564575, 539.564575, 539.564575, 539.564575, 720
721, 326.381439, 524.930420, 543.969177, 543.969177, 543.969177, 543.969177, 543.969177, 721
722, 329.464569, 529.889160, 549.107788, 549.107788, 549.107788, 549.107788, 549.107788, 722
723, 332.547699, 534.847839, 554.246338, 554.246338, 554.246338, 554.246338, 554.246338, 723
724, 335.631256, 539.806946, 559.385315, 559.385315, 559.385315, 559.385315, 559.385315, 724
725, 339.154907, 545.474304, 565.258179, 565.258179, 565.258179, 565.258179, 565.258179, 725
726, 342.238037, 550.433044, 570.396729, 570.396729, 570.396729, 570.396729, 570.396729, 726
727, 345.321167, 555.391724, 575.535278, 575.535278, 575.535278, 575.535278, 575.535278, 727
728, 348.404724, 560.350830, 580.674255, 580.674255, 580.674255, 580.674255, 580.674255, 728
729, 351.928375, 566.018188, 586.547119, 586.547119, 586.547119, 586.547119, 586.547119, 729
730, 355.011505, 570.976868, 591.685730, 591.685730, 591.685730, 591.685730, 591.685730, 730
731, 358.535156, 576.644226, 597.558594, 597.558594, 597.558594, 597.558594, 597.558594, 731
732, 361.618286, 581.602966, 602.697144, 602.697144, 602.697144, 602.697144, 602.697144, 732
733, 365.141937, 587.270264, 608.570007, 608.570007, 608.570007, 608.570007, 608.570007, 733
734, 368.665558, 592.937195, 614.442871, 614.442871, 614.442871, 614.442871, 614.442871, 734
735, 372.189636, 598.604553, 620.315796, 620.315796, 620.315796, 620.315796, 620.315796, 735
736, 375.712860, 604.271423, 626.188232, 626.188232, 626.188232, 626.188232, 626.188232, 736
737, 379.236511, 609.938782, 632.061096, 632.061096, 632.061096, 632.061096, 632.061096, 737
738, 382.760559, 615.606140, 637.933960, 637.933960, 637.933960, 637.933960, 637.933960, 738
739, 386.284210, 621.273438, 643.806885, 643.806885, 643.806885, 643.806885, 643.806885, 739
740, 389.807861, 626.940796, 649.679749, 649.679749, 649.679749, 649.679749, 649.679749, 740
741, 393.331482, 632.608093, 655.552612, 655.552612, 655.552612, 655.552612, 655.552612, 741
742, 397.295654, 638.983643, 662.159424, 662.159424, 662.159424, 662.159424, 662.159424, 742
743, 400.819275, 644.651001, 668.032288, 668.032288, 668.032288, 668.032288, 668.032288, 743
744, 404.783447, 651.026550, 674.639038, 674.639038, 674.639038, 674.639038, 674.639038, 744
745, 408.307068, 656.693909, 680.511963, 680.511963, 680.511963, 680.511963, 680.511963, 745
746, 412.271240, 663.069397, 687.118713, 687.118713, 687.118713, 687.118713, 687.118713, 746
747, 416.235382, 669.445374, 693.725891, 693.725891, 693.725891, 693.725891, 693.725891, 747
748, 420.199524, 675.820923, 700.332703, 700.332703, 700.332703, 700.332703, 700.332703, 748
749, 423.723175, 681.488281, 706.205566, 706.205566, 706.205566, 706.205566, 706.205566, 749
750, 427.687317, 687.863831, 712.812317, 712.812317, 712.812317, 712.812317, 712.812317, 750
751, 432.091980, 694.947998, 720.153442, 720.153442, 720.153442, 720.153442, 720.153442, 751
752, 436.056122, 701.323486, 726.760193, 726.760193, 726.760193, 726.760193, 726.760193, 752
753, 440.020294, 707.699463, 733.367432, 733.367432, 733.367432, 733.367432, 733.367432, 753
754, 443.984436, 714.075012, 739.974182, 739.974182, 739.974182, 739.974182, 739.974182, 754
755, 448.389099, 721.159180, 747.315308, 747.315308, 747.315308, 747.315308, 747.315308, 755
756, 452.353241, 727.534729, 753.922058, 753.922058, 753.922058, 753.922058, 753.922058, 756
757, 456.757904, 734.618896, 761.263184, 761.263184, 761.263184, 761.263184, 761.263184, 757
758, 461.162567, 741.703064, 768.604248, 768.604248, 768.604248, 768.604248, 768.604248, 758
759, 465.126709, 748.078613, 775.211060, 775.211060, 775.211060, 775.211060, 775.211060, 759
760, 469.531372, 755.162781, 782.552124, 782.552124, 782.552124, 782.552124, 782.552124, 760
761, 473.935608, 762.246521, 789.892822, 789.892822, 789.892822, 789.892822, 789.892822, 761
762, 478.340271, 769.330688, 797.233887, 797.233887, 797.233887, 797.233887, 797.233887, 762
763, 483.185425, 777.123474, 805.309326, 805.309326, 805.309326, 805.309326, 805.309326, 763
764, 487.590088, 784.207214, 812.650024, 812.650024, 812.650024, 812.650024, 812.650024, 764
765, 491.994751, 791.291443, 819.991089, 819.991089, 819.991089, 819.991089, 819.991089, 765
766, 496.839508, 799.083801, 828.066101, 828.066101, 828.066101, 828.066101, 828.066101, 766
767, 501.244141, 806.167969, 835.407166, 835.407166, 835.407166, 835.407166, 835.407166, 767
768, 506.089722, 813.960754, 843.482605, 843.482605, 843.482605, 843.482605, 843.482605, 768
769, 510.934479, 821.753113, 851.557617, 851.557617, 851.557617, 851.557617, 851.557617, 769
770, 515.339111, 828.837280, 858.898682, 858.898682, 858.898682, 858.898682, 858.898682, 770
771, 520.184326, 836.629700, 866.973694, 866.973694, 866.973694, 866.973694, 866.973694, 771
772, 525.029053, 844.422058, 875.048706, 875.048706, 875.048706, 875.048706, 875.048706, 772
773, 530.314697, 852.923035, 883.858032, 883.858032, 883.858032, 883.858032, 883.858032, 773
774, 535.159912, 860.715454, 891.932983, 891.932983, 891.932983, 891.932983, 891.932983, 774
775, 540.004639, 868.507812, 900.007996, 900.007996, 900.007996, 900.007996, 900.007996, 775
776, 545.290283, 877.008789, 908.817322, 908.817322, 908.817322, 908.817322, 908.817322, 776
777, 550.135498, 884.801575, 916.892761, 916.892761, 916.892761, 916.892761, 916.892761, 777
778, 555.421143, 893.302185, 925.701660, 925.701660, 925.701660, 925.701660, 925.701660, 778
779, 560.706421, 901.803162, 934.510925, 934.510925, 934.510925, 934.510925, 934.510925, 779
780, 565.992065, 910.304199, 943.320251, 943.320251, 943.320251, 943.320251, 943.320251, 780
781, 571.277771, 918.805176, 952.129578, 952.129578, 952.129578, 952.129578, 952.129578, 781
782, 576.562988, 927.305786, 960.938477, 960.938477, 960.938477, 960.938477, 960.938477, 782
783, 581.848694, 935.806763, 969.747803, 969.747803, 969.747803, 969.747803, 969.747803, 783
784, 587.574463, 945.015991, 979.291016, 979.291016, 979.291016, 979.291016, 979.291016, 784
785, 592.860107, 953.516968, 988.100342, 988.100342, 988.100342, 988.100342, 988.100342, 785
786, 598.586304, 962.726196, 997.643555, 997.643555, 997.643555, 997.643555, 997.643555, 786
787, 603.871582, 971.227234,1006.452881,1006.452881,1006.452881,1006.452881,1006.452881, 787
788, 609.597717, 980.436401,1015.996094,1015.996094,1015.996094,1015.996094,1015.996094, 788
789, 615.323914, 989.645630,1025.539673,1025.539673,1025.539673,1025.539673,1025.539673, 789
790, 621.049683, 998.854858,1035.082886,1035.082886,1035.082886,1035.082886,1035.082886, 790
791, 626.775879,1008.064026,1044.626099,1044.626099,1044.626099,1044.626099,1044.626099, 791
792, 632.942139,1017.981873,1054.903687,1054.903687,1054.903687,1054.903687,1054.903687, 792
793, 638.668335,1027.191040,1064.446899,1064.446899,1064.446899,1064.446899,1064.446899, 793
794, 644.834595,1037.108887,1074.724487,1074.724487,1074.724487,1074.724487,1074.724487, 794
795, 650.560730,1046.318115,1084.267700,1084.267700,1084.267700,1084.267700,1084.267700, 795
796, 656.727051,1056.235962,1094.545166,1094.545166,1094.545166,1094.545166,1094.545166, 796
797, 662.893311,1066.153442,1104.822266,1104.822266,1104.822266,1104.822266,1104.822266, 797
798, 669.059998,1076.071289,1115.099854,1115.099854,1115.099854,1115.099854,1115.099854, 798
799, 675.666748,1086.697266,1126.111328,1126.111328,1126.111328,1126.111328,1126.111328, 799
800, 681.833435,1096.615112,1136.388794,1136.388794,1136.388794,1136.388794,1136.388794, 800
801, 687.999756,1106.532959,1146.666382,1146.666382,1146.666382,1146.666382,1146.666382, 801
802, 694.606506,1117.159058,1157.677734,1157.677734,1157.677734,1157.677734,1157.677734, 802
803, 701.213684,1127.785034,1168.689209,1168.689209,1168.689209,1168.689209,1168.689209, 803
804, 707.820496,1138.411133,1179.700684,1179.700684,1179.700684,1179.700684,1179.700684, 804
805, 714.427673,1149.037598,1190.712524,1190.712524,1190.712524,1190.712524,1190.712524, 805
806, 721.034424,1159.663574,1201.723999,1201.723999,1201.723999,1201.723999,1201.723999, 806
807, 727.641235,1170.289673,1212.735352,1212.735352,1212.735352,1212.735352,1212.735352, 807
808, 734.688538,1181.624268,1224.481079,1224.481079,1224.481079,1224.481079,1224.481079, 808
809, 741.295715,1192.250366,1235.492554,1235.492554,1235.492554,1235.492554,1235.492554, 809
810, 748.343018,1203.584961,1247.238281,1247.238281,1247.238281,1247.238281,1247.238281, 810
811, 755.390259,1214.919312,1258.983643,1258.983643,1258.983643,1258.983643,1258.983643, 811
812, 762.437561,1226.253906,1270.729370,1270.729370,1270.729370,1270.729370,1270.729370, 812
813, 769.485291,1237.588623,1282.475220,1282.475220,1282.475220,1282.475220,1282.475220, 813
814, 776.973083,1249.631470,1294.954834,1294.954834,1294.954834,1294.954834,1294.954834, 814
815, 784.019958,1260.965698,1306.700195,1306.700195,1306.700195,1306.700195,1306.700195, 815
816, 791.508118,1273.009033,1319.180298,1319.180298,1319.180298,1319.180298,1319.180298, 816
817, 798.995911,1285.051880,1331.659912,1331.659912,1331.659912,1331.659912,1331.659912, 817
818, 806.483704,1297.094849,1344.139526,1344.139526,1344.139526,1344.139526,1344.139526, 818
819, 813.971497,1309.137695,1356.619263,1356.619263,1356.619263,1356.619263,1356.619263, 819
820, 821.459290,1321.180542,1369.098877,1369.098877,1369.098877,1369.098877,1369.098877, 820
821, 828.947083,1333.223389,1381.578491,1381.578491,1381.578491,1381.578491,1381.578491, 821
822, 836.875427,1345.974976,1394.792480,1394.792480,1394.792480,1394.792480,1394.792480, 822
823, 844.803711,1358.726440,1408.006470,1408.006470,1408.006470,1408.006470,1408.006470, 823
824, 852.731995,1371.477539,1421.219971,1421.219971,1421.219971,1421.219971,1421.219971, 824
825, 860.660339,1384.228638,1434.433960,1434.433960,1434.433960,1434.433960,1434.433960, 825
826, 868.588623,1396.980103,1447.647949,1447.647949,1447.647949,1447.647949,1447.647949, 826
827, 876.957397,1410.439819,1461.595825,1461.595825,1461.595825,1461.595825,1461.595825, 827
828, 884.885742,1423.190918,1474.809448,1474.809448,1474.809448,1474.809448,1474.809448, 828
829, 893.254517,1436.650635,1488.757324,1488.757324,1488.757324,1488.757324,1488.757324, 829
830, 901.623352,1450.110718,1502.705566,1502.705566,1502.705566,1502.705566,1502.705566, 830
831, 909.992126,1463.570435,1516.653442,1516.653442,1516.653442,1516.653442,1516.653442, 831
832, 918.801025,1477.738403,1531.335205,1531.335205,1531.335205,1531.335205,1531.335205, 832
833, 927.169861,1491.198120,1545.283081,1545.283081,1545.283081,1545.283081,1545.283081, 833
834, 935.979187,1505.366455,1559.965332,1559.965332,1559.965332,1559.965332,1559.965332, 834
835, 944.788513,1519.534790,1574.647461,1574.647461,1574.647461,1574.647461,1574.647461, 835
836, 953.597412,1533.702637,1589.329224,1589.329224,1589.329224,1589.329224,1589.329224, 836
837, 962.406677,1547.870972,1604.011475,1604.011475,1604.011475,1604.011475,1604.011475, 837
838, 971.656555,1562.747559,1619.427490,1619.427490,1619.427490,1619.427490,1619.427490, 838
839, 980.465454,1576.915527,1634.109375,1634.109375,1634.109375,1634.109375,1634.109375, 839
840, 989.715637,1591.792480,1649.525879,1649.525879,1649.525879,1649.525879,1649.525879, 840
841, 998.965088,1606.668945,1664.941895,1664.941895,1664.941895,1664.941895,1664.941895, 841
842,1008.214905,1621.545532,1680.358032,1680.358032,1680.358032,1680.358032,1680.358032, 842
843,1017.904785,1637.130249,1696.508057,1696.508057,1696.508057,1696.508057,1696.508057, 843
844,1027.154663,1652.006836,1711.924072,1711.924072,1711.924072,1711.924072,1711.924072, 844
845,1036.844604,1667.592041,1728.074463,1728.074463,1728.074463,1728.074463,1728.074463, 845
846,1046.534912,1683.176758,1744.224487,1744.224487,1744.224487,1744.224487,1744.224487, 846
847,1056.224731,1698.761963,1760.374878,1760.374878,1760.374878,1760.374878,1760.374878, 847
848,1066.355591,1715.055298,1777.259277,1777.259277,1777.259277,1777.259277,1777.259277, 848
849,1076.486084,1731.348755,1794.143555,1794.143555,1794.143555,1794.143555,1794.143555, 849
850,1086.176392,1746.933838,1810.293945,1810.293945,1810.293945,1810.293945,1810.293945, 850
851,1096.747314,1763.935425,1827.912231,1827.912231,1827.912231,1827.912231,1827.912231, 851
852,1106.877686,1780.228394,1844.796509,1844.796509,1844.796509,1844.796509,1844.796509, 852
853,1117.008545,1796.521851,1861.680786,1861.680786,1861.680786,1861.680786,1861.680786, 853
854,1127.579468,1813.523804,1879.299438,1879.299438,1879.299438,1879.299438,1879.299438, 854
855,1138.150391,1830.525391,1896.917603,1896.917603,1896.917603,1896.917603,1896.917603, 855
856,1148.721802,1847.527344,1914.536255,1914.536255,1914.536255,1914.536255,1914.536255, 856
857,1159.733154,1865.237549,1932.888794,1932.888794,1932.888794,1932.888794,1932.888794, 857
858,1170.304199,1882.239136,1950.507080,1950.507080,1950.507080,1950.507080,1950.507080, 858
859,1181.315552,1899.949463,1968.859619,1968.859619,1968.859619,1968.859619,1968.859619, 859
860,1192.327393,1917.659668,1987.212158,1987.212158,1987.212158,1987.212158,1987.212158, 860
861,1203.779419,1936.078491,2006.298950,2006.298950,2006.298950,2006.298950,2006.298950, 861
862,1214.790771,1953.788696,2024.651489,2024.651489,2024.651489,2024.651489,2024.651489, 862
863,1226.242798,1972.207153,2043.737915,2043.737915,2043.737915,2043.737915,2043.737915, 863
864,1237.694702,1990.625977,2062.824707,2062.824707,2062.824707,2062.824707,2062.824707, 864
865,1249.146606,2009.044312,2081.911133,2081.911133,2081.911133,2081.911133,2081.911133, 865
866,1261.039062,2028.171387,2101.731934,2101.731934,2101.731934,2101.731934,2101.731934, 866
867,1272.931519,2047.298462,2121.552734,2121.552734,2121.552734,2121.552734,2121.552734, 867
868,1284.823975,2066.425537,2141.373535,2141.373535,2141.373535,2141.373535,2141.373535, 868
869,1296.716431,2085.552490,2161.194092,2161.194092,2161.194092,2161.194092,2161.194092, 869
870,1309.049438,2105.388184,2181.749268,2181.749268,2181.749268,2181.749268,2181.749268, 870
871,1321.382324,2125.223389,2202.303955,2202.303955,2202.303955,2202.303955,2202.303955, 871
872,1333.715332,2145.058838,2222.858643,2222.858643,2222.858643,2222.858643,2222.858643, 872
873,1346.048340,2164.894043,2243.413574,2243.413574,2243.413574,2243.413574,2243.413574, 873
874,1358.821777,2185.437744,2264.702637,2264.702637,2264.702637,2264.702637,2264.702637, 874
875,1371.154297,2205.273193,2285.257324,2285.257324,2285.257324,2285.257324,2285.257324, 875
876,1384.368286,2226.525635,2307.280518,2307.280518,2307.280518,2307.280518,2307.280518, 876
877,1397.141724,2247.069580,2328.569580,2328.569580,2328.569580,2328.569580,2328.569580, 877
878,1410.355225,2268.321533,2350.592529,2350.592529,2350.592529,2350.592529,2350.592529, 878
879,1423.569214,2289.573730,2372.615234,2372.615234,2372.615234,2372.615234,2372.615234, 879
880,1436.783203,2310.826172,2394.638672,2394.638672,2394.638672,2394.638672,2394.638672, 880
881,1449.996826,2332.078369,2416.661377,2416.661377,2416.661377,2416.661377,2416.661377, 881
882,1463.651245,2354.039062,2439.418701,2439.418701,2439.418701,2439.418701,2439.418701, 882
883,1477.305298,2375.999756,2462.175781,2462.175781,2462.175781,2462.175781,2462.175781, 883
884,1491.400269,2398.668701,2485.666992,2485.666992,2485.666992,2485.666992,2485.666992, 884
885,1505.054443,2420.629395,2508.424072,2508.424072,2508.424072,2508.424072,2508.424072, 885
886,1519.149414,2443.298584,2531.915527,2531.915527,2531.915527,2531.915527,2531.915527, 886
887,1533.684448,2466.675781,2556.140625,2556.140625,2556.140625,2556.140625,2556.140625, 887
888,1547.779419,2489.345215,2579.632080,2579.632080,2579.632080,2579.632080,2579.632080, 888
889,1562.314575,2512.722656,2603.857422,2603.857422,2603.857422,2603.857422,2603.857422, 889
890,1576.849609,2536.099854,2628.082520,2628.082520,2628.082520,2628.082520,2628.082520, 890
891,1591.825195,2560.185547,2653.042236,2653.042236,2653.042236,2653.042236,2653.042236, 891
892,1606.800781,2584.271240,2678.001465,2678.001465,2678.001465,2678.001465,2678.001465, 892
893,1621.776367,2608.357178,2702.960938,2702.960938,2702.960938,2702.960938,2702.960938, 893
894,1636.752319,2632.443359,2727.920654,2727.920654,2727.920654,2727.920654,2727.920654, 894
895,1652.168457,2657.237305,2753.613770,2753.613770,2753.613770,2753.613770,2753.613770, 895
896,1667.584595,2682.031494,2779.307373,2779.307373,2779.307373,2779.307373,2779.307373, 896
897,1683.441162,2707.534668,2805.735352,2805.735352,2805.735352,2805.735352,2805.735352, 897
898,1699.297729,2733.037109,2832.162842,2832.162842,2832.162842,2832.162842,2832.162842, 898
899,1715.154419,2758.539795,2858.590576,2858.590576,2858.590576,2858.590576,2858.590576, 899
900,1731.010986,2784.042480,2885.018066,2885.018066,2885.018066,2885.018066,2885.018066, 900
901,1747.308105,2810.253662,2912.179932,2912.179932,2912.179932,2912.179932,2912.179932, 901
902,1763.605225,2836.464844,2939.341797,2939.341797,2939.341797,2939.341797,2939.341797, 902
903,1780.342407,2863.384277,2967.237549,2967.237549,2967.237549,2967.237549,2967.237549, 903
904,1796.639526,2889.595459,2994.399170,2994.399170,2994.399170,2994.399170,2994.399170, 904
905,1813.817627,2917.223389,3023.029297,3023.029297,3023.029297,3023.029297,3023.029297, 905
906,1830.555176,2944.142822,3050.925049,3050.925049,3050.925049,3050.925049,3050.925049, 906
907,1847.732910,2971.770508,3079.555176,3079.555176,3079.555176,3079.555176,3079.555176, 907
908,1864.911011,2999.398193,3108.184814,3108.184814,3108.184814,3108.184814,3108.184814, 908
909,1882.529663,3027.734863,3137.549316,3137.549316,3137.549316,3137.549316,3137.549316, 909
910,1900.147949,3056.071045,3166.913086,3166.913086,3166.913086,3166.913086,3166.913086, 910
911,1917.766113,3084.407471,3196.277100,3196.277100,3196.277100,3196.277100,3196.277100, 911
912,1935.825317,3113.452148,3226.375488,3226.375488,3226.375488,3226.375488,3226.375488, 912
913,1953.884033,3142.496826,3256.473389,3256.473389,3256.473389,3256.473389,3256.473389, 913
914,1972.383179,3172.249756,3287.305420,3287.305420,3287.305420,3287.305420,3287.305420, 914
915,1990.882812,3202.003418,3318.138184,3318.138184,3318.138184,3318.138184,3318.138184, 915
916,2009.382080,3231.756348,3348.970215,3348.970215,3348.970215,3348.970215,3348.970215, 916
917,2028.321777,3262.217773,3380.536377,3380.536377,3380.536377,3380.536377,3380.536377, 917
918,2047.261597,3292.679443,3412.102783,3412.102783,3412.102783,3412.102783,3412.102783, 918
919,2066.201660,3323.141113,3443.669434,3443.669434,3443.669434,3443.669434,3443.669434, 919
920,2085.582031,3354.310547,3475.969727,3475.969727,3475.969727,3475.969727,3475.969727, 920
921,2104.962158,3385.480469,3508.270264,3508.270264,3508.270264,3508.270264,3508.270264, 921
922,2124.782959,3417.359131,3541.304932,3541.304932,3541.304932,3541.304932,3541.304932, 922
923,2144.603760,3449.237305,3574.339355,3574.339355,3574.339355,3574.339355,3574.339355, 923
924,2164.864502,3481.823975,3608.107910,3608.107910,3608.107910,3608.107910,3608.107910, 924
925,2185.125732,3514.410889,3641.876465,3641.876465,3641.876465,3641.876465,3641.876465, 925
926,2205.386963,3546.997559,3675.645020,3675.645020,3675.645020,3675.645020,3675.645020, 926
927,2226.088867,3580.292969,3710.147949,3710.147949,3710.147949,3710.147949,3710.147949, 927
928,2247.231201,3614.296631,3745.385010,3745.385010,3745.385010,3745.385010,3745.385010, 928
929,2267.932861,3647.591797,3779.887939,3779.887939,3779.887939,3779.887939,3779.887939, 929
930,2289.515137,3682.303711,3815.858643,3815.858643,3815.858643,3815.858643,3815.858643, 930
931,2310.656982,3716.307373,3851.095459,3851.095459,3851.095459,3851.095459,3851.095459, 931
932,2332.239990,3751.019043,3887.066650,3887.066650,3887.066650,3887.066650,3887.066650, 932
933,2354.263184,3786.439453,3923.771729,3923.771729,3923.771729,3923.771729,3923.771729, 933
934,2376.286133,3821.859863,3960.476807,3960.476807,3960.476807,3960.476807,3960.476807, 934
935,2398.308838,3857.280273,3997.181885,3997.181885,3997.181885,3997.181885,3997.181885, 935
936,2420.772217,3893.408936,4034.620850,4034.620850,4034.620850,4034.620850,4034.620850, 936
937,2443.676514,3930.246338,4072.793945,4072.793945,4072.793945,4072.793945,4072.793945, 937
938,2466.580566,3967.083496,4110.967285,4110.967285,4110.967285,4110.967285,4110.967285, 938
939,2489.484375,4003.920898,4149.140625,4149.140625,4149.140625,4149.140625,4149.140625, 939
940,2512.828857,4041.466309,4188.047852,4188.047852,4188.047852,4188.047852,4188.047852, 940
941,2536.613770,4079.720459,4227.689453,4227.689453,4227.689453,4227.689453,4227.689453, 941
942,2559.958008,4117.266113,4266.597168,4266.597168,4266.597168,4266.597168,4266.597168, 942
943,2584.183594,4156.228027,4306.972168,4306.972168,4306.972168,4306.972168,4306.972168, 943
944,2608.408936,4195.190918,4347.348145,4347.348145,4347.348145,4347.348145,4347.348145, 944
945,2632.634277,4234.153320,4387.723633,4387.723633,4387.723633,4387.723633,4387.723633, 945
946,2657.299805,4273.824219,4428.833496,4428.833496,4428.833496,4428.833496,4428.833496, 946
947,2682.406250,4314.203125,4470.676758,4470.676758,4470.676758,4470.676758,4470.676758, 947
948,2707.512695,4354.582520,4512.520996,4512.520996,4512.520996,4512.520996,4512.520996, 948
949,2732.618652,4394.961914,4554.364746,4554.364746,4554.364746,4554.364746,4554.364746, 949
950,2758.165527,4436.049805,4596.942383,4596.942383,4596.942383,4596.942383,4596.942383, 950
951,2784.152588,4477.845703,4640.254395,4640.254395,4640.254395,4640.254395,4640.254395, 951
952,2810.139648,4519.641602,4683.566406,4683.566406,4683.566406,4683.566406,4683.566406, 952
953,2836.567627,4562.145996,4727.612305,4727.612305,4727.612305,4727.612305,4727.612305, 953
954,2862.995117,4604.650391,4771.658691,4771.658691,4771.658691,4771.658691,4771.658691, 954
955,2889.863037,4647.863281,4816.438477,4816.438477,4816.438477,4816.438477,4816.438477, 955
956,2916.731689,4691.076172,4861.219238,4861.219238,4861.219238,4861.219238,4861.219238, 956
957,2944.039795,4734.997559,4906.732910,4906.732910,4906.732910,4906.732910,4906.732910, 957
958,2971.789307,4779.627441,4952.981934,4952.981934,4952.981934,4952.981934,4952.981934, 958
959,2999.537842,4824.256836,4999.229980,4999.229980,4999.229980,4999.229980,4999.229980, 959
960,3027.727295,4869.595215,5046.212402,5046.212402,5046.212402,5046.212402,5046.212402, 960
961,3055.916992,4914.933105,5093.194824,5093.194824,5093.194824,5093.194824,5093.194824, 961
962,3084.546631,4960.979004,5140.911133,5140.911133,5140.911133,5140.911133,5140.911133, 962
963,3113.617188,5007.734375,5189.362305,5189.362305,5189.362305,5189.362305,5189.362305, 963
964,3142.687744,5054.489258,5237.812988,5237.812988,5237.812988,5237.812988,5237.812988, 964
965,3172.198486,5101.952637,5286.997559,5286.997559,5286.997559,5286.997559,5286.997559, 965
966,3201.709473,5149.416016,5336.182617,5336.182617,5336.182617,5336.182617,5336.182617, 966
967,3231.660645,5197.587891,5386.101562,5386.101562,5386.101562,5386.101562,5386.101562, 967
968,3262.052734,5246.468262,5436.754395,5436.754395,5436.754395,5436.754395,5436.754395, 968
969,3292.444580,5295.348145,5487.407227,5487.407227,5487.407227,5487.407227,5487.407227, 969
970,3323.276611,5344.936523,5538.794434,5538.794434,5538.794434,5538.794434,5538.794434, 970
971,3354.549316,5395.233398,5590.915527,5590.915527,5590.915527,5590.915527,5590.915527, 971
972,3385.822021,5445.530762,5643.037109,5643.037109,5643.037109,5643.037109,5643.037109, 972
973,3417.535156,5496.535645,5695.892090,5695.892090,5695.892090,5695.892090,5695.892090, 973
974,3449.688965,5548.249512,5749.481445,5749.481445,5749.481445,5749.481445,5749.481445, 974
975,3481.842285,5599.963379,5803.070801,5803.070801,5803.070801,5803.070801,5803.070801, 975
976,3514.436523,5652.385742,5857.394531,5857.394531,5857.394531,5857.394531,5857.394531, 976
977,3547.471191,5705.516602,5912.452148,5912.452148,5912.452148,5912.452148,5912.452148, 977
978,3580.505859,5758.646484,5967.509766,5967.509766,5967.509766,5967.509766,5967.509766, 978
979,3613.980713,5812.485352,6023.301270,6023.301270,6023.301270,6023.301270,6023.301270, 979
980,3647.895996,5867.032715,6079.827148,6079.827148,6079.827148,6079.827148,6079.827148, 980
981,3681.811768,5921.580566,6136.352539,6136.352539,6136.352539,6136.352539,6136.352539, 981
982,3716.608154,5977.544922,6194.346680,6194.346680,6194.346680,6194.346680,6194.346680, 982
983,3751.404541,6033.508789,6252.340820,6252.340820,6252.340820,6252.340820,6252.340820, 983
984,3786.200928,6089.473145,6310.334961,6310.334961,6310.334961,6310.334961,6310.334961, 984
985,3821.878174,6146.854004,6369.796875,6369.796875,6369.796875,6369.796875,6369.796875, 985
986,3857.555420,6204.235352,6429.259277,6429.259277,6429.259277,6429.259277,6429.259277, 986
987,3893.673340,6262.324707,6489.455566,6489.455566,6489.455566,6489.455566,6489.455566, 987
988,3930.231689,6321.122559,6550.386230,6550.386230,6550.386230,6550.386230,6550.386230, 988
989,3966.789795,6379.920410,6611.316406,6611.316406,6611.316406,6611.316406,6611.316406, 989
990,4004.229004,6440.135254,6673.715332,6673.715332,6673.715332,6673.715332,6673.715332, 990
991,4041.667969,6500.349609,6736.113281,6736.113281,6736.113281,6736.113281,6736.113281, 991
992,4079.547852,6561.272461,6799.246582,6799.246582,6799.246582,6799.246582,6799.246582, 992
993,4117.427246,6622.195801,6862.378906,6862.378906,6862.378906,6862.378906,6862.378906, 993
994,4156.187988,6684.535645,6926.979980,6926.979980,6926.979980,6926.979980,6926.979980, 994
995,4194.948730,6746.875977,6991.581055,6991.581055,6991.581055,6991.581055,6991.581055, 995
996,4234.149414,6809.923828,7056.916016,7056.916016,7056.916016,7056.916016,7056.916016, 996
997,4273.791016,6873.680664,7122.984863,7122.984863,7122.984863,7122.984863,7122.984863, 997
998,4313.873047,6938.145508,7189.788086,7189.788086,7189.788086,7189.788086,7189.788086, 998
999,4354.395508,7003.318848,7257.325684,7257.325684,7257.325684,7257.325684,7257.325684, 999
1000,4394.917480,7068.492676,7324.862793,7324.862793,7324.862793,7324.862793,7324.862793,1000
