id,val_1,val_2,id_node,type,index
1,20,0,1,1,0
2,7,15789,1,2,1
3,4,0,2,3,0
5,71,5263,3,2,0
43,4,0,15,3,0
44,20,0,15,1,1
45,32,3506,17,2,0
46,36,3506,18,2,0
47,32,3506,19,2,0
48,36,3506,19,2,1
49,32,3997,20,2,0
50,36,2664,20,2,1
51,32,3761,21,2,0
52,36,3076,21,2,1
53,32,3951,22,2,0
54,36,2745,22,2,1
55,32,3905,23,2,0
56,36,2827,23,2,1
57,32,3858,24,2,0
58,36,2909,24,2,1
59,32,3810,25,2,0
60,36,2992,25,2,1
61,32,3711,26,2,0
62,36,3161,26,2,1
63,32,3661,27,2,0
64,36,3246,27,2,1
65,32,3610,28,2,0
66,36,3332,28,2,1
67,32,3559,29,2,0
68,36,3418,29,2,1
69,32,3418,30,2,0
70,36,3559,30,2,1
71,32,3332,31,2,0
72,36,3610,31,2,1
73,32,3246,32,2,0
74,36,3661,32,2,1
75,32,3161,33,2,0
76,36,3711,33,2,1
77,32,3076,34,2,0
78,36,3761,34,2,1
79,32,2992,35,2,0
80,36,3810,35,2,1
81,32,2909,36,2,0
82,36,3858,36,2,1
83,32,2827,37,2,0
84,36,3905,37,2,1
85,32,2745,38,2,0
86,36,3951,38,2,1
87,32,2664,39,2,0
88,36,3997,39,2,1
89,63,3000,40,2,0
90,62,3000,41,2,0
91,61,3000,42,2,0
92,64,3000,43,2,0
93,6,0,44,1,0
94,32,2664,45,2,0
95,49,3997,45,2,1
96,32,2745,46,2,0
97,49,3951,46,2,1
98,32,2827,47,2,0
99,49,3905,47,2,1
100,32,2909,48,2,0
101,49,3858,48,2,1
102,32,2992,49,2,0
103,49,3810,49,2,1
104,32,3076,50,2,0
105,49,3761,50,2,1
106,32,3161,51,2,0
107,49,3711,51,2,1
108,32,3246,52,2,0
109,49,3661,52,2,1
110,32,3332,53,2,0
111,49,3610,53,2,1
112,32,3418,54,2,0
113,49,3559,54,2,1
114,32,3506,55,2,0
115,49,3506,55,2,1
116,32,3559,56,2,0
117,49,3418,56,2,1
118,32,3610,57,2,0
119,49,3332,57,2,1
120,32,3661,58,2,0
121,49,3246,58,2,1
122,32,3711,59,2,0
123,49,3161,59,2,1
124,32,3761,60,2,0
125,49,3076,60,2,1
126,32,3810,61,2,0
127,49,2992,61,2,1
128,32,3858,62,2,0
129,49,2909,62,2,1
130,32,3905,63,2,0
131,49,2827,63,2,1
132,32,3951,64,2,0
133,49,2745,64,2,1
134,32,3997,65,2,0
135,49,2664,65,2,1
136,32,2664,66,2,0
137,49,3997,66,2,1
138,32,2745,67,2,0
139,49,3951,67,2,1
140,32,2827,68,2,0
141,49,3905,68,2,1
142,32,2909,69,2,0
143,49,3858,69,2,1
144,32,2992,70,2,0
145,49,3810,70,2,1
146,32,3076,71,2,0
147,49,3761,71,2,1
148,32,3161,72,2,0
149,49,3711,72,2,1
150,32,3246,73,2,0
151,49,3661,73,2,1
152,32,3332,74,2,0
153,49,3610,74,2,1
154,32,3418,75,2,0
155,49,3559,75,2,1
156,32,3506,76,2,0
157,49,3506,76,2,1
158,32,3559,77,2,0
159,49,3418,77,2,1
160,32,3610,78,2,0
161,49,3332,78,2,1
162,32,3661,79,2,0
163,49,3246,79,2,1
164,32,3711,80,2,0
165,49,3161,80,2,1
166,32,3761,81,2,0
167,49,3076,81,2,1
168,32,3810,82,2,0
169,49,2992,82,2,1
170,32,3858,83,2,0
171,49,2909,83,2,1
172,32,3905,84,2,0
173,49,2827,84,2,1
174,32,3951,85,2,0
175,49,2745,85,2,1
176,32,3997,86,2,0
177,49,2664,86,2,1
178,32,2664,87,2,0
179,40,3997,87,2,1
180,32,2745,88,2,0
181,40,3951,88,2,1
182,32,2827,89,2,0
183,40,3905,89,2,1
184,32,2909,90,2,0
185,40,3858,90,2,1
186,32,2992,91,2,0
187,40,3810,91,2,1
188,32,3076,92,2,0
189,40,3761,92,2,1
190,32,3161,93,2,0
191,40,3711,93,2,1
192,32,3246,94,2,0
193,40,3661,94,2,1
194,32,3332,95,2,0
195,40,3610,95,2,1
196,32,3418,96,2,0
197,40,3559,96,2,1
198,32,3506,97,2,0
199,40,3506,97,2,1
200,32,3559,98,2,0
201,40,3418,98,2,1
202,32,3610,99,2,0
203,40,3332,99,2,1
204,32,3661,100,2,0
205,40,3246,100,2,1
206,32,3711,101,2,0
207,40,3161,101,2,1
208,32,3761,102,2,0
209,40,3076,102,2,1
210,32,3810,103,2,0
211,40,2992,103,2,1
212,32,3858,104,2,0
213,40,2909,104,2,1
214,32,3905,105,2,0
215,40,2827,105,2,1
216,32,3951,106,2,0
217,40,2745,106,2,1
218,32,3997,107,2,0
219,40,2664,107,2,1
220,36,2664,108,2,0
221,49,3997,108,2,1
222,36,2745,109,2,0
223,49,3951,109,2,1
224,36,2827,110,2,0
225,49,3905,110,2,1
226,36,2909,111,2,0
227,49,3858,111,2,1
228,36,2992,112,2,0
229,49,3810,112,2,1
230,36,3076,113,2,0
231,49,3761,113,2,1
232,36,3161,114,2,0
233,49,3711,114,2,1
234,36,3246,115,2,0
235,49,3661,115,2,1
236,36,3332,116,2,0
237,49,3610,116,2,1
238,36,3418,117,2,0
239,49,3559,117,2,1
240,36,3506,118,2,0
241,49,3506,118,2,1
242,36,3559,119,2,0
243,49,3418,119,2,1
244,36,3610,120,2,0
245,49,3332,120,2,1
246,36,3661,121,2,0
247,49,3246,121,2,1
248,36,3711,122,2,0
249,49,3161,122,2,1
250,36,3761,123,2,0
251,49,3076,123,2,1
252,36,3810,124,2,0
253,49,2992,124,2,1
254,36,3858,125,2,0
255,49,2909,125,2,1
256,36,3905,126,2,0
257,49,2827,126,2,1
258,36,3951,127,2,0
259,49,2745,127,2,1
260,36,3997,128,2,0
261,49,2664,128,2,1
262,36,2664,129,2,0
263,32,3997,129,2,1
264,36,2745,130,2,0
265,32,3951,130,2,1
266,36,2827,131,2,0
267,32,3905,131,2,1
268,36,2909,132,2,0
269,32,3858,132,2,1
270,36,2992,133,2,0
271,32,3810,133,2,1
272,36,3076,134,2,0
273,32,3761,134,2,1
274,36,3161,135,2,0
275,32,3711,135,2,1
276,36,3246,136,2,0
277,32,3661,136,2,1
278,36,3332,137,2,0
279,32,3610,137,2,1
280,36,3418,138,2,0
281,32,3559,138,2,1
282,36,3506,139,2,0
283,32,3506,139,2,1
284,36,3559,140,2,0
285,32,3418,140,2,1
286,36,3610,141,2,0
287,32,3332,141,2,1
288,36,3661,142,2,0
289,32,3246,142,2,1
290,36,3711,143,2,0
291,32,3161,143,2,1
292,36,3761,144,2,0
293,32,3076,144,2,1
294,36,3810,145,2,0
295,32,2992,145,2,1
296,36,3858,146,2,0
297,32,2909,146,2,1
298,36,3905,147,2,0
299,32,2827,147,2,1
300,36,3951,148,2,0
301,32,2745,148,2,1
302,36,3997,149,2,0
303,32,2664,149,2,1
304,36,2664,150,2,0
305,40,3997,150,2,1
306,36,2745,151,2,0
307,40,3951,151,2,1
308,36,2827,152,2,0
309,40,3905,152,2,1
310,36,2909,153,2,0
311,40,3858,153,2,1
312,36,2992,154,2,0
313,40,3810,154,2,1
314,36,3076,155,2,0
315,40,3761,155,2,1
316,36,3161,156,2,0
317,40,3711,156,2,1
318,36,3246,157,2,0
319,40,3661,157,2,1
320,36,3332,158,2,0
321,40,3610,158,2,1
322,36,3418,159,2,0
323,40,3559,159,2,1
324,36,3506,160,2,0
325,40,3506,160,2,1
326,36,3559,161,2,0
327,40,3418,161,2,1
328,36,3610,162,2,0
329,40,3332,162,2,1
330,36,3661,163,2,0
331,40,3246,163,2,1
332,36,3711,164,2,0
333,40,3161,164,2,1
334,36,3761,165,2,0
335,40,3076,165,2,1
336,36,3810,166,2,0
337,40,2992,166,2,1
338,36,3858,167,2,0
339,40,2909,167,2,1
340,36,3905,168,2,0
341,40,2827,168,2,1
342,36,3951,169,2,0
343,40,2745,169,2,1
344,36,3997,170,2,0
345,40,2664,170,2,1
346,3,0,171,3,0
347,10,0,171,1,1
353,49,2664,175,2,0
354,36,3997,175,2,1
355,49,2745,176,2,0
356,36,3951,176,2,1
357,49,2827,177,2,0
358,36,3905,177,2,1
359,49,2909,178,2,0
360,36,3858,178,2,1
361,49,2992,179,2,0
362,36,3810,179,2,1
363,49,3076,180,2,0
364,36,3761,180,2,1
365,49,3161,181,2,0
366,36,3711,181,2,1
367,49,3246,182,2,0
368,36,3661,182,2,1
369,49,3332,183,2,0
370,36,3610,183,2,1
371,49,3418,184,2,0
372,36,3559,184,2,1
373,49,3506,185,2,0
374,36,3506,185,2,1
375,49,3559,186,2,0
376,36,3418,186,2,1
377,49,3610,187,2,0
378,36,3332,187,2,1
379,49,3661,188,2,0
380,36,3246,188,2,1
381,49,3711,189,2,0
382,36,3161,189,2,1
383,49,3761,190,2,0
384,36,3076,190,2,1
385,49,3810,191,2,0
386,36,2992,191,2,1
387,49,3858,192,2,0
388,36,2909,192,2,1
389,49,3905,193,2,0
390,36,2827,193,2,1
391,49,3951,194,2,0
392,36,2745,194,2,1
393,49,3997,195,2,0
394,36,2664,195,2,1
395,49,2664,196,2,0
396,40,3997,196,2,1
397,49,2745,197,2,0
398,40,3951,197,2,1
399,49,2827,198,2,0
400,40,3905,198,2,1
401,49,2909,199,2,0
402,40,3858,199,2,1
403,49,2992,200,2,0
404,40,3810,200,2,1
405,49,3076,201,2,0
406,40,3761,201,2,1
407,49,3161,202,2,0
408,40,3711,202,2,1
409,49,3246,203,2,0
410,40,3661,203,2,1
411,49,3332,204,2,0
412,40,3610,204,2,1
413,49,3418,205,2,0
414,40,3559,205,2,1
415,49,3506,206,2,0
416,40,3506,206,2,1
417,49,3559,207,2,0
418,40,3418,207,2,1
419,49,3610,208,2,0
420,40,3332,208,2,1
421,49,3661,209,2,0
422,40,3246,209,2,1
423,49,3711,210,2,0
424,40,3161,210,2,1
425,49,3761,211,2,0
426,40,3076,211,2,1
427,49,3810,212,2,0
428,40,2992,212,2,1
429,49,3858,213,2,0
430,40,2909,213,2,1
431,49,3905,214,2,0
432,40,2827,214,2,1
433,49,3951,215,2,0
434,40,2745,215,2,1
435,49,3997,216,2,0
436,40,2664,216,2,1
437,36,2664,217,2,0
438,40,3997,217,2,1
439,36,2745,218,2,0
440,40,3951,218,2,1
441,36,2827,219,2,0
442,40,3905,219,2,1
443,36,2909,220,2,0
444,40,3858,220,2,1
445,36,2992,221,2,0
446,40,3810,221,2,1
447,36,3076,222,2,0
448,40,3761,222,2,1
449,36,3161,223,2,0
450,40,3711,223,2,1
451,36,3246,224,2,0
452,40,3661,224,2,1
453,36,3332,225,2,0
454,40,3610,225,2,1
455,36,3418,226,2,0
456,40,3559,226,2,1
457,36,3506,227,2,0
458,40,3506,227,2,1
459,36,3559,228,2,0
460,40,3418,228,2,1
461,36,3610,229,2,0
462,40,3332,229,2,1
463,36,3661,230,2,0
464,40,3246,230,2,1
465,36,3711,231,2,0
466,40,3161,231,2,1
467,36,3761,232,2,0
468,40,3076,232,2,1
469,36,3810,233,2,0
470,40,2992,233,2,1
471,36,3858,234,2,0
472,40,2909,234,2,1
473,36,3905,235,2,0
474,40,2827,235,2,1
475,36,3951,236,2,0
476,40,2745,236,2,1
477,36,3997,237,2,0
478,40,2664,237,2,1
479,40,2664,238,2,0
480,32,3997,238,2,1
481,40,2745,239,2,0
482,32,3951,239,2,1
483,40,2827,240,2,0
484,32,3905,240,2,1
485,40,2909,241,2,0
486,32,3858,241,2,1
487,40,2992,242,2,0
488,32,3810,242,2,1
489,40,3076,243,2,0
490,32,3761,243,2,1
491,40,3161,244,2,0
492,32,3711,244,2,1
493,40,3246,245,2,0
494,32,3661,245,2,1
495,40,3332,246,2,0
496,32,3610,246,2,1
497,40,3418,247,2,0
498,32,3559,247,2,1
499,40,3506,248,2,0
500,32,3506,248,2,1
501,40,3559,249,2,0
502,32,3418,249,2,1
503,40,3610,250,2,0
504,32,3332,250,2,1
505,40,3661,251,2,0
506,32,3246,251,2,1
507,40,3711,252,2,0
508,32,3161,252,2,1
509,40,3761,253,2,0
510,32,3076,253,2,1
511,40,3810,254,2,0
512,32,2992,254,2,1
513,40,3858,255,2,0
514,32,2909,255,2,1
515,40,3905,256,2,0
516,32,2827,256,2,1
517,40,3951,257,2,0
518,32,2745,257,2,1
519,40,3997,258,2,0
520,32,2664,258,2,1
521,40,2664,259,2,0
522,36,3997,259,2,1
523,40,2745,260,2,0
524,36,3951,260,2,1
525,40,2827,261,2,0
526,36,3905,261,2,1
527,50,2909,262,2,0
528,36,3858,262,2,1
529,40,2992,263,2,0
530,36,3810,263,2,1
531,40,3076,264,2,0
532,36,3761,264,2,1
533,40,3161,265,2,0
534,36,3711,265,2,1
535,40,3246,266,2,0
536,36,3661,266,2,1
537,40,3332,267,2,0
538,36,3610,267,2,1
539,40,3418,268,2,0
540,36,3559,268,2,1
541,40,3506,269,2,0
542,36,3506,269,2,1
543,40,3559,270,2,0
544,36,3418,270,2,1
545,40,3610,271,2,0
546,36,3332,271,2,1
547,40,3661,272,2,0
548,36,3246,272,2,1
549,40,3711,273,2,0
550,36,3161,273,2,1
551,40,3761,274,2,0
552,36,3076,274,2,1
553,40,3810,275,2,0
554,36,2992,275,2,1
555,40,3858,276,2,0
556,36,2909,276,2,1
557,40,3905,277,2,0
558,36,2827,277,2,1
559,40,3951,278,2,0
560,36,2745,278,2,1
561,40,3997,279,2,0
562,36,2664,279,2,1
563,40,2664,280,2,0
564,49,3997,280,2,1
565,40,2745,281,2,0
566,49,3951,281,2,1
567,40,2827,282,2,0
568,49,3905,282,2,1
569,40,2909,283,2,0
570,49,3858,283,2,1
571,40,2992,284,2,0
572,49,3810,284,2,1
573,40,3076,285,2,0
574,49,3761,285,2,1
575,40,3161,286,2,0
576,49,3711,286,2,1
577,40,3246,287,2,0
578,49,3661,287,2,1
579,40,3332,288,2,0
580,49,3610,288,2,1
581,40,3418,289,2,0
582,49,3559,289,2,1
583,40,3506,290,2,0
584,49,3506,290,2,1
585,40,3559,291,2,0
586,49,3418,291,2,1
587,40,3610,292,2,0
588,49,3332,292,2,1
589,40,3661,293,2,0
590,49,3246,293,2,1
591,40,3711,294,2,0
592,49,3161,294,2,1
593,40,3761,295,2,0
594,49,3076,295,2,1
595,40,3810,296,2,0
596,49,2992,296,2,1
597,40,3858,297,2,0
598,49,2909,297,2,1
599,40,3905,298,2,0
600,49,2827,298,2,1
601,40,3951,299,2,0
602,49,2745,299,2,1
603,40,3997,300,2,0
604,49,2664,300,2,1
605,40,2664,301,2,0
606,32,3997,301,2,1
607,40,2745,302,2,0
608,32,3951,302,2,1
609,40,2827,303,2,0
610,32,3905,303,2,1
611,40,2909,304,2,0
612,32,3858,304,2,1
613,40,2992,305,2,0
614,32,3810,305,2,1
615,40,3076,306,2,0
616,32,3761,306,2,1
617,40,3161,307,2,0
618,32,3711,307,2,1
619,40,3246,308,2,0
620,32,3661,308,2,1
621,40,3332,309,2,0
622,32,3610,309,2,1
623,40,3418,310,2,0
624,32,3559,310,2,1
625,40,3506,311,2,0
626,32,3506,311,2,1
627,40,3559,312,2,0
628,32,3418,312,2,1
629,40,3610,313,2,0
630,32,3332,313,2,1
631,40,3661,314,2,0
632,32,3246,314,2,1
633,40,3711,315,2,0
634,32,3161,315,2,1
635,40,3761,316,2,0
636,32,3076,316,2,1
637,40,3810,317,2,0
638,32,2992,317,2,1
639,40,3858,318,2,0
640,32,2909,318,2,1
641,40,3905,319,2,0
642,32,2827,319,2,1
643,40,3951,320,2,0
644,32,2745,320,2,1
645,40,3997,321,2,0
646,32,2664,321,2,1
647,49,2664,322,2,0
648,40,3997,322,2,1
649,49,2745,323,2,0
650,40,3951,323,2,1
651,49,2827,324,2,0
652,40,3905,324,2,1
653,49,2909,325,2,0
654,40,3858,325,2,1
655,49,2992,326,2,0
656,40,3810,326,2,1
657,49,3076,327,2,0
658,40,3761,327,2,1
659,49,3161,328,2,0
660,40,3711,328,2,1
661,49,3246,329,2,0
662,40,3661,329,2,1
663,49,3332,330,2,0
664,40,3610,330,2,1
665,49,3418,331,2,0
666,40,3559,331,2,1
667,49,3506,332,2,0
668,40,3506,332,2,1
669,49,3559,333,2,0
670,40,3418,333,2,1
671,49,3610,334,2,0
672,40,3332,334,2,1
673,49,3661,335,2,0
674,40,3246,335,2,1
675,49,3711,336,2,0
676,40,3161,336,2,1
677,49,3761,337,2,0
678,40,3076,337,2,1
679,49,3810,338,2,0
680,40,2992,338,2,1
681,49,3858,339,2,0
682,40,2909,339,2,1
683,49,3905,340,2,0
684,40,2827,340,2,1
685,49,3951,341,2,0
686,40,2745,341,2,1
687,49,3997,342,2,0
688,40,2664,342,2,1
689,40,2664,343,2,0
690,32,3997,343,2,1
691,40,2745,344,2,0
692,32,3951,344,2,1
693,40,2827,345,2,0
694,32,3905,345,2,1
695,40,2909,346,2,0
696,32,3858,346,2,1
697,40,2992,347,2,0
698,32,3810,347,2,1
699,40,3076,348,2,0
700,32,3761,348,2,1
701,40,3161,349,2,0
702,32,3711,349,2,1
703,40,3246,350,2,0
704,32,3661,350,2,1
705,40,3332,351,2,0
706,32,3610,351,2,1
707,40,3418,352,2,0
708,32,3559,352,2,1
709,40,3506,353,2,0
710,32,3506,353,2,1
711,40,3559,354,2,0
712,32,3418,354,2,1
713,40,3610,355,2,0
714,32,3332,355,2,1
715,40,3661,356,2,0
716,32,3246,356,2,1
717,40,3711,357,2,0
718,32,3161,357,2,1
719,40,3761,358,2,0
720,32,3076,358,2,1
721,40,3810,359,2,0
722,32,2992,359,2,1
723,40,3858,360,2,0
724,32,2909,360,2,1
725,40,3905,361,2,0
726,32,2827,361,2,1
727,40,3951,362,2,0
728,32,2745,362,2,1
729,40,3997,363,2,0
730,32,2664,363,2,1
731,40,2664,364,2,0
732,36,3997,364,2,1
733,40,2745,365,2,0
734,36,3951,365,2,1
735,40,2827,366,2,0
736,36,3905,366,2,1
737,40,2909,367,2,0
738,36,3858,367,2,1
739,40,2992,368,2,0
740,36,3810,368,2,1
741,40,3076,369,2,0
742,36,3761,369,2,1
743,40,3161,370,2,0
744,36,3711,370,2,1
745,40,3246,371,2,0
746,36,3661,371,2,1
747,40,3332,372,2,0
748,36,3610,372,2,1
749,40,3418,373,2,0
750,36,3559,373,2,1
751,40,3506,374,2,0
752,36,3506,374,2,1
753,40,3559,375,2,0
754,36,3418,375,2,1
755,40,3610,376,2,0
756,36,3332,376,2,1
757,40,3661,377,2,0
758,36,3246,377,2,1
759,40,3711,378,2,0
760,36,3161,378,2,1
761,40,3761,379,2,0
762,36,3076,379,2,1
763,40,3810,380,2,0
764,36,2992,380,2,1
765,40,3858,381,2,0
766,36,2909,381,2,1
767,40,3905,382,2,0
768,36,2827,382,2,1
769,40,3951,383,2,0
770,36,2745,383,2,1
771,40,3997,384,2,0
772,36,2664,384,2,1
773,40,2664,385,2,0
774,49,3997,385,2,1
775,40,2745,386,2,0
776,49,3951,386,2,1
777,40,2827,387,2,0
778,49,3905,387,2,1
779,40,2909,388,2,0
780,49,3858,388,2,1
781,40,2992,389,2,0
782,49,3810,389,2,1
783,40,3076,390,2,0
784,49,3761,390,2,1
785,40,3161,391,2,0
786,49,3711,391,2,1
787,40,3246,392,2,0
788,49,3661,392,2,1
789,40,3332,393,2,0
790,49,3610,393,2,1
791,40,3418,394,2,0
792,49,3559,394,2,1
793,40,3506,395,2,0
794,49,3506,395,2,1
795,40,3559,396,2,0
796,49,3418,396,2,1
797,40,3610,397,2,0
798,49,3332,397,2,1
799,40,3661,398,2,0
800,49,3246,398,2,1
801,40,3711,399,2,0
802,49,3161,399,2,1
803,40,3761,400,2,0
804,49,3076,400,2,1
805,40,3810,401,2,0
806,49,2992,401,2,1
807,40,3858,402,2,0
808,49,2909,402,2,1
809,40,3905,403,2,0
810,49,2827,403,2,1
811,40,3951,404,2,0
812,49,2745,404,2,1
813,40,3997,405,2,0
814,49,2664,405,2,1
815,40,2664,406,2,0
816,36,3997,406,2,1
817,40,2745,407,2,0
818,36,3951,407,2,1
819,40,2827,408,2,0
820,36,3905,408,2,1
821,40,2909,409,2,0
822,36,3858,409,2,1
823,40,2992,410,2,0
824,36,3810,410,2,1
825,40,3076,411,2,0
826,36,3761,411,2,1
827,40,3161,412,2,0
828,36,3711,412,2,1
829,40,3246,413,2,0
830,36,3661,413,2,1
831,40,3332,414,2,0
832,36,3610,414,2,1
833,40,3418,415,2,0
834,36,3559,415,2,1
835,40,3506,416,2,0
836,36,3506,416,2,1
837,40,3559,417,2,0
838,36,3418,417,2,1
839,40,3610,418,2,0
840,36,3332,418,2,1
841,40,3661,419,2,0
842,36,3246,419,2,1
843,40,3711,420,2,0
844,36,3161,420,2,1
845,40,3761,421,2,0
846,36,3076,421,2,1
847,40,3810,422,2,0
848,36,2992,422,2,1
849,40,3858,423,2,0
850,36,2909,423,2,1
851,40,3905,424,2,0
852,36,2827,424,2,1
853,40,3951,425,2,0
854,36,2745,425,2,1
855,40,3997,426,2,0
856,36,2664,426,2,1
857,49,2664,427,2,0
858,40,3997,427,2,1
859,49,2745,428,2,0
860,40,3951,428,2,1
861,49,2827,429,2,0
862,40,3905,429,2,1
863,49,2909,430,2,0
864,40,3858,430,2,1
865,49,2992,431,2,0
866,40,3810,431,2,1
867,49,3076,432,2,0
868,40,3761,432,2,1
869,49,3161,433,2,0
870,40,3711,433,2,1
871,49,3246,434,2,0
872,40,3661,434,2,1
873,49,3332,435,2,0
874,40,3610,435,2,1
875,49,3418,436,2,0
876,40,3559,436,2,1
877,49,3506,437,2,0
878,40,3506,437,2,1
879,49,3559,438,2,0
880,40,3418,438,2,1
881,49,3610,439,2,0
882,40,3332,439,2,1
883,49,3661,440,2,0
884,40,3246,440,2,1
885,49,3711,441,2,0
886,40,3161,441,2,1
887,49,3761,442,2,0
888,40,3076,442,2,1
889,49,3810,443,2,0
890,40,2992,443,2,1
891,49,3858,444,2,0
892,40,2909,444,2,1
893,49,3905,445,2,0
894,40,2827,445,2,1
895,49,3951,446,2,0
896,40,2745,446,2,1
897,49,3997,447,2,0
898,40,2664,447,2,1
899,2015,0,1,4,2
900,3759,50,2,4,1
901,13111,0,3,5,1
902,12790,10,2,4,2
903,6,0,448,1,0
904,13,0,449,1,0
905,26,0,450,1,0
906,-12,0,451,1,0
907,1641,10,451,4,1
908,13145,10,450,4,1
909,2015,10,449,4,1
910,11428,20,448,4,1
927,11428,1,44,4,1
928,13150,0,459,5,0
929,13151,0,460,5,0
930,13153,0,461,5,0
931,13154,0,462,5,0
932,13155,0,463,5,0
933,13156,0,464,5,0
934,13157,0,465,5,0
935,13158,0,466,5,0
936,13159,0,467,5,0
937,13160,0,468,5,0
938,13161,0,469,5,0
939,13162,0,470,5,0
940,13163,0,471,5,0
941,13164,0,472,5,0
942,13165,0,473,5,0
943,13166,0,474,5,0
944,13167,0,475,5,0
945,13168,0,476,5,0
946,13169,0,477,5,0
947,13152,0,478,5,0
948,13170,0,479,5,0
949,13171,0,480,5,0
950,13172,0,481,5,0
951,13173,0,482,5,0
952,13174,0,483,5,0
953,13175,0,484,5,0
954,13176,0,485,5,0
955,32,7012,486,2,0
956,36,7012,487,2,0
957,49,7012,488,2,0
958,32,7012,489,2,0
959,40,7012,490,2,0
960,40,7012,491,2,0
961,40,7012,492,2,0
966,13162,1,497,5,0
967,50,0,497,1,1
968,13181,0,498,4,0
969,2,4,3,6,2
970,1,2,497,6,2
971,1,1,1,7,3
972,6,0,499,1,0
973,11428,1,499,4,1
974,1,2,497,7,3
975,13150,0,19,5,2
976,13150,0,20,5,2
977,13150,0,21,5,2
978,13150,0,22,5,2
979,13150,0,23,5,2
980,13150,0,24,5,2
981,13150,0,25,5,2
982,13150,0,26,5,2
983,13150,0,27,5,2
984,13150,0,28,5,2
985,13150,0,29,5,2
986,13150,0,30,5,2
987,13150,0,31,5,2
988,13150,0,32,5,2
989,13150,0,33,5,2
990,13150,0,34,5,2
991,13150,0,35,5,2
992,13150,0,36,5,2
993,13150,0,37,5,2
994,13150,0,38,5,2
995,13150,0,39,5,2
996,13151,0,45,5,2
997,13151,0,46,5,2
998,13151,0,47,5,2
999,13151,0,48,5,2
1000,13151,0,49,5,2
1001,13151,0,50,5,2
1002,13151,0,51,5,2
1003,13151,0,52,5,2
1004,13151,0,53,5,2
1005,13151,0,54,5,2
1006,13151,0,55,5,2
1007,13151,0,56,5,2
1008,13151,0,57,5,2
1009,13151,0,58,5,2
1010,13151,0,59,5,2
1011,13151,0,60,5,2
1012,13151,0,61,5,2
1013,13151,0,62,5,2
1014,13151,0,63,5,2
1015,13151,0,64,5,2
1016,13151,0,65,5,2
1017,13151,0,66,5,2
1018,13151,0,67,5,2
1019,13151,0,68,5,2
1020,13151,0,69,5,2
1021,13151,0,70,5,2
1022,13151,0,71,5,2
1023,13151,0,72,5,2
1024,13151,0,73,5,2
1025,13151,0,74,5,2
1026,13151,0,75,5,2
1027,13151,0,76,5,2
1028,13151,0,77,5,2
1029,13151,0,78,5,2
1030,13151,0,79,5,2
1031,13151,0,80,5,2
1032,13151,0,81,5,2
1033,13151,0,82,5,2
1034,13151,0,83,5,2
1035,13151,0,84,5,2
1036,13151,0,85,5,2
1037,13151,0,86,5,2
1038,13152,0,87,5,2
1039,13152,0,88,5,2
1040,13152,0,89,5,2
1041,13152,0,90,5,2
1042,13152,0,91,5,2
1043,13152,0,92,5,2
1044,13152,0,93,5,2
1045,13152,0,94,5,2
1046,13152,0,95,5,2
1047,13152,0,96,5,2
1048,13152,0,97,5,2
1049,13152,0,98,5,2
1050,13152,0,99,5,2
1051,13152,0,100,5,2
1052,13152,0,101,5,2
1053,13152,0,102,5,2
1054,13152,0,103,5,2
1055,13152,0,104,5,2
1056,13152,0,105,5,2
1057,13152,0,106,5,2
1058,13152,0,107,5,2
1059,13156,0,108,5,2
1060,13156,0,109,5,2
1061,13156,0,110,5,2
1062,13156,0,111,5,2
1063,13156,0,112,5,2
1064,13156,0,113,5,2
1065,13156,0,114,5,2
1066,13156,0,115,5,2
1067,13156,0,116,5,2
1068,13156,0,117,5,2
1069,13156,0,118,5,2
1070,13156,0,119,5,2
1071,13156,0,120,5,2
1072,13156,0,121,5,2
1073,13156,0,122,5,2
1074,13156,0,123,5,2
1075,13156,0,124,5,2
1076,13156,0,125,5,2
1077,13156,0,126,5,2
1078,13156,0,127,5,2
1079,13156,0,128,5,2
1080,13150,0,129,5,2
1081,13150,0,130,5,2
1082,13150,0,131,5,2
1083,13150,0,132,5,2
1084,13150,0,133,5,2
1085,13150,0,134,5,2
1086,13150,0,135,5,2
1087,13150,0,136,5,2
1088,13150,0,137,5,2
1089,13150,0,138,5,2
1090,13150,0,139,5,2
1091,13150,0,140,5,2
1092,13150,0,141,5,2
1093,13150,0,142,5,2
1094,13150,0,143,5,2
1095,13150,0,144,5,2
1096,13150,0,145,5,2
1097,13150,0,146,5,2
1098,13150,0,147,5,2
1099,13150,0,148,5,2
1100,13150,0,149,5,2
1101,13157,0,150,5,2
1102,13157,0,151,5,2
1103,13157,0,152,5,2
1104,13157,0,153,5,2
1105,13157,0,154,5,2
1106,13157,0,155,5,2
1107,13157,0,156,5,2
1108,13157,0,157,5,2
1109,13157,0,158,5,2
1110,13157,0,159,5,2
1111,13157,0,160,5,2
1112,13157,0,161,5,2
1113,13157,0,162,5,2
1114,13157,0,163,5,2
1115,13157,0,164,5,2
1116,13157,0,165,5,2
1117,13157,0,166,5,2
1118,13157,0,167,5,2
1119,13157,0,168,5,2
1120,13157,0,169,5,2
1121,13157,0,170,5,2
1122,13156,0,175,5,2
1123,13156,0,176,5,2
1124,13156,0,177,5,2
1125,13156,0,178,5,2
1126,13156,0,179,5,2
1127,13156,0,180,5,2
1128,13156,0,181,5,2
1129,13156,0,182,5,2
1130,13156,0,183,5,2
1131,13156,0,184,5,2
1132,13156,0,185,5,2
1133,13156,0,186,5,2
1134,13156,0,187,5,2
1135,13156,0,188,5,2
1136,13156,0,189,5,2
1137,13156,0,190,5,2
1138,13156,0,191,5,2
1139,13156,0,192,5,2
1140,13156,0,193,5,2
1141,13156,0,194,5,2
1142,13156,0,195,5,2
1143,13161,0,196,5,2
1144,13161,0,197,5,2
1145,13161,0,198,5,2
1146,13161,0,199,5,2
1147,13161,0,200,5,2
1148,13161,0,201,5,2
1149,13161,0,202,5,2
1150,13161,0,203,5,2
1151,13161,0,204,5,2
1152,13161,0,205,5,2
1153,13161,0,206,5,2
1154,13161,0,207,5,2
1155,13161,0,208,5,2
1156,13161,0,209,5,2
1157,13161,0,210,5,2
1158,13161,0,211,5,2
1159,13161,0,212,5,2
1160,13161,0,213,5,2
1161,13161,0,214,5,2
1162,13161,0,215,5,2
1163,13161,0,216,5,2
1164,13157,0,217,5,2
1165,13157,0,218,5,2
1166,13157,0,219,5,2
1167,13157,0,220,5,2
1168,13157,0,221,5,2
1169,13157,0,222,5,2
1170,13157,0,223,5,2
1171,13157,0,224,5,2
1172,13157,0,225,5,2
1173,13157,0,226,5,2
1174,13157,0,227,5,2
1175,13157,0,228,5,2
1176,13157,0,229,5,2
1177,13157,0,230,5,2
1178,13157,0,231,5,2
1179,13157,0,232,5,2
1180,13157,0,233,5,2
1181,13157,0,234,5,2
1182,13157,0,235,5,2
1183,13157,0,236,5,2
1184,13157,0,237,5,2
1185,13152,0,238,5,2
1186,13152,0,239,5,2
1187,13152,0,240,5,2
1188,13152,0,241,5,2
1189,13152,0,242,5,2
1190,13152,0,243,5,2
1191,13152,0,244,5,2
1192,13152,0,245,5,2
1193,13152,0,246,5,2
1194,13152,0,247,5,2
1195,13152,0,248,5,2
1196,13152,0,249,5,2
1197,13152,0,250,5,2
1198,13152,0,251,5,2
1199,13152,0,252,5,2
1200,13152,0,253,5,2
1201,13152,0,254,5,2
1202,13152,0,255,5,2
1203,13152,0,256,5,2
1204,13152,0,257,5,2
1205,13152,0,258,5,2
1206,13157,0,259,5,2
1207,13157,0,260,5,2
1208,13157,0,261,5,2
1209,13157,0,262,5,2
1210,13157,0,263,5,2
1211,13157,0,264,5,2
1212,13157,0,265,5,2
1213,13157,0,266,5,2
1214,13157,0,267,5,2
1215,13157,0,268,5,2
1216,13157,0,269,5,2
1217,13157,0,270,5,2
1218,13157,0,271,5,2
1219,13157,0,272,5,2
1220,13157,0,273,5,2
1221,13157,0,274,5,2
1222,13157,0,275,5,2
1223,13157,0,276,5,2
1224,13157,0,277,5,2
1225,13157,0,278,5,2
1226,13157,0,279,5,2
1227,13161,0,280,5,2
1228,13161,0,281,5,2
1229,13161,0,282,5,2
1230,13161,0,283,5,2
1231,13161,0,284,5,2
1232,13161,0,285,5,2
1233,13161,0,286,5,2
1234,13161,0,287,5,2
1235,13161,0,288,5,2
1236,13161,0,289,5,2
1237,13161,0,290,5,2
1238,13161,0,291,5,2
1239,13161,0,292,5,2
1240,13161,0,293,5,2
1241,13161,0,294,5,2
1242,13161,0,295,5,2
1243,13161,0,296,5,2
1244,13161,0,297,5,2
1245,13161,0,298,5,2
1246,13161,0,299,5,2
1247,13161,0,300,5,2
1248,13152,0,301,5,2
1249,13152,0,302,5,2
1250,13152,0,303,5,2
1251,13152,0,304,5,2
1252,13152,0,305,5,2
1253,13152,0,306,5,2
1254,13152,0,307,5,2
1255,13152,0,308,5,2
1256,13152,0,309,5,2
1257,13152,0,310,5,2
1258,13152,0,311,5,2
1259,13152,0,312,5,2
1260,13152,0,313,5,2
1261,13152,0,314,5,2
1262,13152,0,315,5,2
1263,13152,0,316,5,2
1264,13152,0,317,5,2
1265,13152,0,318,5,2
1266,13152,0,319,5,2
1267,13152,0,320,5,2
1268,13152,0,321,5,2
1269,13161,0,322,5,2
1270,13161,0,323,5,2
1271,13161,0,324,5,2
1272,13161,0,325,5,2
1273,13161,0,326,5,2
1274,13161,0,327,5,2
1275,13161,0,328,5,2
1276,13161,0,329,5,2
1277,13161,0,330,5,2
1278,13161,0,331,5,2
1279,13161,0,332,5,2
1280,13161,0,333,5,2
1281,13161,0,334,5,2
1282,13161,0,335,5,2
1283,13161,0,336,5,2
1284,13161,0,337,5,2
1285,13161,0,338,5,2
1286,13161,0,339,5,2
1287,13161,0,340,5,2
1288,13161,0,341,5,2
1289,13161,0,342,5,2
1290,13152,0,343,5,2
1291,13152,0,344,5,2
1292,13152,0,345,5,2
1293,13152,0,346,5,2
1294,13152,0,347,5,2
1295,13152,0,348,5,2
1296,13152,0,349,5,2
1297,13152,0,350,5,2
1298,13152,0,351,5,2
1299,13152,0,352,5,2
1300,13152,0,353,5,2
1301,13152,0,354,5,2
1302,13152,0,355,5,2
1303,13152,0,356,5,2
1304,13152,0,357,5,2
1305,13152,0,358,5,2
1306,13152,0,359,5,2
1307,13152,0,360,5,2
1308,13152,0,361,5,2
1309,13152,0,362,5,2
1310,13152,0,363,5,2
1311,13157,0,364,5,2
1312,13157,0,365,5,2
1313,13157,0,366,5,2
1314,13157,0,367,5,2
1315,13157,0,368,5,2
1316,13157,0,369,5,2
1317,13157,0,370,5,2
1318,13157,0,371,5,2
1319,13157,0,372,5,2
1320,13157,0,373,5,2
1321,13157,0,374,5,2
1322,13157,0,375,5,2
1323,13157,0,376,5,2
1324,13157,0,377,5,2
1325,13157,0,378,5,2
1326,13157,0,379,5,2
1327,13157,0,380,5,2
1328,13157,0,381,5,2
1329,13157,0,382,5,2
1330,13157,0,383,5,2
1331,13157,0,384,5,2
1332,13161,0,385,5,2
1333,13161,0,386,5,2
1334,13161,0,387,5,2
1335,13161,0,388,5,2
1336,13161,0,389,5,2
1337,13161,0,390,5,2
1338,13161,0,391,5,2
1339,13161,0,392,5,2
1340,13161,0,393,5,2
1341,13161,0,394,5,2
1342,13161,0,395,5,2
1343,13161,0,396,5,2
1344,13161,0,397,5,2
1345,13161,0,398,5,2
1346,13161,0,399,5,2
1347,13161,0,400,5,2
1348,13161,0,401,5,2
1349,13161,0,402,5,2
1350,13161,0,403,5,2
1351,13161,0,404,5,2
1352,13161,0,405,5,2
1353,13157,0,406,5,2
1354,13157,0,407,5,2
1355,13157,0,408,5,2
1356,13157,0,409,5,2
1357,13157,0,410,5,2
1358,13157,0,411,5,2
1359,13157,0,412,5,2
1360,13157,0,413,5,2
1361,13157,0,414,5,2
1362,13157,0,415,5,2
1363,13157,0,416,5,2
1364,13157,0,417,5,2
1365,13157,0,418,5,2
1366,13157,0,419,5,2
1367,13157,0,420,5,2
1368,13157,0,421,5,2
1369,13157,0,422,5,2
1370,13157,0,423,5,2
1371,13157,0,424,5,2
1372,13157,0,425,5,2
1373,13157,0,426,5,2
1374,13161,0,427,5,2
1375,13161,0,428,5,2
1376,13161,0,429,5,2
1377,13161,0,430,5,2
1378,13161,0,431,5,2
1379,13161,0,432,5,2
1380,13161,0,433,5,2
1381,13161,0,434,5,2
1382,13161,0,435,5,2
1383,13161,0,436,5,2
1384,13161,0,437,5,2
1385,13161,0,438,5,2
1386,13161,0,439,5,2
1387,13161,0,440,5,2
1388,13161,0,441,5,2
1389,13161,0,442,5,2
1390,13161,0,443,5,2
1391,13161,0,444,5,2
1392,13161,0,445,5,2
1393,13161,0,446,5,2
1394,13161,0,447,5,2
1395,13176,0,486,5,1
1396,13171,0,488,5,1
1397,13170,0,487,5,1
1398,13176,0,489,5,1
1399,13172,0,490,5,1
1400,13172,0,491,5,1
1401,13172,0,492,5,1
1402,10,0,1,8,4
1406,5,0,2,9,3
1407,5,53,503,2,0
1408,5,106,504,2,0
1409,5,159,505,2,0
1410,5,-53,506,2,0
1411,5,-106,507,2,0
1412,5,-159,508,2,0
1413,7,79,509,2,0
1414,7,158,510,2,0
1415,7,237,511,2,0
1416,7,-79,512,2,0
1417,7,-158,513,2,0
1418,7,-237,514,2,0
1419,1,0,449,7,2
1420,4,0,451,7,2
1421,3,0,450,7,2
1422,1,0,515,7,0
1423,5,0,516,7,0
1424,3,5259,517,2,0
1425,6,0,15,9,2
1426,5,0,171,9,2
1427,500,0,2,10,4
1428,-100,0,518,1,0
1430,-80,0,519,1,0
1431,-60,0,520,1,0
1432,-30,0,521,1,0
1433,-15,0,522,1,0
1434,1,7,523,6,0
1435,5,0,518,7,1
1436,5,0,519,7,1
1437,5,0,520,7,1
1438,5,0,521,7,1
1439,5,0,522,7,1
1440,1,0,524,7,0
1441,2015,0,524,4,1
1442,-10,0,518,8,2
1443,-8,0,519,8,2
1444,-6,0,520,8,2
1445,-5,0,521,8,2
1447,6,0,525,7,0
1448,7,0,526,7,0
1449,15,0,526,1,1
1450,13185,0,526,4,2
1451,8,0,527,7,0
1452,30,0,527,1,1
1453,13186,0,527,4,2
1454,13187,0,525,4,1
1455,1,1,528,9,0
1456,0,0,529,0,0
1457,0,0,530,0,0
1458,0,0,531,0,0
1459,0,0,532,0,0
1460,0,0,533,0,0
1461,0,0,534,0,0
1462,0,0,535,0,0
1463,0,0,536,0,0
1464,0,0,537,0,0
1465,0,0,538,0,0
1466,0,0,539,0,0
1467,0,0,540,0,0
1468,0,0,541,0,0
1469,0,0,542,0,0
1470,0,0,543,0,0
1471,0,0,544,0,0
1472,4,0,545,3,0
1473,10,0,545,1,1
1474,6,0,545,9,2
1475,6,0,546,1,0
1476,11428,1,546,4,1
1477,6,0,547,1,0
1478,11428,1,547,4,1
1479,0,0,548,0,0
1480,0,0,549,0,0
1481,4,5259,550,2,0
1482,5,5259,551,2,0
1483,0,0,552,1,0
1484,0,0,552,8,1
1485,35,0,553,1,0
1486,0,0,553,8,1
1487,40,0,554,1,0
1488,0,0,554,8,1
1489,70,0,555,1,0
1490,0,0,555,8,1
1491,65,0,556,1,0
1492,0,0,556,8,1
1493,70,0,557,1,0
1494,0,0,557,8,1
1495,7,0,558,7,0
1496,15,0,558,1,1
1497,13185,0,558,4,2
1498,8,0,559,7,0
1499,30,0,559,1,1
1500,13186,0,559,4,2
1501,6,0,560,1,0
1502,11428,1,560,4,1
1503,6,0,561,1,0
1504,11428,1,561,4,1
1505,6,0,562,1,0
1506,11428,1,562,4,1
1507,1,7,563,6,0
1508,1,7,564,6,0
1509,1,7,565,6,0
1510,15,0,566,1,0
1511,2015,0,566,4,1
1512,125,0,566,10,2
1513,30,0,567,1,0
1514,13145,0,567,4,1
1515,200,0,567,10,2
1516,3,0,567,7,3
1517,1,0,566,7,3
1518,4,0,558,3,3
1519,4,0,559,3,3
1521,13145,0,569,4,0
1522,2015,0,570,4,0
1523,6,0,571,1,0
1524,11428,1,571,4,1
1525,1,7,572,6,0
1526,-60,0,573,1,0
1527,-10,0,573,8,1
1529,4,0,575,3,0
1530,20,0,575,1,1
1531,6,0,575,9,2
1532,4,0,576,3,0
1533,30,0,576,1,1
1534,6,0,576,9,2
1535,3,0,577,3,0
1536,20,0,577,1,1
1537,5,0,577,9,2
1539,7,0,579,1,0
1540,1,0,579,8,1
1541,3859,0,580,5,0
1542,6,0,580,9,1
1543,13145,0,581,5,0
1544,6,0,581,9,1
1545,3,0,581,7,2
1546,1,0,580,7,2
1547,631,1,582,11,0
1548,861,0,583,11,0
1549,13201,0,584,4,0
1550,13202,0,585,4,0
1551,6,0,585,7,1
1552,13205,0,586,4,0
1553,7,0,586,7,1
1554,13204,0,587,4,0
1555,1,0,587,7,1
1556,13207,0,588,4,0
1557,3,0,588,7,1
1558,13203,0,589,4,0
1559,4,0,589,7,1
1560,13206,0,590,4,0
1561,5,0,590,7,1
1562,20,0,591,1,0
1563,30,0,592,1,0
1564,8,0,593,7,0
1565,45,0,593,1,1
1566,13208,0,593,4,2
1567,8,0,594,7,0
1568,45,0,594,1,1
1569,13208,0,594,4,2
1570,4,0,594,3,3
1571,3,0,595,3,0
1572,15,0,595,1,1
1573,-20,0,596,1,0
1575,-15,0,597,1,0
1578,-10,0,598,1,0
1581,-5,0,599,1,0
1584,0,0,600,0,0
1585,0,0,601,0,0
1586,13210,0,602,4,0
1587,942,0,602,11,1
1588,32,6667,603,2,0
1589,36,6667,604,2,0
1590,49,6667,605,2,0
1591,32,6667,606,2,0
1592,40,6667,607,2,0
1593,1,7,608,6,0
1594,40,0,609,1,0
1595,0,1,610,9,0
1596,0,0,611,0,0
1597,0,0,612,0,0
1598,0,0,613,0,0
1599,0,0,614,0,0
1600,948,1,615,13,0
1603,8,0,617,7,0
1604,60,0,617,1,1
1605,13217,0,617,4,2
1606,8,0,618,7,0
1607,75,0,618,1,1
1608,13218,0,618,4,2
1609,8,0,619,7,0
1610,60,0,619,1,1
1611,13217,0,619,4,2
1612,4,0,619,3,3
1613,8,0,620,7,0
1614,75,0,620,1,1
1615,13218,0,620,4,2
1616,4,0,620,3,3
1617,0,0,621,0,0
1618,3,0,622,1,0
1619,6,0,623,1,0
1620,9,0,624,1,0
1621,12,0,625,1,0
1622,15,0,626,1,0
1623,18,0,627,1,0
1624,21,0,628,1,0
1625,24,0,629,1,0
1626,27,0,630,1,0
1627,30,0,631,1,0
1628,33,0,632,1,0
1629,36,0,633,1,0
1630,39,0,634,1,0
1631,42,0,635,1,0
1632,45,0,636,1,0
1633,48,0,637,1,0
1634,51,0,638,1,0
1635,54,0,639,1,0
1636,57,0,640,1,0
1637,60,0,641,1,0
1638,3,0,642,7,0
1639,13145,0,642,4,1
1640,0,0,643,0,0
1642,20,0,644,1,0
1643,11428,1,644,4,1
1644,949,0,645,13,0
1645,13220,0,645,4,1
1646,6,0,646,1,0
1647,11428,1,646,4,1
1649,0,0,647,0,0
1650,12,1,646,9,2
1651,60647,0,1,12,5
1652,4,0,642,3,2
1653,45,0,648,1,0
1654,13222,0,648,4,1
1655,4,0,648,3,2
1656,0,0,649,0,0
1657,0,0,650,0,0
1658,4,0,651,3,0
1659,25,0,651,1,1
1660,12,0,651,9,2
1661,13225,2,652,4,0
1662,13225,2,653,4,0
1663,55,0,642,1,3
1671,949,0,656,13,0
1672,11428,1,656,4,1
1674,55475,0,576,12,3
1675,55475,0,575,12,3
1676,55475,0,545,12,3
1677,55475,0,15,12,3
1678,52786,0,171,12,3
1679,52786,0,577,12,3
1680,6,1,657,9,0
1681,11,1,658,9,0
1682,12,1,659,9,0
1683,3,1,660,9,0
1684,1,1,661,9,0
1685,9,1,662,9,0
1686,5,1,663,9,0
1687,4,0,657,3,1
1688,12,0,44,9,2
1689,12,0,448,9,2
1690,12,0,499,9,2
1691,12,0,546,9,2
1692,12,0,547,9,2
1693,12,0,560,9,2
1694,12,0,561,9,2
1695,12,0,562,9,2
1696,12,0,571,9,2
1697,12,0,644,9,2
1698,12,0,645,9,2
1699,12,0,656,9,2
1700,12,0,523,9,1
1701,12,0,563,9,1
1702,12,0,564,9,1
1703,12,0,565,9,1
1704,12,0,572,9,1
1705,12,0,608,9,1
1706,12,0,40,9,1
1707,12,0,41,9,1
1708,12,0,42,9,1
1709,12,0,43,9,1
1710,958,1000,664,13,0
1711,4,0,665,3,0
1712,15,0,665,1,1
1713,6,0,665,9,2
1714,66892,0,665,12,3
1715,0,0,666,1,0
1716,5,0,667,1,0
1717,10,0,668,1,0
1719,15,0,669,1,0
1721,20,0,670,1,0
1723,25,0,671,1,0
1724,30,0,672,1,0
1725,35,0,673,1,0
1726,40,0,674,1,0
1727,45,0,675,1,0
1728,50,0,676,1,0
1729,45,0,677,1,0
1730,48,0,678,1,0
1731,51,0,679,1,0
1732,54,0,680,1,0
1733,57,0,681,1,0
1734,60,0,682,1,0
1752,0,0,689,0,0
1755,957,1,692,13,0
1756,13216,0,692,4,1
1757,0,0,693,0,0
1758,15,0,694,1,0
1759,30,0,695,1,0
1760,45,0,696,1,0
1761,60,0,697,1,0
1762,75,0,698,1,0
1763,100,0,699,1,0
1764,5,0,700,1,0
1765,10,0,701,1,0
1766,3,0,695,3,1
1767,3,0,696,3,1
1768,4,0,697,3,1
1769,4,0,698,3,1
1770,4,0,699,3,1
1771,3,0,702,1,0
1772,6,0,703,1,0
1773,12,0,704,1,0
1775,30,0,706,1,0
1776,15,0,707,1,0
1777,10,0,708,1,0
1778,20,0,709,1,0
1779,70,0,710,1,0
1849,0,0,580,0,3
1850,1,18,715,6,0
1852,1,8,716,6,0
1853,1,13,717,6,0
1854,1,9,718,6,0
1855,1,11,719,6,0
1856,1017,200,720,11,0
1857,4,0,720,3,1
1858,6,0,720,9,2
1859,55475,0,720,12,3
1860,1,11,721,6,0
1861,1,12,722,6,0
1862,1,16,723,6,0
1863,1,16,724,6,0
1864,1,16,725,6,0
1865,1,8,726,6,0
1866,1,16,727,6,0
1867,1,9,728,6,0
1868,1,12,729,6,0
1869,1,14,730,6,0
1870,1,13,731,6,0
1871,1,8,732,6,0
1872,1,17,733,6,0
1873,1,17,734,6,0
1874,1,18,735,6,0
1875,1,12,736,6,0
1876,1,18,737,6,0
1877,1,18,738,6,0
1878,1,18,739,6,0
1879,1,10,740,6,0
1880,1,9,741,6,0
1881,1,17,742,6,0
1882,1,11,743,6,0
1883,1,17,744,6,0
1884,1,17,745,6,0
1885,1,16,746,6,0
1886,1,10,747,6,0
1887,1,11,748,6,0
1888,1,11,749,6,0
1889,1,10,750,6,0
1890,1,8,751,6,0
1891,1,14,752,6,0
1896,5,0,754,1,0
1897,11428,1,754,4,1
1898,12,0,754,9,2
1899,10,0,755,1,0
1900,11428,1,755,4,1
1901,12,0,755,9,2
1902,15,0,756,1,0
1903,11428,1,756,4,1
1904,12,0,756,9,2
1905,25,0,757,1,0
1906,11428,1,757,4,1
1907,12,0,757,9,2
1908,30,0,758,1,0
1909,11428,1,758,4,1
1910,12,0,758,9,2
1911,35,0,759,1,0
1912,11428,1,759,4,1
1913,12,0,759,9,2
1914,40,0,760,1,0
1915,11428,1,760,4,1
1916,12,0,760,9,2
1917,10,0,761,1,0
1918,11428,3,761,4,1
1919,12,0,761,9,2
1920,4,0,761,3,3
1921,15,0,762,1,0
1922,11428,3,762,4,1
1923,12,0,762,9,2
1924,4,0,762,3,3
1925,20,0,763,1,0
1926,11428,3,763,4,1
1927,12,0,763,9,2
1928,4,0,763,3,3
1929,30,0,764,1,0
1930,11428,3,764,4,1
1931,12,0,764,9,2
1932,4,0,764,3,3
1933,35,0,765,1,0
1934,11428,3,765,4,1
1935,12,0,765,9,2
1936,4,0,765,3,3
1937,40,0,766,1,0
1938,11428,3,766,4,1
1939,12,0,766,9,2
1940,4,0,766,3,3
1943,954,1000,767,13,0
1944,987,1000,768,13,0
1945,11428,3,651,4,3
1946,25,0,769,1,0
2549,-100,0,1372,1,0
2550,-99,0,1373,1,0
2551,-98,0,1374,1,0
2552,-97,0,1375,1,0
2553,-96,0,1376,1,0
2554,-95,0,1377,1,0
2555,-94,0,1378,1,0
2556,-93,0,1379,1,0
2557,-92,0,1380,1,0
2558,-91,0,1381,1,0
2559,-90,0,1382,1,0
2560,-89,0,1383,1,0
2561,-88,0,1384,1,0
2562,-87,0,1385,1,0
2563,-86,0,1386,1,0
2564,-85,0,1387,1,0
2565,-84,0,1388,1,0
2566,-83,0,1389,1,0
2567,-82,0,1390,1,0
2568,-81,0,1391,1,0
2569,-80,0,1392,1,0
2570,-79,0,1393,1,0
2571,-78,0,1394,1,0
2572,-77,0,1395,1,0
2573,-76,0,1396,1,0
2574,-75,0,1397,1,0
2575,-74,0,1398,1,0
2576,-73,0,1399,1,0
2577,-72,0,1400,1,0
2578,-71,0,1401,1,0
2579,-70,0,1402,1,0
2580,-69,0,1403,1,0
2581,-68,0,1404,1,0
2582,-67,0,1405,1,0
2583,-66,0,1406,1,0
2584,-65,0,1407,1,0
2585,-64,0,1408,1,0
2586,-63,0,1409,1,0
2587,-62,0,1410,1,0
2588,-61,0,1411,1,0
2589,-60,0,1412,1,0
2590,-59,0,1413,1,0
2591,-58,0,1414,1,0
2592,-57,0,1415,1,0
2593,-56,0,1416,1,0
2594,-55,0,1417,1,0
2595,-54,0,1418,1,0
2596,-53,0,1419,1,0
2597,-52,0,1420,1,0
2598,-51,0,1421,1,0
2599,-50,0,1422,1,0
2600,-49,0,1423,1,0
2601,-48,0,1424,1,0
2602,-47,0,1425,1,0
2603,-46,0,1426,1,0
2604,-45,0,1427,1,0
2605,-44,0,1428,1,0
2606,-43,0,1429,1,0
2607,-42,0,1430,1,0
2608,-41,0,1431,1,0
2609,-40,0,1432,1,0
2610,-39,0,1433,1,0
2611,-38,0,1434,1,0
2612,-37,0,1435,1,0
2613,-36,0,1436,1,0
2614,-35,0,1437,1,0
2615,-34,0,1438,1,0
2616,-33,0,1439,1,0
2617,-32,0,1440,1,0
2618,-31,0,1441,1,0
2619,-30,0,1442,1,0
2620,-29,0,1443,1,0
2621,-28,0,1444,1,0
2622,-27,0,1445,1,0
2623,-26,0,1446,1,0
2624,-25,0,1447,1,0
2625,-24,0,1448,1,0
2626,-23,0,1449,1,0
2627,-22,0,1450,1,0
2628,-21,0,1451,1,0
2629,-20,0,1452,1,0
2630,-19,0,1453,1,0
2631,-18,0,1454,1,0
2632,-17,0,1455,1,0
2633,-16,0,1456,1,0
2634,-15,0,1457,1,0
2635,-14,0,1458,1,0
2636,-13,0,1459,1,0
2637,-12,0,1460,1,0
2638,-11,0,1461,1,0
2639,-10,0,1462,1,0
2640,-9,0,1463,1,0
2641,-8,0,1464,1,0
2642,-7,0,1465,1,0
2643,-6,0,1466,1,0
2644,-5,0,1467,1,0
2645,-4,0,1468,1,0
2646,-3,0,1469,1,0
2647,-2,0,1470,1,0
2648,-1,0,1471,1,0
2649,0,0,1472,1,0
2650,1,0,1473,1,0
2651,2,0,1474,1,0
2652,3,0,1475,1,0
2653,4,0,1476,1,0
2654,5,0,1477,1,0
2655,6,0,1478,1,0
2656,7,0,1479,1,0
2657,8,0,1480,1,0
2658,9,0,1481,1,0
2659,10,0,1482,1,0
2660,11,0,1483,1,0
2661,12,0,1484,1,0
2662,13,0,1485,1,0
2663,14,0,1486,1,0
2664,15,0,1487,1,0
2665,16,0,1488,1,0
2666,17,0,1489,1,0
2667,18,0,1490,1,0
2668,19,0,1491,1,0
2669,20,0,1492,1,0
2670,21,0,1493,1,0
2671,22,0,1494,1,0
2672,23,0,1495,1,0
2673,24,0,1496,1,0
2674,25,0,1497,1,0
2675,26,0,1498,1,0
2676,27,0,1499,1,0
2677,28,0,1500,1,0
2678,29,0,1501,1,0
2679,30,0,1502,1,0
2680,31,0,1503,1,0
2681,32,0,1504,1,0
2682,33,0,1505,1,0
2683,34,0,1506,1,0
2684,35,0,1507,1,0
2685,36,0,1508,1,0
2686,37,0,1509,1,0
2687,38,0,1510,1,0
2688,39,0,1511,1,0
2689,40,0,1512,1,0
2690,41,0,1513,1,0
2691,42,0,1514,1,0
2692,43,0,1515,1,0
2693,44,0,1516,1,0
2694,45,0,1517,1,0
2695,46,0,1518,1,0
2696,47,0,1519,1,0
2697,48,0,1520,1,0
2698,49,0,1521,1,0
2699,50,0,1522,1,0
2700,51,0,1523,1,0
2701,52,0,1524,1,0
2702,53,0,1525,1,0
2703,54,0,1526,1,0
2704,55,0,1527,1,0
2705,56,0,1528,1,0
2706,57,0,1529,1,0
2707,58,0,1530,1,0
2708,59,0,1531,1,0
2709,60,0,1532,1,0
2710,61,0,1533,1,0
2711,62,0,1534,1,0
2712,63,0,1535,1,0
2713,64,0,1536,1,0
2714,65,0,1537,1,0
2715,66,0,1538,1,0
2716,67,0,1539,1,0
2717,68,0,1540,1,0
2718,69,0,1541,1,0
2719,70,0,1542,1,0
2720,71,0,1543,1,0
2721,72,0,1544,1,0
2722,73,0,1545,1,0
2723,74,0,1546,1,0
2724,75,0,1547,1,0
2725,76,0,1548,1,0
2726,77,0,1549,1,0
2727,78,0,1550,1,0
2728,79,0,1551,1,0
2729,80,0,1552,1,0
2730,81,0,1553,1,0
2731,82,0,1554,1,0
2732,83,0,1555,1,0
2733,84,0,1556,1,0
2734,85,0,1557,1,0
2735,86,0,1558,1,0
2736,87,0,1559,1,0
2737,88,0,1560,1,0
2738,89,0,1561,1,0
2739,90,0,1562,1,0
2740,91,0,1563,1,0
2741,92,0,1564,1,0
2742,93,0,1565,1,0
2743,94,0,1566,1,0
2744,95,0,1567,1,0
2745,96,0,1568,1,0
2746,97,0,1569,1,0
2747,98,0,1570,1,0
2748,99,0,1571,1,0
2749,100,0,1572,1,0
2750,101,0,1573,1,0
2751,102,0,1574,1,0
2752,103,0,1575,1,0
2753,104,0,1576,1,0
2754,105,0,1577,1,0
2755,106,0,1578,1,0
2756,107,0,1579,1,0
2757,108,0,1580,1,0
2758,109,0,1581,1,0
2759,110,0,1582,1,0
2760,111,0,1583,1,0
2761,112,0,1584,1,0
2762,113,0,1585,1,0
2763,114,0,1586,1,0
2764,115,0,1587,1,0
2765,116,0,1588,1,0
2766,117,0,1589,1,0
2767,118,0,1590,1,0
2768,119,0,1591,1,0
2769,120,0,1592,1,0
2770,121,0,1593,1,0
2771,122,0,1594,1,0
2772,123,0,1595,1,0
2773,124,0,1596,1,0
2774,125,0,1597,1,0
2775,126,0,1598,1,0
2776,127,0,1599,1,0
2777,128,0,1600,1,0
2778,129,0,1601,1,0
2779,130,0,1602,1,0
2780,131,0,1603,1,0
2781,132,0,1604,1,0
2782,133,0,1605,1,0
2783,134,0,1606,1,0
2784,135,0,1607,1,0
2785,136,0,1608,1,0
2786,137,0,1609,1,0
2787,138,0,1610,1,0
2788,139,0,1611,1,0
2789,140,0,1612,1,0
2790,141,0,1613,1,0
2791,142,0,1614,1,0
2792,143,0,1615,1,0
2793,144,0,1616,1,0
2794,145,0,1617,1,0
2795,146,0,1618,1,0
2796,147,0,1619,1,0
2797,148,0,1620,1,0
2798,149,0,1621,1,0
2799,150,0,1622,1,0
2800,151,0,1623,1,0
2801,152,0,1624,1,0
2802,153,0,1625,1,0
2803,154,0,1626,1,0
2804,155,0,1627,1,0
2805,156,0,1628,1,0
2806,157,0,1629,1,0
2807,158,0,1630,1,0
2808,159,0,1631,1,0
2809,160,0,1632,1,0
2810,161,0,1633,1,0
2811,162,0,1634,1,0
2812,163,0,1635,1,0
2813,164,0,1636,1,0
2814,165,0,1637,1,0
2815,166,0,1638,1,0
2816,167,0,1639,1,0
2817,168,0,1640,1,0
2818,169,0,1641,1,0
2819,170,0,1642,1,0
2820,171,0,1643,1,0
2821,172,0,1644,1,0
2822,173,0,1645,1,0
2823,174,0,1646,1,0
2824,175,0,1647,1,0
2825,176,0,1648,1,0
2826,177,0,1649,1,0
2827,178,0,1650,1,0
2828,179,0,1651,1,0
2829,180,0,1652,1,0
2830,181,0,1653,1,0
2831,182,0,1654,1,0
2832,183,0,1655,1,0
2833,184,0,1656,1,0
2834,185,0,1657,1,0
2835,186,0,1658,1,0
2836,187,0,1659,1,0
2837,188,0,1660,1,0
2838,189,0,1661,1,0
2839,190,0,1662,1,0
2840,191,0,1663,1,0
2841,192,0,1664,1,0
2842,193,0,1665,1,0
2843,194,0,1666,1,0
2844,195,0,1667,1,0
2845,196,0,1668,1,0
2846,197,0,1669,1,0
2847,198,0,1670,1,0
2848,199,0,1671,1,0
2849,200,0,1672,1,0
2850,4918,0,1673,4,0
2851,4,0,1674,3,0
2852,3,0,1675,3,0
2853,32,5000,1676,2,0
2854,40,2000,1676,2,1
2855,13152,0,1676,5,2
2856,32,4500,1677,2,0
2857,40,2500,1677,2,1
2858,13152,0,1677,5,2
2859,32,4000,1678,2,0
2860,40,3000,1678,2,1
2861,13152,0,1678,5,2
2862,32,3500,1679,2,0
2863,40,3500,1679,2,1
2864,13152,0,1679,5,2
2865,32,3000,1680,2,0
2866,40,4000,1680,2,1
2867,13152,0,1680,5,2
2868,32,2500,1681,2,0
2869,40,4500,1681,2,1
2870,13152,0,1681,5,2
2871,32,2000,1682,2,0
2872,40,5000,1682,2,1
2873,13152,0,1682,5,2
2874,32,5000,1683,2,0
2875,49,2000,1683,2,1
2876,13151,0,1683,5,2
2877,32,4500,1684,2,0
2878,49,2500,1684,2,1
2879,13151,0,1684,5,2
2880,32,4000,1685,2,0
2881,49,3000,1685,2,1
2882,13151,0,1685,5,2
2883,32,3500,1686,2,0
2884,49,3500,1686,2,1
2885,13151,0,1686,5,2
2886,32,3000,1687,2,0
2887,49,4000,1687,2,1
2888,13151,0,1687,5,2
2889,32,2500,1688,2,0
2890,49,4500,1688,2,1
2891,13151,0,1688,5,2
2892,32,2000,1689,2,0
2893,49,5000,1689,2,1
2894,13151,0,1689,5,2
2895,32,5000,1690,2,0
2896,36,2000,1690,2,1
2897,13150,0,1690,5,2
2898,32,4500,1691,2,0
2899,36,2500,1691,2,1
2900,13150,0,1691,5,2
2901,32,4000,1692,2,0
2902,36,3000,1692,2,1
2903,13150,0,1692,5,2
2904,32,3500,1693,2,0
2905,36,3500,1693,2,1
2906,13150,0,1693,5,2
2907,32,3000,1694,2,0
2908,36,4000,1694,2,1
2909,13150,0,1694,5,2
2910,32,2500,1695,2,0
2911,36,4500,1695,2,1
2912,13150,0,1695,5,2
2913,32,2000,1696,2,0
2914,36,5000,1696,2,1
2915,13150,0,1696,5,2
2916,36,5000,1697,2,0
2917,49,2000,1697,2,1
2918,13156,0,1697,5,2
2919,36,4500,1698,2,0
2920,49,2500,1698,2,1
2921,13156,0,1698,5,2
2922,36,4000,1699,2,0
2923,49,3000,1699,2,1
2924,13156,0,1699,5,2
2925,36,3500,1700,2,0
2926,49,3500,1700,2,1
2927,13156,0,1700,5,2
2928,36,3000,1701,2,0
2929,49,4000,1701,2,1
2930,13156,0,1701,5,2
2931,36,2500,1702,2,0
2932,49,4500,1702,2,1
2933,13156,0,1702,5,2
2934,36,2000,1703,2,0
2935,49,5000,1703,2,1
2936,13156,0,1703,5,2
2937,36,5000,1704,2,0
2938,40,2000,1704,2,1
2939,13157,0,1704,5,2
2940,36,4500,1705,2,0
2941,40,2500,1705,2,1
2942,13157,0,1705,5,2
2943,36,4000,1706,2,0
2944,40,3000,1706,2,1
2945,13157,0,1706,5,2
2946,36,3500,1707,2,0
2947,40,3500,1707,2,1
2948,13157,0,1707,5,2
2949,36,3000,1708,2,0
2950,40,4000,1708,2,1
2951,13157,0,1708,5,2
2952,36,2500,1709,2,0
2953,40,4500,1709,2,1
2954,13157,0,1709,5,2
2955,36,2000,1710,2,0
2956,40,5000,1710,2,1
2957,13157,0,1710,5,2
2958,49,5000,1711,2,0
2959,40,2000,1711,2,1
2960,13161,0,1711,5,2
2961,49,4500,1712,2,0
2962,40,2500,1712,2,1
2963,13161,0,1712,5,2
2964,49,4000,1713,2,0
2965,40,3000,1713,2,1
2966,13161,0,1713,5,2
2967,49,3500,1714,2,0
2968,40,3500,1714,2,1
2969,13161,0,1714,5,2
2970,49,3000,1715,2,0
2971,40,4000,1715,2,1
2972,13161,0,1715,5,2
2973,49,2500,1716,2,0
2974,40,4500,1716,2,1
2975,13161,0,1716,5,2
2976,49,2000,1717,2,0
2977,40,5000,1717,2,1
2978,13161,0,1717,5,2
2979,32,7000,1718,2,0
2980,13176,0,1718,5,1
2981,40,7000,1719,2,0
2982,13172,0,1719,5,1
2983,36,7000,1720,2,0
2984,13170,0,1720,5,1
2985,49,7000,1721,2,0
2986,13171,0,1721,5,1
2992,1005,1000,1723,13,0
2993,1006,800,1724,13,0
2994,1007,600,1725,13,0
2995,3,0,1724,3,1
2996,5,0,1724,9,2
2997,4,0,1725,3,1
2998,6,0,1725,9,2
2999,1,0,1726,7,0
3000,2015,0,1726,4,1
3001,3,0,1727,7,0
3002,13145,0,1727,4,1
3005,1009,0,1729,13,0
3006,1010,0,1730,13,0
3007,3,0,1730,3,1
3008,5,0,1730,9,2
3009,1011,0,1731,13,0
3010,4,0,1731,3,1
3011,6,0,1731,9,2
3012,13194,0,1732,4,0
3013,958,0,1732,13,1
3014,1016,800,1733,13,0
3015,3,0,1733,3,1
3016,5,1,1733,9,2
3017,1017,200,1734,13,0
3018,4,0,1734,3,1
3019,6,1,1734,9,2
3020,1017,200,1735,13,0
3021,4,0,1735,3,1
3022,6,1,1735,9,2
3023,1018,800,1736,13,0
3024,3,0,1736,3,1
3025,5,1,1736,9,2
3026,1019,200,1737,13,0
3027,4,0,1737,3,1
3028,6,1,1737,9,2
3029,1019,200,1738,13,0
3030,4,0,1738,3,1
3031,6,1,1738,9,2
3032,1020,800,1739,13,0
3033,3,0,1739,3,1
3034,5,1,1739,9,2
3035,1021,200,1740,13,0
3036,4,0,1740,3,1
3037,6,1,1740,9,2
3038,1021,200,1741,13,0
3039,4,0,1741,3,1
3040,6,1,1741,9,2
3041,32,12500,1742,2,0
3042,40,5000,1742,2,1
3043,13152,0,1742,5,2
3044,32,11500,1743,2,0
3045,40,6000,1743,2,1
3046,13152,0,1743,5,2
3047,32,10500,1744,2,0
3048,40,7000,1744,2,1
3049,13152,0,1744,5,2
3050,32,9500,1745,2,0
3051,40,8000,1745,2,1
3052,13152,0,1745,5,2
3053,32,7000,1746,2,0
3054,40,10500,1746,2,1
3055,13152,0,1746,5,2
3056,32,6000,1747,2,0
3057,40,11500,1747,2,1
3058,13152,0,1747,5,2
3059,32,5000,1748,2,0
3060,40,12500,1748,2,1
3061,13152,0,1748,5,2
3062,32,12500,1749,2,0
3063,49,5000,1749,2,1
3064,13151,0,1749,5,2
3065,32,11500,1750,2,0
3066,49,6000,1750,2,1
3067,13151,0,1750,5,2
3068,32,10500,1751,2,0
3069,49,7000,1751,2,1
3070,13151,0,1751,5,2
3071,32,9500,1752,2,0
3072,49,8000,1752,2,1
3073,13151,0,1752,5,2
3074,32,7000,1753,2,0
3075,49,10500,1753,2,1
3076,13151,0,1753,5,2
3077,32,6000,1754,2,0
3078,49,11500,1754,2,1
3079,13151,0,1754,5,2
3080,32,5000,1755,2,0
3081,49,12500,1755,2,1
3082,13151,0,1755,5,2
3083,32,12500,1756,2,0
3084,36,5000,1756,2,1
3085,13150,0,1756,5,2
3086,32,11000,1757,2,0
3087,36,6500,1757,2,1
3088,13150,0,1757,5,2
3089,32,10500,1758,2,0
3090,36,7000,1758,2,1
3091,13150,0,1758,5,2
3092,32,9500,1759,2,0
3093,36,8000,1759,2,1
3094,13150,0,1759,5,2
3095,32,7000,1760,2,0
3096,36,10500,1760,2,1
3097,13150,0,1760,5,2
3098,32,6000,1761,2,0
3099,36,11500,1761,2,1
3100,13150,0,1761,5,2
3101,32,5000,1762,2,0
3102,36,12500,1762,2,1
3103,13150,0,1762,5,2
3104,36,12500,1763,2,0
3105,49,5000,1763,2,1
3106,13156,0,1763,5,2
3107,36,11500,1764,2,0
3108,49,6000,1764,2,1
3109,13156,0,1764,5,2
3110,36,10500,1765,2,0
3111,49,7000,1765,2,1
3112,13156,0,1765,5,2
3113,36,9500,1766,2,0
3114,49,8000,1766,2,1
3115,13156,0,1766,5,2
3116,36,7000,1767,2,0
3117,49,10500,1767,2,1
3118,13156,0,1767,5,2
3119,36,6000,1768,2,0
3120,49,11500,1768,2,1
3121,13156,0,1768,5,2
3122,36,5000,1769,2,0
3123,49,12500,1769,2,1
3124,13156,0,1769,5,2
3125,36,12500,1770,2,0
3126,40,5000,1770,2,1
3127,13157,0,1770,5,2
3128,36,11500,1771,2,0
3129,40,6000,1771,2,1
3130,13157,0,1771,5,2
3131,36,10500,1772,2,0
3132,40,7000,1772,2,1
3133,13157,0,1772,5,2
3134,36,9500,1773,2,0
3135,40,8000,1773,2,1
3136,13157,0,1773,5,2
3137,36,7000,1774,2,0
3138,40,10500,1774,2,1
3139,13157,0,1774,5,2
3140,36,6000,1775,2,0
3141,40,11500,1775,2,1
3142,13157,0,1775,5,2
3143,36,5000,1776,2,0
3144,40,12500,1776,2,1
3145,13157,0,1776,5,2
3146,49,12500,1777,2,0
3147,40,5000,1777,2,1
3148,13161,0,1777,5,2
3149,49,11500,1778,2,0
3150,40,6000,1778,2,1
3151,13161,0,1778,5,2
3152,49,10500,1779,2,0
3153,40,7000,1779,2,1
3154,13161,0,1779,5,2
3155,49,9500,1780,2,0
3156,40,8000,1780,2,1
3157,13161,0,1780,5,2
3158,49,7000,1781,2,0
3159,40,10500,1781,2,1
3160,13161,0,1781,5,2
3161,49,6000,1782,2,0
3162,40,11500,1782,2,1
3163,13161,0,1782,5,2
3164,49,5000,1783,2,0
3165,40,12500,1783,2,1
3166,13161,0,1783,5,2
3167,32,17500,1784,2,0
3168,13176,0,1784,5,1
3169,40,17500,1785,2,0
3170,13172,0,1785,5,1
3171,36,17500,1786,2,0
3172,13170,0,1786,5,1
3173,49,17500,1787,2,0
3174,13171,0,1787,5,1
3175,1032,1,1788,13,0
3176,1033,1,1789,13,0
3177,3,0,1789,3,1
3178,5,0,1789,9,2
3179,1034,1,1790,13,0
3180,4,0,1790,3,1
3181,6,0,1790,9,2
3182,1035,1,1791,13,0
3183,1018,800,1792,13,0
3184,1020,800,1793,13,0
3185,1016,800,1794,13,0
3186,845,0,1726,14,2
3187,3,0,1795,3,0
3188,5,0,1795,7,1
3189,1037,400,1796,13,0
3195,1043,0,1795,13,2
3196,0,0,1798,0,0
3197,2015,0,1798,4,1
3198,125,0,1798,10,2
3199,1,400,1798,7,3
3200,0,0,1799,0,0
3201,13145,0,1799,4,1
3202,200,0,1799,10,2
3203,3,0,1799,7,3
3204,210,0,1800,1,0
3205,0,0,1801,0,0
3206,690,0,1801,14,1
3207,705,0,1798,14,4
3208,720,0,1799,14,4
3224,9,0,1726,8,3
3225,865,0,1727,14,2
3226,2015,0,1805,4,0
3227,125,0,1805,10,1
3228,1,0,1805,7,2
3229,865,0,1805,14,3
3230,4,0,1805,3,4
3231,13145,0,1806,4,0
3232,200,0,1806,10,1
3233,3,0,1806,7,2
3234,880,0,1806,14,3
3235,4,0,1806,3,4
3236,850,0,1807,14,0
3237,4,0,1807,3,1
3238,1,7,1808,6,0
3239,12,0,1808,9,1
3241,0,-99999,1809,11,0
3245,140,0,1810,1,0
3246,3,0,1810,3,1
3247,0,0,1811,0,0
3248,1045,9999999,1812,13,0
3250,4,0,1813,3,0
3251,66892,0,1813,12,1
3252,3,0,1792,3,1
3253,3,0,1793,3,1
3254,3,0,1794,3,1
3255,0,0,1814,0,0
3256,0,0,1815,0,0
3257,0,0,1816,0,0
3258,10,0,1817,1,0
3259,20,0,1818,1,0
3260,15,0,1819,1,0
3261,25,0,1820,1,0
3262,4,1,1821,9,0
3263,4,0,1822,3,0
3264,11428,0,1822,4,1
3265,3,0,1823,3,0
3266,66890,100,1823,12,1
3267,3,0,1824,3,0
3268,3,0,1825,3,0
3269,3,0,1826,3,0
3270,825,0,1826,14,1
3271,9,0,1825,8,1
3272,9,0,1824,8,1
4275,-400,0,2829,1,0
4276,-399,0,2830,1,0
4277,-398,0,2831,1,0
4278,-397,0,2832,1,0
4279,-396,0,2833,1,0
4280,-395,0,2834,1,0
4281,-394,0,2835,1,0
4282,-393,0,2836,1,0
4283,-392,0,2837,1,0
4284,-391,0,2838,1,0
4285,-390,0,2839,1,0
4286,-389,0,2840,1,0
4287,-388,0,2841,1,0
4288,-387,0,2842,1,0
4289,-386,0,2843,1,0
4290,-385,0,2844,1,0
4291,-384,0,2845,1,0
4292,-383,0,2846,1,0
4293,-382,0,2847,1,0
4294,-381,0,2848,1,0
4295,-380,0,2849,1,0
4296,-379,0,2850,1,0
4297,-378,0,2851,1,0
4298,-377,0,2852,1,0
4299,-376,0,2853,1,0
4300,-375,0,2854,1,0
4301,-374,0,2855,1,0
4302,-373,0,2856,1,0
4303,-372,0,2857,1,0
4304,-371,0,2858,1,0
4305,-370,0,2859,1,0
4306,-369,0,2860,1,0
4307,-368,0,2861,1,0
4308,-367,0,2862,1,0
4309,-366,0,2863,1,0
4310,-365,0,2864,1,0
4311,-364,0,2865,1,0
4312,-363,0,2866,1,0
4313,-362,0,2867,1,0
4314,-361,0,2868,1,0
4315,-360,0,2869,1,0
4316,-359,0,2870,1,0
4317,-358,0,2871,1,0
4318,-357,0,2872,1,0
4319,-356,0,2873,1,0
4320,-355,0,2874,1,0
4321,-354,0,2875,1,0
4322,-353,0,2876,1,0
4323,-352,0,2877,1,0
4324,-351,0,2878,1,0
4325,-350,0,2879,1,0
4326,-349,0,2880,1,0
4327,-348,0,2881,1,0
4328,-347,0,2882,1,0
4329,-346,0,2883,1,0
4330,-345,0,2884,1,0
4331,-344,0,2885,1,0
4332,-343,0,2886,1,0
4333,-342,0,2887,1,0
4334,-341,0,2888,1,0
4335,-340,0,2889,1,0
4336,-339,0,2890,1,0
4337,-338,0,2891,1,0
4338,-337,0,2892,1,0
4339,-336,0,2893,1,0
4340,-335,0,2894,1,0
4341,-334,0,2895,1,0
4342,-333,0,2896,1,0
4343,-332,0,2897,1,0
4344,-331,0,2898,1,0
4345,-330,0,2899,1,0
4346,-329,0,2900,1,0
4347,-328,0,2901,1,0
4348,-327,0,2902,1,0
4349,-326,0,2903,1,0
4350,-325,0,2904,1,0
4351,-324,0,2905,1,0
4352,-323,0,2906,1,0
4353,-322,0,2907,1,0
4354,-321,0,2908,1,0
4355,-320,0,2909,1,0
4356,-319,0,2910,1,0
4357,-318,0,2911,1,0
4358,-317,0,2912,1,0
4359,-316,0,2913,1,0
4360,-315,0,2914,1,0
4361,-314,0,2915,1,0
4362,-313,0,2916,1,0
4363,-312,0,2917,1,0
4364,-311,0,2918,1,0
4365,-310,0,2919,1,0
4366,-309,0,2920,1,0
4367,-308,0,2921,1,0
4368,-307,0,2922,1,0
4369,-306,0,2923,1,0
4370,-305,0,2924,1,0
4371,-304,0,2925,1,0
4372,-303,0,2926,1,0
4373,-302,0,2927,1,0
4374,-301,0,2928,1,0
4375,-300,0,2929,1,0
4376,-299,0,2930,1,0
4377,-298,0,2931,1,0
4378,-297,0,2932,1,0
4379,-296,0,2933,1,0
4380,-295,0,2934,1,0
4381,-294,0,2935,1,0
4382,-293,0,2936,1,0
4383,-292,0,2937,1,0
4384,-291,0,2938,1,0
4385,-290,0,2939,1,0
4386,-289,0,2940,1,0
4387,-288,0,2941,1,0
4388,-287,0,2942,1,0
4389,-286,0,2943,1,0
4390,-285,0,2944,1,0
4391,-284,0,2945,1,0
4392,-283,0,2946,1,0
4393,-282,0,2947,1,0
4394,-281,0,2948,1,0
4395,-280,0,2949,1,0
4396,-279,0,2950,1,0
4397,-278,0,2951,1,0
4398,-277,0,2952,1,0
4399,-276,0,2953,1,0
4400,-275,0,2954,1,0
4401,-274,0,2955,1,0
4402,-273,0,2956,1,0
4403,-272,0,2957,1,0
4404,-271,0,2958,1,0
4405,-270,0,2959,1,0
4406,-269,0,2960,1,0
4407,-268,0,2961,1,0
4408,-267,0,2962,1,0
4409,-266,0,2963,1,0
4410,-265,0,2964,1,0
4411,-264,0,2965,1,0
4412,-263,0,2966,1,0
4413,-262,0,2967,1,0
4414,-261,0,2968,1,0
4415,-260,0,2969,1,0
4416,-259,0,2970,1,0
4417,-258,0,2971,1,0
4418,-257,0,2972,1,0
4419,-256,0,2973,1,0
4420,-255,0,2974,1,0
4421,-254,0,2975,1,0
4422,-253,0,2976,1,0
4423,-252,0,2977,1,0
4424,-251,0,2978,1,0
4425,-250,0,2979,1,0
4426,-249,0,2980,1,0
4427,-248,0,2981,1,0
4428,-247,0,2982,1,0
4429,-246,0,2983,1,0
4430,-245,0,2984,1,0
4431,-244,0,2985,1,0
4432,-243,0,2986,1,0
4433,-242,0,2987,1,0
4434,-241,0,2988,1,0
4435,-240,0,2989,1,0
4436,-239,0,2990,1,0
4437,-238,0,2991,1,0
4438,-237,0,2992,1,0
4439,-236,0,2993,1,0
4440,-235,0,2994,1,0
4441,-234,0,2995,1,0
4442,-233,0,2996,1,0
4443,-232,0,2997,1,0
4444,-231,0,2998,1,0
4445,-230,0,2999,1,0
4446,-229,0,3000,1,0
4447,-228,0,3001,1,0
4448,-227,0,3002,1,0
4449,-226,0,3003,1,0
4450,-225,0,3004,1,0
4451,-224,0,3005,1,0
4452,-223,0,3006,1,0
4453,-222,0,3007,1,0
4454,-221,0,3008,1,0
4455,-220,0,3009,1,0
4456,-219,0,3010,1,0
4457,-218,0,3011,1,0
4458,-217,0,3012,1,0
4459,-216,0,3013,1,0
4460,-215,0,3014,1,0
4461,-214,0,3015,1,0
4462,-213,0,3016,1,0
4463,-212,0,3017,1,0
4464,-211,0,3018,1,0
4465,-210,0,3019,1,0
4466,-209,0,3020,1,0
4467,-208,0,3021,1,0
4468,-207,0,3022,1,0
4469,-206,0,3023,1,0
4470,-205,0,3024,1,0
4471,-204,0,3025,1,0
4472,-203,0,3026,1,0
4473,-202,0,3027,1,0
4474,-201,0,3028,1,0
4475,-200,0,3029,1,0
4476,-199,0,3030,1,0
4477,-198,0,3031,1,0
4478,-197,0,3032,1,0
4479,-196,0,3033,1,0
4480,-195,0,3034,1,0
4481,-194,0,3035,1,0
4482,-193,0,3036,1,0
4483,-192,0,3037,1,0
4484,-191,0,3038,1,0
4485,-190,0,3039,1,0
4486,-189,0,3040,1,0
4487,-188,0,3041,1,0
4488,-187,0,3042,1,0
4489,-186,0,3043,1,0
4490,-185,0,3044,1,0
4491,-184,0,3045,1,0
4492,-183,0,3046,1,0
4493,-182,0,3047,1,0
4494,-181,0,3048,1,0
4495,-180,0,3049,1,0
4496,-179,0,3050,1,0
4497,-178,0,3051,1,0
4498,-177,0,3052,1,0
4499,-176,0,3053,1,0
4500,-175,0,3054,1,0
4501,-174,0,3055,1,0
4502,-173,0,3056,1,0
4503,-172,0,3057,1,0
4504,-171,0,3058,1,0
4505,-170,0,3059,1,0
4506,-169,0,3060,1,0
4507,-168,0,3061,1,0
4508,-167,0,3062,1,0
4509,-166,0,3063,1,0
4510,-165,0,3064,1,0
4511,-164,0,3065,1,0
4512,-163,0,3066,1,0
4513,-162,0,3067,1,0
4514,-161,0,3068,1,0
4515,-160,0,3069,1,0
4516,-159,0,3070,1,0
4517,-158,0,3071,1,0
4518,-157,0,3072,1,0
4519,-156,0,3073,1,0
4520,-155,0,3074,1,0
4521,-154,0,3075,1,0
4522,-153,0,3076,1,0
4523,-152,0,3077,1,0
4524,-151,0,3078,1,0
4525,-150,0,3079,1,0
4526,-149,0,3080,1,0
4527,-148,0,3081,1,0
4528,-147,0,3082,1,0
4529,-146,0,3083,1,0
4530,-145,0,3084,1,0
4531,-144,0,3085,1,0
4532,-143,0,3086,1,0
4533,-142,0,3087,1,0
4534,-141,0,3088,1,0
4535,-140,0,3089,1,0
4536,-139,0,3090,1,0
4537,-138,0,3091,1,0
4538,-137,0,3092,1,0
4539,-136,0,3093,1,0
4540,-135,0,3094,1,0
4541,-134,0,3095,1,0
4542,-133,0,3096,1,0
4543,-132,0,3097,1,0
4544,-131,0,3098,1,0
4545,-130,0,3099,1,0
4546,-129,0,3100,1,0
4547,-128,0,3101,1,0
4548,-127,0,3102,1,0
4549,-126,0,3103,1,0
4550,-125,0,3104,1,0
4551,-124,0,3105,1,0
4552,-123,0,3106,1,0
4553,-122,0,3107,1,0
4554,-121,0,3108,1,0
4555,-120,0,3109,1,0
4556,-119,0,3110,1,0
4557,-118,0,3111,1,0
4558,-117,0,3112,1,0
4559,-116,0,3113,1,0
4560,-115,0,3114,1,0
4561,-114,0,3115,1,0
4562,-113,0,3116,1,0
4563,-112,0,3117,1,0
4564,-111,0,3118,1,0
4565,-110,0,3119,1,0
4566,-109,0,3120,1,0
4567,-108,0,3121,1,0
4568,-107,0,3122,1,0
4569,-106,0,3123,1,0
4570,-105,0,3124,1,0
4571,-104,0,3125,1,0
4572,-103,0,3126,1,0
4573,-102,0,3127,1,0
4574,-101,0,3128,1,0
4576,201,0,3130,1,0
4577,202,0,3131,1,0
4578,203,0,3132,1,0
4579,204,0,3133,1,0
4580,205,0,3134,1,0
4581,206,0,3135,1,0
4582,207,0,3136,1,0
4583,208,0,3137,1,0
4584,209,0,3138,1,0
4585,210,0,3139,1,0
4586,211,0,3140,1,0
4587,212,0,3141,1,0
4588,213,0,3142,1,0
4589,214,0,3143,1,0
4590,215,0,3144,1,0
4591,216,0,3145,1,0
4592,217,0,3146,1,0
4593,218,0,3147,1,0
4594,219,0,3148,1,0
4595,220,0,3149,1,0
4596,221,0,3150,1,0
4597,222,0,3151,1,0
4598,223,0,3152,1,0
4599,224,0,3153,1,0
4600,225,0,3154,1,0
4601,226,0,3155,1,0
4602,227,0,3156,1,0
4603,228,0,3157,1,0
4604,229,0,3158,1,0
4605,230,0,3159,1,0
4606,231,0,3160,1,0
4607,232,0,3161,1,0
4608,233,0,3162,1,0
4609,234,0,3163,1,0
4610,235,0,3164,1,0
4611,236,0,3165,1,0
4612,237,0,3166,1,0
4613,238,0,3167,1,0
4614,239,0,3168,1,0
4615,240,0,3169,1,0
4616,241,0,3170,1,0
4617,242,0,3171,1,0
4618,243,0,3172,1,0
4619,244,0,3173,1,0
4620,245,0,3174,1,0
4621,246,0,3175,1,0
4622,247,0,3176,1,0
4623,248,0,3177,1,0
4624,249,0,3178,1,0
4625,250,0,3179,1,0
4626,251,0,3180,1,0
4627,252,0,3181,1,0
4628,253,0,3182,1,0
4629,254,0,3183,1,0
4630,255,0,3184,1,0
4631,256,0,3185,1,0
4632,257,0,3186,1,0
4633,258,0,3187,1,0
4634,259,0,3188,1,0
4635,260,0,3189,1,0
4636,261,0,3190,1,0
4637,262,0,3191,1,0
4638,263,0,3192,1,0
4639,264,0,3193,1,0
4640,265,0,3194,1,0
4641,266,0,3195,1,0
4642,267,0,3196,1,0
4643,268,0,3197,1,0
4644,269,0,3198,1,0
4645,270,0,3199,1,0
4646,271,0,3200,1,0
4647,272,0,3201,1,0
4648,273,0,3202,1,0
4649,274,0,3203,1,0
4650,275,0,3204,1,0
4651,276,0,3205,1,0
4652,277,0,3206,1,0
4653,278,0,3207,1,0
4654,279,0,3208,1,0
4655,280,0,3209,1,0
4656,281,0,3210,1,0
4657,282,0,3211,1,0
4658,283,0,3212,1,0
4659,284,0,3213,1,0
4660,285,0,3214,1,0
4661,286,0,3215,1,0
4662,287,0,3216,1,0
4663,288,0,3217,1,0
4664,289,0,3218,1,0
4665,290,0,3219,1,0
4666,291,0,3220,1,0
4667,292,0,3221,1,0
4668,293,0,3222,1,0
4669,294,0,3223,1,0
4670,295,0,3224,1,0
4671,296,0,3225,1,0
4672,297,0,3226,1,0
4673,298,0,3227,1,0
4674,299,0,3228,1,0
4675,300,0,3229,1,0
4676,301,0,3230,1,0
4677,302,0,3231,1,0
4678,303,0,3232,1,0
4679,304,0,3233,1,0
4680,305,0,3234,1,0
4681,306,0,3235,1,0
4682,307,0,3236,1,0
4683,308,0,3237,1,0
4684,309,0,3238,1,0
4685,310,0,3239,1,0
4686,311,0,3240,1,0
4687,312,0,3241,1,0
4688,313,0,3242,1,0
4689,314,0,3243,1,0
4690,315,0,3244,1,0
4691,316,0,3245,1,0
4692,317,0,3246,1,0
4693,318,0,3247,1,0
4694,319,0,3248,1,0
4695,320,0,3249,1,0
4696,321,0,3250,1,0
4697,322,0,3251,1,0
4698,323,0,3252,1,0
4699,324,0,3253,1,0
4700,325,0,3254,1,0
4701,326,0,3255,1,0
4702,327,0,3256,1,0
4703,328,0,3257,1,0
4704,329,0,3258,1,0
4705,330,0,3259,1,0
4706,331,0,3260,1,0
4707,332,0,3261,1,0
4708,333,0,3262,1,0
4709,334,0,3263,1,0
4710,335,0,3264,1,0
4711,336,0,3265,1,0
4712,337,0,3266,1,0
4713,338,0,3267,1,0
4714,339,0,3268,1,0
4715,340,0,3269,1,0
4716,341,0,3270,1,0
4717,342,0,3271,1,0
4718,343,0,3272,1,0
4719,344,0,3273,1,0
4720,345,0,3274,1,0
4721,346,0,3275,1,0
4722,347,0,3276,1,0
4723,348,0,3277,1,0
4724,349,0,3278,1,0
4725,350,0,3279,1,0
4726,351,0,3280,1,0
4727,352,0,3281,1,0
4728,353,0,3282,1,0
4729,354,0,3283,1,0
4730,355,0,3284,1,0
4731,356,0,3285,1,0
4732,357,0,3286,1,0
4733,358,0,3287,1,0
4734,359,0,3288,1,0
4735,360,0,3289,1,0
4736,361,0,3290,1,0
4737,362,0,3291,1,0
4738,363,0,3292,1,0
4739,364,0,3293,1,0
4740,365,0,3294,1,0
4741,366,0,3295,1,0
4742,367,0,3296,1,0
4743,368,0,3297,1,0
4744,369,0,3298,1,0
4745,370,0,3299,1,0
4746,371,0,3300,1,0
4747,372,0,3301,1,0
4748,373,0,3302,1,0
4749,374,0,3303,1,0
4750,375,0,3304,1,0
4751,376,0,3305,1,0
4752,377,0,3306,1,0
4753,378,0,3307,1,0
4754,379,0,3308,1,0
4755,380,0,3309,1,0
4756,381,0,3310,1,0
4757,382,0,3311,1,0
4758,383,0,3312,1,0
4759,384,0,3313,1,0
4760,385,0,3314,1,0
4761,386,0,3315,1,0
4762,387,0,3316,1,0
4763,388,0,3317,1,0
4764,389,0,3318,1,0
4765,390,0,3319,1,0
4766,391,0,3320,1,0
4767,392,0,3321,1,0
4768,393,0,3322,1,0
4769,394,0,3323,1,0
4770,395,0,3324,1,0
4771,396,0,3325,1,0
4772,397,0,3326,1,0
4773,398,0,3327,1,0
4774,399,0,3328,1,0
4775,400,0,3329,1,0
4777,4,0,3330,3,0
4778,15,0,3330,1,1
4779,6,0,3330,9,2
4780,55475,0,3330,12,3
4781,5,0,3331,1,0
4782,30,0,3332,1,0
4783,35,0,3333,1,0
4784,40,0,3334,1,0
4785,13187,0,1816,4,1
4786,13185,0,3331,4,1
4787,13186,0,1817,4,1
4788,13208,0,1819,4,1
4789,13217,0,1818,4,1
4790,13218,0,1820,4,1
4791,13236,0,3332,4,1
4792,13237,0,3333,4,1
4793,13238,0,3334,4,1
4795,4,0,3336,3,0
4796,66892,0,3336,12,1
4797,12,0,3336,9,2
4798,11428,10,3336,4,3
4799,4,0,3337,3,0
4800,66892,0,3337,12,1
4801,12,0,3337,9,2
4802,13239,10,3337,4,3
4803,3,0,3338,3,0
4804,66890,100,3338,12,1
4805,12,0,3338,9,2
4806,13239,10,3338,4,3
4807,3,0,3339,3,0
4808,66890,100,3339,12,1
4809,12,0,3339,9,2
4810,11428,10,3339,4,3
4812,10,0,3340,1,0
4813,6,0,3340,9,1
4814,40,0,3341,1,0
4815,2,0,3341,8,1
4816,1047,1000,3342,13,0
4817,32,2500,3343,2,0
4818,40,5000,3343,2,1
4819,13152,0,3343,5,2
4820,32,1250,3344,2,0
4821,40,6250,3344,2,1
4822,13152,0,3344,5,2
4823,32,0,3345,2,0
4824,40,7500,3345,2,1
4825,13152,0,3345,5,2
4826,32,2500,3346,2,0
4827,49,5000,3346,2,1
4828,13151,0,3346,5,2
4829,32,1250,3347,2,0
4830,49,6250,3347,2,1
4831,13151,0,3347,5,2
4832,32,0,3348,2,0
4833,49,7500,3348,2,1
4834,13151,0,3348,5,2
4835,32,2500,3349,2,0
4836,36,5000,3349,2,1
4837,13150,0,3349,5,2
4838,32,1250,3350,2,0
4839,36,6250,3350,2,1
4840,13150,0,3350,5,2
4841,49,2500,3351,2,0
4842,32,5000,3351,2,1
4843,13151,0,3351,5,2
4844,49,1250,3352,2,0
4845,32,6250,3352,2,1
4846,13151,0,3352,5,2
4847,32,0,3353,2,0
4848,36,7500,3353,2,1
4849,13150,0,3353,5,2
4850,49,0,3354,2,0
4851,32,7500,3354,2,1
4852,13151,0,3354,5,2
4853,49,2500,3355,2,0
4854,36,5000,3355,2,1
4855,13156,0,3355,5,2
4856,49,1250,3356,2,0
4857,36,6250,3356,2,1
4858,13156,0,3356,5,2
4859,49,0,3357,2,0
4860,36,7500,3357,2,1
4861,13156,0,3357,5,2
4862,49,2500,3358,2,0
4863,40,5000,3358,2,1
4864,13161,0,3358,5,2
4865,49,1250,3359,2,0
4866,40,6250,3359,2,1
4867,13161,0,3359,5,2
4868,49,0,3360,2,0
4869,40,7500,3360,2,1
4870,13161,0,3360,5,2
4871,40,2500,3361,2,0
4872,32,5000,3361,2,1
4873,13152,0,3361,5,2
4874,40,1250,3362,2,0
4875,32,6250,3362,2,1
4876,13152,0,3362,5,2
4877,40,0,3363,2,0
4878,32,7500,3363,2,1
4879,13152,0,3363,5,2
4880,40,2500,3364,2,0
4881,36,5000,3364,2,1
4882,13157,0,3364,5,2
4883,40,1250,3365,2,0
4884,36,6250,3365,2,1
4885,13157,0,3365,5,2
4886,40,0,3366,2,0
4887,36,7500,3366,2,1
4888,13157,0,3366,5,2
4889,40,2500,3367,2,0
4890,49,5000,3367,2,1
4891,13161,0,3367,5,2
4892,40,1250,3368,2,0
4893,49,6250,3368,2,1
4894,13161,0,3368,5,2
4895,40,0,3369,2,0
4896,49,7500,3369,2,1
4897,13161,0,3369,5,2
4898,36,2500,3370,2,0
4899,32,5000,3370,2,1
4900,13150,0,3370,5,2
4901,36,1250,3371,2,0
4902,32,6250,3371,2,1
4903,13150,0,3371,5,2
4904,36,0,3372,2,0
4905,32,7500,3372,2,1
4906,13150,0,3372,5,2
4907,36,2500,3373,2,0
4908,49,5000,3373,2,1
4909,13156,0,3373,5,2
4910,36,1250,3374,2,0
4911,49,6250,3374,2,1
4912,13156,0,3374,5,2
4913,36,0,3375,2,0
4914,49,7500,3375,2,1
4915,13156,0,3375,5,2
4916,36,2500,3376,2,0
4917,40,5000,3376,2,1
4918,13157,0,3376,5,2
4919,36,1250,3377,2,0
4920,40,6250,3377,2,1
4921,13157,0,3377,5,2
4922,36,0,3378,2,0
4923,40,7500,3378,2,1
4924,13157,0,3378,5,2
4925,1641,0,3379,4,0
4926,835,0,3379,14,1
4927,4,0,3379,3,2
4928,9,0,1826,8,2
4930,9,0,1727,8,3
4931,66890,100,1726,12,4
4932,1046,1000,3380,13,0
4933,0,0,3381,1,0
4934,10,0,3382,1,0
4935,20,0,3383,1,0
4936,30,0,3384,1,0
4937,0,0,3385,0,0
4938,0,0,3386,0,0
4939,4,0,3384,3,1
4940,1048,1000,3387,13,0
4941,1049,800,3388,13,0
4942,11428,0,3388,4,1
4943,12,0,3388,9,2
4944,1050,200,3389,13,0
4945,11428,0,3389,4,1
4946,12,0,3389,9,2
4948,6,0,3341,9,2
4949,60,0,3390,1,0
4950,3,0,3390,8,1
4951,6,0,3390,9,2
4952,80,0,3391,1,0
4953,4,0,3391,8,1
4954,6,0,3391,9,2
4955,0,0,3392,0,0
4956,20,0,3393,1,0
4957,6,0,3393,9,1
4958,3,0,3394,3,0
4959,9,0,3394,8,1
4960,3,0,3395,3,0
4961,9,0,3395,8,1
4962,3,0,3396,3,0
4963,9,0,3396,8,1
4964,3,0,3397,3,0
4965,9,0,3397,8,1
4966,4,0,1727,3,4
4967,66890,100,3397,12,2
4968,66890,100,3396,12,2
4969,66890,100,3395,12,2
4970,66890,100,3394,12,2
4971,66890,100,1825,12,2
4972,66890,100,1824,12,2
4973,1051,200,3398,13,0
4974,4,0,3398,3,1
4975,3,0,3399,7,0
4976,13145,0,3399,4,1
4977,840,0,3399,14,2
4978,9,0,3399,8,3
4979,4,0,3399,3,4
4980,66891,200,1812,12,1
4981,66890,100,1795,12,3
4982,66891,200,767,12,1
4983,66891,200,664,12,1
4984,66891,200,768,12,1
4985,66890,100,1733,12,3
4986,66892,0,1734,12,3
4987,66892,0,1735,12,3
4988,66890,100,1736,12,3
4989,66892,0,1737,12,3
4990,66892,0,1738,12,3
4991,66890,100,1739,12,3
4992,66892,0,1740,12,3
4993,66892,0,1741,12,3
4994,66890,100,1792,12,2
4995,66890,100,1793,12,2
4996,66890,100,1794,12,2
4997,0,0,768,0,2
4998,4,0,3379,7,3
4999,13259,0,669,4,1
5000,13260,1,670,4,1
5001,13261,0,671,4,1
5004,32,8000,3401,2,0
5005,40,9500,3401,2,1
5006,13152,0,3401,5,2
5007,32,8000,3402,2,0
5008,49,9500,3402,2,1
5009,13151,0,3402,5,2
5010,32,8000,3403,2,0
5011,36,9500,3403,2,1
5012,13150,0,3403,5,2
5013,36,8000,3404,2,0
5014,49,9500,3404,2,1
5015,13156,0,3404,5,2
5016,36,8000,3405,2,0
5017,40,9500,3405,2,1
5018,13157,0,3405,5,2
5019,49,8000,3406,2,0
5020,40,9500,3406,2,1
5021,13161,0,3406,5,2
5022,0,0,3407,15,0
5023,6,100,3408,7,0
5025,13258,0,668,4,1
5039,4,0,3409,7,0
5040,3,0,3410,7,0
5041,13265,0,3410,4,1
5042,870,0,3410,14,2
5043,9,0,3410,8,3
5044,4,0,3410,3,4
5045,3,0,3411,7,0
5046,13266,0,3411,4,1
5047,870,0,3411,14,2
5048,9,0,3411,8,3
5049,4,0,3411,3,4
5050,3,0,3412,7,0
5051,13267,0,3412,4,1
5052,875,0,3412,14,2
5053,9,0,3412,8,3
5054,4,0,3412,3,4
5055,3,0,3413,7,0
5056,13268,0,3413,4,1
5057,875,0,3413,14,2
5058,9,0,3413,8,3
5059,4,0,3413,3,4
5060,3,0,3414,7,0
5061,13269,0,3414,4,1
5062,880,0,3414,14,2
5063,9,0,3414,8,3
5064,4,0,3414,3,4
5065,3,0,3415,7,0
5066,13270,0,3415,4,1
5067,880,0,3415,14,2
5068,9,0,3415,8,3
5069,4,0,3415,3,4
5070,3,0,3416,7,0
5071,13271,0,3416,4,1
5072,885,0,3416,14,2
5073,9,0,3416,8,3
5074,4,0,3416,3,4
5075,3,0,3417,7,0
5076,13272,0,3417,4,1
5077,885,0,3417,14,2
5078,9,0,3417,8,3
5079,4,0,3417,3,4
5080,3,0,3418,7,0
5081,13273,0,3418,4,1
5082,890,0,3418,14,2
5083,9,0,3418,8,3
5084,4,0,3418,3,4
5125,4,0,3340,3,2
5126,805,0,3427,14,0
5127,840,0,3428,14,0
5128,0,0,3429,0,0
5132,9,0,3431,8,0
5133,4,0,3432,3,0
5134,9,0,3432,8,1
5135,66892,0,3432,12,2
5137,66892,0,3418,12,5
5138,66892,0,3417,12,5
5139,66892,0,3416,12,5
5140,66892,0,3415,12,5
5141,66892,0,3414,12,5
5142,66892,0,3413,12,5
5143,66892,0,3412,12,5
5144,66892,0,3411,12,5
5145,66892,0,3410,12,5
5146,66892,0,3399,12,5
5151,66892,0,3379,12,4
5152,66890,100,1826,12,3
5155,66892,0,1807,12,2
5156,66892,0,1806,12,5
5157,66892,0,1805,12,5
5158,66892,0,1727,12,5
5161,32,3000,3433,2,0
5162,36,3000,3434,2,0
5163,49,3000,3435,2,0
5164,40,3000,3436,2,0
5165,830,0,3437,14,0
5166,0,0,3438,0,0
5167,80,0,3438,1,1
5168,0,0,3439,0,0
5169,2015,0,3439,4,1
5170,125,0,3439,10,2
5171,1,0,3439,7,3
5172,95,0,3439,1,4
5173,0,0,3440,0,0
5174,13145,0,3440,4,1
5175,200,0,3440,10,2
5176,3,0,3440,7,3
5177,110,0,3440,1,4
5178,4,0,3438,3,2
5179,4,0,3439,3,5
5180,4,0,3440,3,5
5181,55475,0,1801,12,2
5182,55475,0,1799,12,5
5183,55475,400,1798,12,5
5184,55475,0,3409,12,1
5185,4,0,3441,3,0
5186,55475,300,3441,12,1
5187,12,300,3441,9,2
5188,11428,10,3441,4,3
5189,4,0,3442,3,0
5190,55475,200,3442,12,1
5191,12,200,3442,9,2
5192,13239,10,3442,4,3
5193,54416,1000,1723,12,1
5194,52786,500,1724,12,3
5195,870,0,3443,14,0
5196,4,0,3443,3,1
5197,66892,0,3443,12,2
5198,2015,0,3444,4,0
5199,125,0,3444,10,1
5200,1,0,3444,7,2
5201,885,0,3444,14,3
5202,4,0,3444,3,4
5203,66892,0,3444,12,5
5204,13145,0,3445,4,0
5205,200,0,3445,10,1
5206,3,0,3445,7,2
5207,900,0,3445,14,3
5208,4,0,3445,3,4
5209,66892,0,3445,12,5
5210,1641,0,3446,4,0
5211,855,0,3446,14,1
5212,4,0,3446,3,2
5213,4,0,3446,7,3
5214,66892,0,3446,12,4
5215,52786,0,3388,12,3
5216,52786,0,3389,12,3
5217,52786,0,3447,12,0
5218,52786,0,3387,12,1
5219,1052,0,3448,13,0
5220,850,0,3449,14,0
5221,860,0,3450,14,0
5222,865,0,3451,14,0
5223,13145,0,3452,4,0
5224,13145,0,3453,4,0
5225,13145,0,3454,4,0
5226,30,0,3455,1,0
5228,810,0,3457,14,0
5229,855,0,3452,14,1
5230,860,0,3453,14,1
5231,875,0,3454,14,1
5232,4,0,3428,3,1
5233,0,0,3458,0,0
5234,0,0,3459,0,0
5236,810,0,3460,14,0
5237,815,0,3461,14,0
5238,3,0,3461,3,1
5239,855,0,3462,14,0
5240,4,0,3462,3,1
5241,865,0,3463,14,0
5242,875,0,3464,14,0
5243,885,0,3465,14,0
5244,860,0,3466,14,0
5245,860,0,3467,14,0
5246,4,0,3467,3,1
5247,66892,0,3467,12,2
5248,2015,0,3468,4,0
5249,125,0,3468,10,1
5250,1,0,3468,7,2
5251,875,0,3468,14,3
5252,4,0,3468,3,4
5253,66892,0,3468,12,5
5254,13145,0,3469,4,0
5255,200,0,3469,10,1
5256,3,0,3469,7,2
5257,890,0,3469,14,3
5258,4,0,3469,3,4
5259,66892,0,3469,12,5
5260,1641,0,3470,4,0
5261,845,0,3470,14,1
5262,4,0,3470,3,2
5263,4,0,3470,7,3
5264,66892,0,3470,12,4
5265,13210,0,3471,4,0
5266,942,0,3471,11,1
5267,13228,1,3472,4,0
5268,1047,0,3472,11,1
5269,4,0,3473,3,0
5270,9,0,3473,8,1
5271,66892,0,3473,12,2
5273,4,0,3474,3,0
5274,9,0,3474,8,1
5275,66892,0,3474,12,2
5277,1,7,3475,6,0
5278,12,0,3475,9,1
5279,4,0,3449,3,1
5280,4,0,3450,3,1
5281,4,0,3451,3,1
5282,4,0,3463,3,1
5283,4,0,3464,3,1
5284,4,0,3465,3,1
5285,870,0,3476,14,0
5286,4,0,3476,3,1
5287,875,0,3477,14,0
5288,4,0,3477,3,1
5289,880,0,3478,14,0
5290,4,0,3478,3,1
5291,890,0,3479,14,0
5292,4,0,3479,3,1
5293,900,0,3480,14,0
5294,4,0,3480,3,1
5295,71298,100,3340,12,3
5296,880,0,3481,14,0
5297,4,0,3481,3,1
5300,3,0,3427,3,1
5301,3,0,3457,3,1
5302,815,0,3482,14,0
5303,3,0,3482,3,1
5304,820,0,3483,14,0
5305,3,0,3483,3,1
5306,825,0,3484,14,0
5307,3,0,3484,3,1
5308,830,0,3485,14,0
5309,3,0,3485,3,1
5310,835,0,3486,14,0
5311,4,0,3486,3,1
5312,820,0,3487,14,0
5313,3,0,3487,3,1
5314,825,0,3488,14,0
5315,3,0,3488,3,1
5316,830,0,3489,14,0
5317,3,0,3489,3,1
5318,835,0,3490,14,0
5319,4,0,3490,3,1
5320,840,0,3491,14,0
5321,4,0,3491,3,1
5322,10,0,3492,1,0
5323,4,0,3492,3,1
5324,66892,0,3492,12,2
5325,12,0,3492,9,3
5326,11428,10,3492,4,4
5327,235,0,3493,1,0
5328,255,0,3494,1,0
5329,49,7482,3495,2,0
5330,49,7142,3496,2,0
5331,49,8162,3497,2,0
5332,49,10203,3498,2,0
5333,49,13604,3499,2,0
5334,49,27208,3500,2,0
5335,9,1,3501,9,0
5337,13262,0,672,4,1
5340,3,0,3502,3,0
5341,948,0,3502,13,1
5342,13216,0,3502,4,2
5343,13216,1,3503,4,0
5344,20,0,3503,8,1
5345,3,0,3503,3,2
5346,66890,100,3503,12,3
5347,2015,0,3504,4,0
5348,1641,0,3505,4,0
5349,850,0,3505,14,1
5350,4,0,3505,3,2
5351,4,0,3505,7,3
5352,66892,0,3505,12,4
5353,865,0,3506,14,0
5354,4,0,3506,3,1
5355,66892,0,3506,12,2
5356,2015,0,3507,4,0
5357,125,0,3507,10,1
5358,1,0,3507,7,2
5359,880,0,3507,14,3
5360,4,0,3507,3,4
5361,66892,0,3507,12,5
5362,13145,0,3508,4,0
5363,200,0,3508,10,1
5364,3,0,3508,7,2
5365,895,0,3508,14,3
5366,4,0,3508,3,4
5367,66892,0,3508,12,5
5368,3,0,3509,7,0
5369,13289,0,3509,4,1
5370,895,0,3509,14,2
5371,9,0,3509,8,3
5372,4,0,3509,3,4
5373,66892,0,3509,12,5
5374,3,0,3510,7,0
5375,13290,0,3510,4,1
5376,895,0,3510,14,2
5377,9,0,3510,8,3
5378,4,0,3510,3,4
5379,66892,0,3510,12,5
5380,17,0,3511,9,0
5381,9,0,3512,9,0
5382,3,0,3460,3,1
5383,949,1,3513,11,0
5384,875,0,3514,14,0
5385,4,0,3514,3,1
5386,66892,0,3514,12,2
5387,880,0,3515,14,0
5388,4,0,3515,3,1
5389,66892,0,3515,12,2
5390,2015,0,3516,4,0
5391,125,0,3516,10,1
5392,1,0,3516,7,2
5393,890,0,3516,14,3
5394,4,0,3516,3,4
5395,66892,0,3516,12,5
5396,2015,0,3517,4,0
5397,125,0,3517,10,1
5398,1,0,3517,7,2
5399,895,0,3517,14,3
5400,4,0,3517,3,4
5401,66892,0,3517,12,5
5402,13145,0,3518,4,0
5403,200,0,3518,10,1
5404,3,0,3518,7,2
5405,905,0,3518,14,3
5406,4,0,3518,3,4
5407,66892,0,3518,12,5
5408,13145,0,3519,4,0
5409,200,0,3519,10,1
5410,3,0,3519,7,2
5411,910,0,3519,14,3
5412,4,0,3519,3,4
5413,66892,0,3519,12,5
5414,1641,0,3520,4,0
5415,860,0,3520,14,1
5416,4,0,3520,3,2
5417,4,0,3520,7,3
5418,66892,0,3520,12,4
5419,1641,0,3521,4,0
5420,865,0,3521,14,1
5421,4,0,3521,3,2
5422,4,0,3521,7,3
5423,66892,0,3521,12,4
5425,1,7,3522,6,0
5426,12,0,3522,9,1
5429,0,0,3524,0,0
5433,0,0,3474,14,3
5434,0,0,3473,14,3
5435,0,0,3432,14,3
5436,0,0,3397,14,3
5437,0,0,3396,14,3
5438,0,0,3395,14,3
5439,0,0,3394,14,3
5440,0,0,1825,14,3
5441,0,0,1824,14,3
5442,60,0,3526,1,0
5443,3,0,3527,3,0
5444,66890,100,3527,12,1
5445,4,0,3528,3,0
5446,66892,0,3528,12,1
5447,13,1,3529,9,0
5448,30,0,3530,1,0
5449,5,0,3531,3,0
5450,2,0,3531,16,1
5451,13263,0,673,4,1
5454,13282,0,674,4,1
5465,13257,0,667,4,1
5466,13305,0,3532,4,0
5467,1593,0,3533,4,0
5468,13256,0,666,4,1
5469,4,0,666,3,2
5470,4,0,667,3,2
5471,66892,0,667,12,3
5472,4,0,668,3,2
5473,66892,0,668,12,3
5474,4,0,669,3,2
5475,66892,0,669,12,3
5476,4,0,670,3,2
5477,66892,0,670,12,3
5478,4,0,671,3,2
5479,66892,0,671,12,3
5480,4,0,672,3,2
5481,66892,0,672,12,3
5482,4,0,673,3,2
5483,66892,0,673,12,3
5484,4,0,674,3,2
5485,66892,0,674,12,3
5486,13256,0,597,4,1
5487,13256,0,598,4,1
5488,13256,0,599,4,1
5489,66892,0,666,12,3
5490,13256,0,596,4,1
5491,3,0,596,3,2
5492,3,0,597,3,2
5493,66890,0,597,12,3
5494,3,0,598,3,2
5495,66890,0,598,12,3
5496,3,0,599,3,2
5497,66890,0,599,12,3
5498,66890,0,596,12,3
5499,3,0,3534,7,0
5500,13308,0,3534,4,1
5501,900,0,3534,14,2
5502,9,0,3534,8,3
5503,4,0,3534,3,4
5504,66892,0,3534,12,5
5505,3,0,3535,7,0
5506,13309,0,3535,4,1
5507,905,0,3535,14,2
5508,9,0,3535,8,3
5509,4,0,3535,3,4
5510,66892,0,3535,12,5
5511,3,0,3536,7,0
5512,13310,0,3536,4,1
5513,910,0,3536,14,2
5514,9,0,3536,8,3
5515,4,0,3536,3,4
5516,66892,0,3536,12,5
5517,-5,0,3537,8,0
5524,-13,0,3541,1,0
5525,-2,0,3541,8,1
5526,-53,0,3542,1,0
5527,-5,0,3542,8,1
5528,-28,0,3543,1,0
5529,-3,0,3543,8,1
5534,4,0,3547,17,0
5535,5,0,3548,17,0
5536,6,0,3549,17,0
5537,7,0,3550,17,0
5538,8,0,3551,17,0
5539,9,0,3552,17,0
5540,10,0,3553,17,0
5541,11,0,3554,17,0
5542,12,0,3555,17,0
5543,13,0,3556,17,0
5544,1,0,3557,17,0
5545,2,0,3558,17,0
5546,3,0,3559,17,0
5549,870,0,3561,14,0
5550,4,0,3561,3,1
5551,66892,0,3561,12,2
5552,2015,0,3562,4,0
5553,125,0,3562,10,1
5554,1,0,3562,7,2
5555,885,0,3562,14,3
5556,4,0,3562,3,4
5557,66892,0,3562,12,5
5558,13145,0,3563,4,0
5559,200,0,3563,10,1
5560,3,0,3563,7,2
5561,900,0,3563,14,3
5562,4,0,3563,3,4
5563,66892,0,3563,12,5
5564,1641,0,3564,4,0
5565,855,0,3564,14,1
5566,4,0,3564,3,2
5567,4,0,3564,7,3
5568,66892,0,3564,12,4
5569,4,0,3526,3,1
5570,810,0,3565,14,0
5571,3,0,3565,3,1
5572,810,0,3566,14,0
5573,3,0,3566,3,1
5574,810,0,3567,14,0
5575,4,0,3567,3,1
5576,810,0,3568,14,0
5577,4,0,3568,3,1
5578,5,0,3569,17,0
5581,4,0,3569,17,1
5582,60,0,3570,1,0
5583,13,0,3570,9,1
5584,30,0,3571,1,0
5585,860,0,3572,14,0
5586,13320,5,3573,4,0
5587,13321,7,3574,4,0
5588,13,0,3530,9,1
5589,13145,0,3575,4,0
5590,855,0,3575,14,1
5591,4,0,3575,3,2
5592,66892,0,3575,12,3
5593,2015,0,3576,4,0
5594,855,0,3576,14,1
5595,3,0,3576,3,2
5596,66890,100,3576,12,3
5597,13265,0,3577,4,0
5598,855,0,3577,14,1
5599,4,0,3577,3,2
5600,66892,0,3577,12,3
5601,9,0,3452,8,2
5602,66892,0,3454,12,2
5603,4,0,1726,3,5
5604,1054,1000,3578,13,0
5617,1055,0,3585,13,0
5618,11428,1,3585,4,1
5619,12,0,3585,9,2
5626,1056,1,3589,13,0
5627,1057,0,3590,13,0
5628,11428,1,3590,4,1
5629,12,0,3590,9,2
5630,1058,0,3591,11,0
5631,1059,0,3592,11,0
5635,948,1,3596,13,0
5636,13216,0,615,4,1
5637,13216,0,3589,4,1
5638,13285,0,675,4,1
5639,4,0,675,3,2
5640,66892,0,675,12,3
5641,13286,0,676,4,1
5642,4,0,676,3,2
5643,66892,0,676,12,3
