long,long,long,long,long,long,long,long,long,long,long,long,long,long,long,long,
1,0,0,0,0,0,0,0,0,0,0,0,0,0,0,0,
2,0,0,0,0,0,0,0,0,0,0,0,0,0,0,0,
3,0,0,0,0,0,0,0,0,0,0,0,0,0,0,0,
4,0,0,0,0,0,0,0,0,0,0,0,0,0,0,0,
5,0,0,0,0,0,0,0,0,0,0,0,0,0,0,0,
6,0,0,0,0,0,0,0,0,0,0,0,0,0,0,0,
7,0,0,0,0,0,0,0,0,0,0,0,0,0,0,0,
8,0,0,0,0,0,0,0,0,0,0,0,0,0,0,0,
9,0,0,0,0,0,0,0,0,0,0,0,0,0,0,0,
10,9,7,5,4,3,5,4,3,2,2,1,1,1,1,1,
11,10,8,6,4,3,6,5,3,3,2,2,2,1,1,1,
12,10,8,6,4,3,6,5,3,3,2,2,2,1,1,1,
13,11,8,6,5,3,7,5,4,3,2,3,2,2,1,1,
14,11,8,6,5,3,7,5,4,3,2,3,2,2,1,1,
15,12,9,7,5,4,8,6,5,3,3,4,3,2,2,1,
16,12,9,7,5,4,8,6,5,3,3,4,3,2,2,1,
17,13,10,7,5,4,9,7,5,4,3,5,4,3,2,2,
18,13,10,7,5,4,9,7,5,4,3,5,4,3,2,2,
19,14,11,8,6,4,10,8,6,4,3,6,5,3,3,2,
20,14,11,8,6,4,10,8,6,4,3,6,5,3,3,2,
21,15,11,8,6,5,11,8,6,5,3,7,5,4,3,2,
22,15,11,8,6,5,11,8,6,5,3,7,5,4,3,2,
23,16,12,9,7,5,12,9,7,5,4,8,6,5,3,3,
24,16,12,9,7,5,12,9,7,5,4,8,6,5,3,3,
25,17,13,10,7,5,13,10,7,5,4,9,7,5,4,3,
26,17,13,10,7,5,13,10,7,5,4,9,7,5,4,3,
27,18,14,10,8,6,14,11,8,6,4,10,8,6,4,3,
28,18,14,10,8,6,14,11,8,6,4,10,8,6,4,3,
29,19,14,11,8,6,15,11,8,6,5,11,8,6,5,3,
30,19,14,11,8,6,15,11,8,6,5,11,8,6,5,3,
31,20,15,11,8,6,16,12,9,7,5,12,9,7,5,4,
32,20,15,11,8,6,16,12,9,7,5,12,9,7,5,4,
33,21,16,12,9,7,17,13,10,7,5,13,10,7,5,4,
34,21,16,12,9,7,17,13,10,7,5,13,10,7,5,4,
35,22,17,12,9,7,18,14,10,8,6,14,11,8,6,4,
36,22,17,12,9,7,18,14,10,8,6,14,11,8,6,4,
37,23,17,13,10,7,19,14,11,8,6,15,11,8,6,5,
38,23,17,13,10,7,19,14,11,8,6,15,11,8,6,5,
39,24,18,14,10,8,20,15,11,8,6,16,12,9,7,5,
40,24,18,14,10,8,20,15,11,8,6,16,12,9,7,5,
41,25,19,14,11,8,21,16,12,9,7,17,13,10,7,5,
42,25,19,14,11,8,21,16,12,9,7,17,13,10,7,5,
43,26,20,15,11,8,22,17,12,9,7,18,14,10,8,6,
44,26,20,15,11,8,22,17,12,9,7,18,14,10,8,6,
45,27,20,15,11,9,23,17,13,10,7,19,14,11,8,6,
46,27,20,15,11,9,23,17,13,10,7,19,14,11,8,6,
47,28,21,16,12,9,24,18,14,10,8,20,15,11,8,6,
48,28,21,16,12,9,24,18,14,10,8,20,15,11,8,6,
49,29,22,16,12,9,25,19,14,11,8,21,16,12,9,7,
50,29,22,16,12,9,25,19,14,11,8,21,16,12,9,7,
51,30,23,17,13,9,26,20,15,11,8,22,17,12,9,7,
52,30,23,17,13,9,26,20,15,11,8,22,17,12,9,7,
53,31,23,17,13,10,27,20,15,11,9,23,17,13,10,7,
54,31,23,17,13,10,27,20,15,11,9,23,17,13,10,7,
55,32,24,18,14,10,28,21,16,12,9,24,18,14,10,8,
56,32,24,18,14,10,28,21,16,12,9,24,18,14,10,8,
57,33,25,19,14,10,29,22,16,12,9,25,19,14,11,8,
58,33,25,19,14,10,29,22,16,12,9,25,19,14,11,8,
59,34,26,19,14,11,30,23,17,13,9,26,20,15,11,8,
60,34,26,19,14,11,30,23,17,13,9,26,20,15,11,8,
61,35,26,20,15,11,31,23,17,13,10,27,20,15,11,9,
62,35,26,20,15,11,31,23,17,13,10,27,20,15,11,9,
63,36,27,20,15,11,32,24,18,14,10,28,21,16,12,9,
64,36,27,20,15,11,32,24,18,14,10,28,21,16,12,9,
65,37,28,21,16,12,32,25,19,14,10,29,22,16,12,9,
66,37,28,21,16,12,32,24,18,14,10,29,22,16,12,9,
67,37,28,21,16,12,32,24,18,14,10,29,22,16,12,9,
68,37,28,21,16,12,32,24,18,14,10,29,22,16,12,9,
69,37,28,21,16,12,32,24,18,14,10,29,22,16,12,9,
70,37,28,21,16,12,32,24,18,14,10,29,22,16,12,9,
71,37,28,21,16,12,32,24,18,14,10,29,22,16,12,9,
72,37,28,21,16,12,32,24,18,14,10,29,22,16,12,9,
73,37,28,21,16,12,32,24,18,14,10,29,22,16,12,9,
74,37,28,21,16,12,32,24,18,14,10,29,22,16,12,9,
75,37,28,21,16,12,32,24,18,14,10,29,22,16,12,9,
76,37,28,21,16,12,32,24,18,14,10,29,22,16,12,9,
77,37,28,21,16,12,32,24,18,14,10,29,22,16,12,9,
78,37,28,21,16,12,32,24,18,14,10,29,22,16,12,9,
79,37,28,21,16,12,32,24,18,14,10,29,22,16,12,9,
80,37,28,21,16,12,32,24,18,14,10,29,22,16,12,9,
81,37,28,21,16,12,32,24,18,14,10,29,22,16,12,9,
82,37,28,21,16,12,32,24,18,14,10,29,22,16,12,9,
83,37,28,21,16,12,32,24,18,14,10,29,22,16,12,9,
84,37,28,21,16,12,32,24,18,14,10,29,22,16,12,9,
85,37,28,21,16,12,33,25,19,14,10,29,22,16,12,9,
86,37,28,21,16,12,34,26,19,14,11,29,22,16,12,9,
87,37,28,21,16,12,34,26,19,14,11,29,22,16,12,9,
88,37,28,21,16,12,35,26,20,15,11,29,22,16,12,9,
89,37,28,21,16,12,36,27,20,15,11,29,22,16,12,9,
90,37,28,21,16,12,36,27,20,15,11,29,22,16,12,9,
91,37,28,21,16,12,37,28,21,16,12,30,23,17,13,9,
92,37,28,21,16,12,38,29,21,16,12,30,23,17,13,9,
93,37,28,21,16,12,38,29,21,16,12,31,23,17,13,10,
94,38,29,21,16,12,39,29,22,16,12,32,24,18,14,10,
95,38,29,21,16,12,39,29,22,16,12,32,24,18,14,10,
96,39,29,22,16,12,39,29,22,16,12,33,25,19,14,10,
97,39,29,22,16,12,39,29,22,16,12,34,26,19,14,11,
98,40,30,23,17,13,39,29,22,16,12,34,26,19,14,11,
99,40,30,23,17,13,39,29,22,16,12,35,26,20,15,11,
100,40,30,23,17,13,40,30,23,17,13,35,26,20,15,11,
101,41,31,23,17,13,40,30,23,17,13,35,26,20,15,11,
102,41,31,23,17,13,40,30,23,17,13,35,26,20,15,11,
103,42,32,24,18,13,40,30,23,17,13,35,26,20,15,11,
104,42,32,24,18,13,41,31,23,17,13,35,26,20,15,11,
105,43,32,24,18,14,41,31,23,17,13,36,27,20,15,11,
106,43,32,24,18,14,41,31,23,17,13,36,27,20,15,11,
107,44,33,25,19,14,41,31,23,17,13,36,27,20,15,11,
108,44,33,25,19,14,41,31,23,17,13,36,27,20,15,11,
109,44,33,25,19,14,41,31,23,17,13,36,27,20,15,11,
110,45,34,25,19,14,41,31,23,17,13,36,27,20,15,11,
111,45,34,25,19,14,41,31,23,17,13,37,28,21,16,12,
112,46,35,26,19,15,41,31,23,17,13,37,28,21,16,12,
113,46,35,26,19,15,42,32,24,18,13,37,28,21,16,12,
114,47,35,26,20,15,42,32,24,18,13,37,28,21,16,12,
115,47,35,26,20,15,43,32,24,18,14,37,28,21,16,12,
116,47,35,26,20,15,43,32,24,18,14,37,28,21,16,12,
117,47,35,26,20,15,43,32,24,18,14,37,28,21,16,12,
118,47,35,26,20,15,43,32,24,18,14,37,28,21,16,12,
119,47,35,26,20,15,43,32,24,18,14,37,28,21,16,12,
120,47,35,26,20,15,43,32,24,18,14,37,28,21,16,12,
121,47,35,26,20,15,43,32,24,18,14,38,29,21,16,12,
122,47,35,26,20,15,43,32,24,18,14,38,29,21,16,12,
123,47,35,26,20,15,43,32,24,18,14,38,29,21,16,12,
124,47,35,26,20,15,43,32,24,18,14,38,29,21,16,12,
125,47,35,26,20,15,43,32,24,18,14,38,29,21,16,12,
126,47,35,26,20,15,43,32,24,18,14,38,29,21,16,12,
127,47,35,26,20,15,43,32,24,18,14,38,29,21,16,12,
128,47,35,26,20,15,43,32,24,18,14,38,29,21,16,12,
129,47,35,26,20,15,43,32,24,18,14,38,29,21,16,12,
130,47,35,26,20,15,43,32,24,18,14,38,29,21,16,12,
131,47,35,26,20,15,43,32,24,18,14,38,29,21,16,12,
132,47,35,26,20,15,43,32,24,18,14,38,29,21,16,12,
133,47,35,26,20,15,43,32,24,18,14,38,29,21,16,12,
134,47,35,26,20,15,43,32,24,18,14,38,29,21,16,12,
135,47,35,26,20,15,43,32,24,18,14,38,29,21,16,12,
136,47,35,26,20,15,43,32,24,18,14,38,29,21,16,12,
137,47,35,26,20,15,43,32,24,18,14,38,29,21,16,12,
138,47,35,26,20,15,44,33,25,19,14,38,29,21,16,12,
139,47,35,26,20,15,44,33,25,19,14,39,29,22,16,12,
140,47,35,26,20,15,44,33,25,19,14,39,29,22,16,12,
141,47,35,26,20,15,44,33,25,19,14,39,29,22,16,12,
142,47,35,26,20,15,44,33,25,19,14,39,29,22,16,12,
143,47,35,26,20,15,44,33,25,19,14,40,30,23,17,13,
144,47,35,26,20,15,44,33,25,19,14,40,30,23,17,13,
145,47,35,26,20,15,44,33,25,19,14,40,30,23,17,13,
146,47,35,26,20,15,44,33,25,19,14,41,31,23,17,13,
147,47,35,26,20,15,44,33,25,19,14,41,31,23,17,13,
148,47,35,26,20,15,44,33,25,19,14,42,32,24,18,13,
149,47,35,26,20,15,44,33,25,19,14,42,32,24,18,13,
150,47,35,26,20,15,44,33,25,19,14,43,32,24,18,14,
151,47,35,26,20,15,44,33,25,19,14,43,32,24,18,14,
152,47,35,26,20,15,44,33,25,19,14,44,33,25,19,14,
153,47,35,26,20,15,44,33,25,19,14,44,33,25,19,14,
154,47,35,26,20,15,44,33,25,19,14,45,34,25,19,14,
155,47,35,26,20,15,44,33,25,19,14,45,34,25,19,14,
156,47,35,26,20,15,44,33,25,19,14,45,34,25,19,14,
157,47,35,26,20,15,44,33,25,19,14,45,34,25,19,14,
158,47,35,26,20,15,44,33,25,19,14,45,34,25,19,14,
159,47,35,26,20,15,45,34,25,19,14,45,34,25,19,14,
160,47,35,26,20,15,45,34,25,19,14,45,34,25,19,14,
161,47,35,26,20,15,46,35,26,19,15,45,34,25,19,14,
162,47,35,26,20,15,46,35,26,19,15,46,35,26,19,15,
163,47,35,26,20,15,47,35,26,20,15,46,35,26,19,15,
164,47,35,26,20,15,47,35,26,20,15,46,35,26,19,15,
165,47,35,26,20,15,48,36,27,20,15,46,35,26,19,15,
166,48,36,27,20,15,48,36,27,20,15,46,35,26,19,15,
167,48,36,27,20,15,49,37,28,21,16,46,35,26,19,15,
168,48,36,27,20,15,49,37,28,21,16,46,35,26,19,15,
169,48,36,27,20,15,49,37,28,21,16,46,35,26,19,15,
170,48,36,27,20,15,49,37,28,21,16,47,35,26,20,15,
171,48,36,27,20,15,49,37,28,21,16,47,35,26,20,15,
172,48,36,27,20,15,49,37,28,21,16,47,35,26,20,15,
173,49,37,28,21,16,49,37,28,21,16,47,35,26,20,15,
174,49,37,28,21,16,49,37,28,21,16,47,35,26,20,15,
175,49,37,28,21,16,50,38,28,21,16,47,35,26,20,15,
176,49,37,28,21,16,50,38,28,21,16,47,35,26,20,15,
177,49,37,28,21,16,50,38,28,21,16,47,35,26,20,15,
178,49,37,28,21,16,50,38,28,21,16,47,35,26,20,15,
179,49,37,28,21,16,50,38,28,21,16,47,35,26,20,15,
180,50,38,28,21,16,50,38,28,21,16,47,35,26,20,15,
181,50,38,28,21,16,50,38,28,21,16,47,35,26,20,15,
182,50,38,28,21,16,50,38,28,21,16,47,35,26,20,15,
183,50,38,28,21,16,51,38,29,22,16,47,35,26,20,15,
184,50,38,28,21,16,51,38,29,22,16,47,35,26,20,15,
185,50,38,28,21,16,51,38,29,22,16,47,35,26,20,15,
186,50,38,28,21,16,51,38,29,22,16,47,35,26,20,15,
187,51,38,29,22,16,51,38,29,22,16,47,35,26,20,15,
188,51,38,29,22,16,51,38,29,22,16,47,35,26,20,15,
189,51,38,29,22,16,51,38,29,22,16,47,35,26,20,15,
190,51,38,29,22,16,51,38,29,22,16,47,35,26,20,15,
191,51,38,29,22,16,51,38,29,22,16,47,35,26,20,15,
192,51,38,29,22,16,51,38,29,22,16,47,35,26,20,15,
193,51,38,29,22,16,51,38,29,22,16,47,35,26,20,15,
194,52,39,29,22,16,51,38,29,22,16,47,35,26,20,15,
195,52,39,29,22,16,51,38,29,22,16,47,35,26,20,15,
196,52,39,29,22,16,51,38,29,22,16,47,35,26,20,15,
197,52,39,29,22,16,51,38,29,22,16,47,35,26,20,15,
198,52,39,29,22,16,51,38,29,22,16,47,35,26,20,15,
199,52,39,29,22,16,51,38,29,22,16,47,35,26,20,15,
200,52,39,29,22,16,52,39,29,22,16,47,35,26,20,15,
201,53,40,30,22,17,52,39,29,22,16,47,35,26,20,15,
202,53,40,30,22,17,52,39,29,22,16,47,35,26,20,15,
203,53,40,30,22,17,52,39,29,22,16,47,35,26,20,15,
204,53,40,30,22,17,52,39,29,22,16,47,35,26,20,15,
205,53,40,30,22,17,52,39,29,22,16,47,35,26,20,15,
206,53,40,30,22,17,52,39,29,22,16,47,35,26,20,15,
207,54,41,30,23,17,52,39,29,22,16,47,35,26,20,15,
208,54,41,30,23,17,52,39,29,22,16,47,35,26,20,15,
209,54,41,30,23,17,52,39,29,22,16,47,35,26,20,15,
210,54,41,30,23,17,52,39,29,22,16,47,35,26,20,15,
211,54,41,30,23,17,52,39,29,22,16,47,35,26,20,15,
212,54,41,30,23,17,52,39,29,22,16,47,35,26,20,15,
213,55,41,31,23,17,52,39,29,22,16,47,35,26,20,15,
214,55,41,31,23,17,52,39,29,22,16,47,35,26,20,15,
215,55,41,31,23,17,52,39,29,22,16,47,35,26,20,15,
216,55,41,31,23,17,52,39,29,22,16,47,35,26,20,15,
217,55,41,31,23,17,52,39,29,22,16,47,35,26,20,15,
218,55,41,31,23,17,52,39,29,22,16,47,35,26,20,15,
219,55,41,31,23,17,52,39,29,22,16,47,35,26,20,15,
220,55,41,31,23,17,52,39,29,22,16,47,35,26,20,15,
221,55,41,31,23,17,52,39,29,22,16,47,35,26,20,15,
222,55,41,31,23,17,52,39,29,22,16,47,35,26,20,15,
223,55,41,31,23,17,52,39,29,22,16,47,35,26,20,15,
224,55,41,31,23,17,52,39,29,22,16,47,35,26,20,15,
225,55,41,31,23,17,52,39,29,22,16,47,35,26,20,15,
226,55,41,31,23,17,52,39,29,22,16,47,35,26,20,15,
227,55,41,31,23,17,52,39,29,22,16,47,35,26,20,15,
228,55,41,31,23,17,52,39,29,22,16,47,35,26,20,15,
229,55,41,31,23,17,52,39,29,22,16,47,35,26,20,15,
230,55,41,31,23,17,52,39,29,22,16,47,35,26,20,15,
231,55,41,31,23,17,52,39,29,22,16,47,35,26,20,15,
232,55,41,31,23,17,52,39,29,22,16,47,35,26,20,15,
233,55,41,31,23,17,52,39,29,22,16,47,35,26,20,15,
234,55,41,31,23,17,52,39,29,22,16,47,35,26,20,15,
235,55,41,31,23,17,52,39,29,22,16,47,35,26,20,15,
236,55,41,31,23,17,52,39,29,22,16,47,35,26,20,15,
237,55,41,31,23,17,52,39,29,22,16,47,35,26,20,15,
238,55,41,31,23,17,52,39,29,22,16,47,35,26,20,15,
239,55,41,31,23,17,52,39,29,22,16,47,35,26,20,15,
240,55,41,31,23,17,52,39,29,22,16,47,35,26,20,15,
241,55,41,31,23,17,52,39,29,22,16,47,35,26,20,15,
242,55,41,31,23,17,52,39,29,22,16,47,35,26,20,15,
243,55,41,31,23,17,52,39,29,22,16,47,35,26,20,15,
244,55,41,31,23,17,52,39,29,22,16,47,35,26,20,15,
245,55,41,31,23,17,52,39,29,22,16,47,35,26,20,15,
246,55,41,31,23,17,52,39,29,22,16,47,35,26,20,15,
247,55,41,31,23,17,52,39,29,22,16,47,35,26,20,15,
248,55,41,31,23,17,52,39,29,22,16,47,35,26,20,15,
249,55,41,31,23,17,52,39,29,22,16,47,35,26,20,15,
250,55,41,31,23,17,52,39,29,22,16,47,35,26,20,15,
251,55,41,31,23,17,52,39,29,22,16,47,35,26,20,15,
252,55,41,31,23,17,52,39,29,22,16,47,35,26,20,15,
253,55,41,31,23,17,52,39,29,22,16,47,35,26,20,15,
254,55,41,31,23,17,52,39,29,22,16,47,35,26,20,15,
255,55,41,31,23,17,52,39,29,22,16,47,35,26,20,15,
256,55,41,31,23,17,52,39,29,22,16,47,35,26,20,15,
257,55,41,31,23,17,52,39,29,22,16,47,35,26,20,15,
258,55,41,31,23,17,52,39,29,22,16,47,35,26,20,15,
259,55,41,31,23,17,52,39,29,22,16,47,35,26,20,15,
260,55,41,31,23,17,52,39,29,22,16,47,35,26,20,15,
261,55,41,31,23,17,52,39,29,22,16,47,35,26,20,15,
262,55,41,31,23,17,52,39,29,22,16,47,35,26,20,15,
263,55,41,31,23,17,52,39,29,22,16,47,35,26,20,15,
264,55,41,31,23,17,52,39,29,22,16,47,35,26,20,15,
265,55,41,31,23,17,52,39,29,22,16,47,35,26,20,15,
266,55,41,31,23,17,52,39,29,22,16,47,35,26,20,15,
267,55,41,31,23,17,52,39,29,22,16,47,35,26,20,15,
268,55,41,31,23,17,52,39,29,22,16,47,35,26,20,15,
269,55,41,31,23,17,52,39,29,22,16,47,35,26,20,15,
270,55,41,31,23,17,52,39,29,22,16,47,35,26,20,15,
271,55,41,31,23,17,52,39,29,22,16,47,35,26,20,15,
272,55,41,31,23,17,52,39,29,22,16,47,35,26,20,15,
273,55,41,31,23,17,52,39,29,22,16,47,35,26,20,15,
274,55,41,31,23,17,52,39,29,22,16,47,35,26,20,15,
275,55,41,31,23,17,52,39,29,22,16,47,35,26,20,15,
276,55,41,31,23,17,52,39,29,22,16,47,35,26,20,15,
277,55,41,31,23,17,52,39,29,22,16,47,35,26,20,15,
278,55,41,31,23,17,52,39,29,22,16,48,36,27,20,15,
279,55,41,31,23,17,52,39,29,22,16,48,36,27,20,15,
280,55,41,31,23,17,52,39,29,22,16,48,36,27,20,15,
281,55,41,31,23,17,52,39,29,22,16,48,36,27,20,15,
282,55,41,31,23,17,52,39,29,22,16,48,36,27,20,15,
283,55,41,31,23,17,52,39,29,22,16,48,36,27,20,15,
284,55,41,31,23,17,52,39,29,22,16,48,36,27,20,15,
285,55,41,31,23,17,52,39,29,22,16,48,36,27,20,15,
286,55,41,31,23,17,52,39,29,22,16,48,36,27,20,15,
287,55,41,31,23,17,52,39,29,22,16,48,36,27,20,15,
288,55,41,31,23,17,52,39,29,22,16,48,36,27,20,15,
289,55,41,31,23,17,52,39,29,22,16,49,37,28,21,16,
290,55,41,31,23,17,52,39,29,22,16,49,37,28,21,16,
291,56,42,32,24,18,52,39,29,22,16,49,37,28,21,16,
292,56,42,32,24,18,52,39,29,22,16,50,38,28,21,16,
293,56,42,32,24,18,52,39,29,22,16,50,38,28,21,16,
294,56,42,32,24,18,52,39,29,22,16,50,38,28,21,16,
295,56,42,32,24,18,52,39,29,22,16,51,38,29,22,16,
296,56,42,32,24,18,52,39,29,22,16,51,38,29,22,16,
297,56,42,32,24,18,52,39,29,22,16,52,39,29,22,16,
298,56,42,32,24,18,52,39,29,22,16,52,39,29,22,16,
299,56,42,32,24,18,52,39,29,22,16,52,39,29,22,16,
300,56,42,32,24,18,53,40,30,22,17,53,40,30,22,17,
301,56,42,32,24,18,53,40,30,22,17,53,40,30,22,17,
302,56,42,32,24,18,53,40,30,22,17,53,40,30,22,17,
303,56,42,32,24,18,53,40,30,22,17,53,40,30,22,17,
304,56,42,32,24,18,53,40,30,22,17,53,40,30,22,17,
305,57,43,32,24,18,54,41,30,23,17,54,41,30,23,17,
306,57,43,32,24,18,54,41,30,23,17,54,41,30,23,17,
307,57,43,32,24,18,54,41,30,23,17,54,41,30,23,17,
308,57,43,32,24,18,54,41,30,23,17,54,41,30,23,17,
309,57,43,32,24,18,54,41,30,23,17,54,41,30,23,17,
310,57,43,32,24,18,54,41,30,23,17,54,41,30,23,17,
311,57,43,32,24,18,54,41,30,23,17,54,41,30,23,17,
312,57,43,32,24,18,54,41,30,23,17,54,41,30,23,17,
313,57,43,32,24,18,54,41,30,23,17,54,41,30,23,17,
314,57,43,32,24,18,54,41,30,23,17,54,41,30,23,17,
315,57,43,32,24,18,54,41,30,23,17,54,41,30,23,17,
316,57,43,32,24,18,54,41,30,23,17,54,41,30,23,17,
317,57,43,32,24,18,55,41,31,23,17,54,41,30,23,17,
318,57,43,32,24,18,55,41,31,23,17,54,41,30,23,17,
319,58,44,33,24,18,55,41,31,23,17,54,41,30,23,17,
320,58,44,33,24,18,55,41,31,23,17,54,41,30,23,17,
321,58,44,33,24,18,55,41,31,23,17,54,41,30,23,17,
322,58,44,33,24,18,55,41,31,23,17,54,41,30,23,17,
323,58,44,33,24,18,55,41,31,23,17,54,41,30,23,17,
324,58,44,33,24,18,55,41,31,23,17,54,41,30,23,17,
325,58,44,33,24,18,56,42,32,24,18,54,41,30,23,17,
326,58,44,33,24,18,56,42,32,24,18,54,41,30,23,17,
327,58,44,33,24,18,56,42,32,24,18,54,41,30,23,17,
328,58,44,33,24,18,56,42,32,24,18,54,41,30,23,17,
329,58,44,33,24,18,56,42,32,24,18,54,41,30,23,17,
330,58,44,33,24,18,56,42,32,24,18,54,41,30,23,17,
331,58,44,33,24,18,56,42,32,24,18,54,41,30,23,17,
332,59,44,33,25,19,56,42,32,24,18,54,41,30,23,17,
333,59,44,33,25,19,57,43,32,24,18,54,41,30,23,17,
334,59,44,33,25,19,57,43,32,24,18,54,41,30,23,17,
335,59,44,33,25,19,57,43,32,24,18,54,41,30,23,17,
336,59,44,33,25,19,57,43,32,24,18,54,41,30,23,17,
337,59,44,33,25,19,57,43,32,24,18,54,41,30,23,17,
338,59,44,33,25,19,57,43,32,24,18,54,41,30,23,17,
339,59,44,33,25,19,57,43,32,24,18,54,41,30,23,17,
340,59,44,33,25,19,57,43,32,24,18,54,41,30,23,17,
341,59,44,33,25,19,57,43,32,24,18,54,41,30,23,17,
342,59,44,33,25,19,57,43,32,24,18,54,41,30,23,17,
343,59,44,33,25,19,57,43,32,24,18,54,41,30,23,17,
344,59,44,33,25,19,57,43,32,24,18,54,41,30,23,17,
345,59,44,33,25,19,57,43,32,24,18,54,41,30,23,17,
346,60,45,34,25,19,58,44,33,24,18,54,41,30,23,17,
347,60,45,34,25,19,58,44,33,24,18,54,41,30,23,17,
348,60,45,34,25,19,58,44,33,24,18,54,41,30,23,17,
349,60,45,34,25,19,58,44,33,24,18,54,41,30,23,17,
350,60,45,34,25,19,58,44,33,24,18,54,41,30,23,17,
351,60,45,34,25,19,58,44,33,24,18,54,41,30,23,17,
352,60,45,34,25,19,58,44,33,24,18,54,41,30,23,17,
353,60,45,34,25,19,58,44,33,24,18,54,41,30,23,17,
354,60,45,34,25,19,58,44,33,24,18,54,41,30,23,17,
355,60,45,34,25,19,58,44,33,24,18,54,41,30,23,17,
356,60,45,34,25,19,58,44,33,24,18,54,41,30,23,17,
357,60,45,34,25,19,58,44,33,24,18,54,41,30,23,17,
358,60,45,34,25,19,58,44,33,24,18,54,41,30,23,17,
359,61,46,34,26,19,58,44,33,24,18,54,41,30,23,17,
360,61,46,34,26,19,58,44,33,24,18,54,41,30,23,17,
361,61,46,34,26,19,58,44,33,24,18,54,41,30,23,17,
362,61,46,34,26,19,58,44,33,24,18,54,41,30,23,17,
363,61,46,34,26,19,58,44,33,24,18,54,41,30,23,17,
364,61,46,34,26,19,59,44,33,25,19,54,41,30,23,17,
365,61,46,34,26,19,59,44,33,25,19,54,41,30,23,17,
366,61,46,34,26,19,59,44,33,25,19,54,41,30,23,17,
367,61,46,34,26,19,59,44,33,25,19,54,41,30,23,17,
368,61,46,34,26,19,59,44,33,25,19,54,41,30,23,17,
369,61,46,34,26,19,59,44,33,25,19,54,41,30,23,17,
370,61,46,34,26,19,59,44,33,25,19,54,41,30,23,17,
371,61,46,34,26,19,59,44,33,25,19,54,41,30,23,17,
372,61,46,34,26,19,59,44,33,25,19,54,41,30,23,17,
373,61,46,34,26,19,59,44,33,25,19,54,41,30,23,17,
374,61,46,34,26,19,59,44,33,25,19,54,41,30,23,17,
375,61,46,34,26,19,59,44,33,25,19,54,41,30,23,17,
376,61,46,34,26,19,59,44,33,25,19,54,41,30,23,17,
377,61,46,34,26,19,59,44,33,25,19,54,41,30,23,17,
378,61,46,34,26,19,59,44,33,25,19,55,41,31,23,17,
379,61,46,34,26,19,59,44,33,25,19,55,41,31,23,17,
380,61,46,34,26,19,59,44,33,25,19,55,41,31,23,17,
381,61,46,34,26,19,59,44,33,25,19,55,41,31,23,17,
382,61,46,34,26,19,60,45,34,25,19,55,41,31,23,17,
383,61,46,34,26,19,60,45,34,25,19,55,41,31,23,17,
384,61,46,34,26,19,60,45,34,25,19,55,41,31,23,17,
385,61,46,34,26,19,60,45,34,25,19,56,42,32,24,18,
386,61,46,34,26,19,60,45,34,25,19,56,42,32,24,18,
387,61,46,34,26,19,60,45,34,25,19,56,42,32,24,18,
388,61,46,34,26,19,60,45,34,25,19,56,42,32,24,18,
389,61,46,34,26,19,60,45,34,25,19,56,42,32,24,18,
390,61,46,34,26,19,60,45,34,25,19,56,42,32,24,18,
391,61,46,34,26,19,60,45,34,25,19,56,42,32,24,18,
392,61,46,34,26,19,60,45,34,25,19,56,42,32,24,18,
393,61,46,34,26,19,60,45,34,25,19,56,42,32,24,18,
394,61,46,34,26,19,60,45,34,25,19,56,42,32,24,18,
395,61,46,34,26,19,60,45,34,25,19,56,42,32,24,18,
396,61,46,34,26,19,60,45,34,25,19,56,42,32,24,18,
397,61,46,34,26,19,60,45,34,25,19,56,42,32,24,18,
398,61,46,34,26,19,60,45,34,25,19,56,42,32,24,18,
399,61,46,34,26,19,60,45,34,25,19,57,43,32,24,18,
400,61,46,34,26,19,61,46,34,26,19,57,43,32,24,18,
401,61,46,34,26,19,61,46,34,26,19,57,43,32,24,18,
402,61,46,34,26,19,61,46,34,26,19,57,43,32,24,18,
403,61,46,34,26,19,61,46,34,26,19,57,43,32,24,18,
404,61,46,34,26,19,61,46,34,26,19,57,43,32,24,18,
405,61,46,34,26,19,61,46,34,26,19,57,43,32,24,18,
406,61,46,34,26,19,61,46,34,26,19,57,43,32,24,18,
407,61,46,34,26,19,61,46,34,26,19,58,44,33,24,18,
408,61,46,34,26,19,61,46,34,26,19,58,44,33,24,18,
409,61,46,34,26,19,61,46,34,26,19,58,44,33,24,18,
410,61,46,34,26,19,61,46,34,26,19,58,44,33,24,18,
411,61,46,34,26,19,61,46,34,26,19,58,44,33,24,18,
412,61,46,34,26,19,61,46,34,26,19,58,44,33,24,18,
413,61,46,34,26,19,61,46,34,26,19,58,44,33,24,18,
414,61,46,34,26,19,61,46,34,26,19,58,44,33,24,18,
415,61,46,34,26,19,61,46,34,26,19,58,44,33,24,18,
416,61,46,34,26,19,61,46,34,26,19,59,44,33,25,19,
417,61,46,34,26,19,61,46,34,26,19,59,44,33,25,19,
418,62,47,35,26,20,62,47,35,26,20,59,44,33,25,19,
419,62,47,35,26,20,62,47,35,26,20,59,44,33,25,19,
420,62,47,35,26,20,62,47,35,26,20,59,44,33,25,19,
421,62,47,35,26,20,62,47,35,26,20,59,44,33,25,19,
422,62,47,35,26,20,62,47,35,26,20,59,44,33,25,19,
423,62,47,35,26,20,62,47,35,26,20,60,45,34,25,19,
424,62,47,35,26,20,62,47,35,26,20,60,45,34,25,19,
425,62,47,35,26,20,62,47,35,26,20,60,45,34,25,19,
426,62,47,35,26,20,62,47,35,26,20,60,45,34,25,19,
427,62,47,35,26,20,62,47,35,26,20,60,45,34,25,19,
428,62,47,35,26,20,62,47,35,26,20,60,45,34,25,19,
429,62,47,35,26,20,62,47,35,26,20,61,46,34,26,19,
430,62,47,35,26,20,62,47,35,26,20,61,46,34,26,19,
431,62,47,35,26,20,62,47,35,26,20,61,46,34,26,19,
432,62,47,35,26,20,62,47,35,26,20,61,46,34,26,19,
433,62,47,35,26,20,62,47,35,26,20,62,47,35,26,20,
434,62,47,35,26,20,62,47,35,26,20,62,47,35,26,20,
435,63,47,35,27,20,63,47,35,27,20,62,47,35,26,20,
436,63,47,35,27,20,63,47,35,27,20,62,47,35,26,20,
437,63,47,35,27,20,63,47,35,27,20,63,47,35,27,20,
438,63,47,35,27,20,63,47,35,27,20,63,47,35,27,20,
439,63,47,35,27,20,63,47,35,27,20,63,47,35,27,20,
440,63,47,35,27,20,63,47,35,27,20,63,47,35,27,20,
441,63,47,35,27,20,63,47,35,27,20,63,47,35,27,20,
442,63,47,35,27,20,63,47,35,27,20,63,47,35,27,20,
443,63,47,35,27,20,63,47,35,27,20,63,47,35,27,20,
444,64,48,36,27,20,64,48,36,27,20,64,48,36,27,20,
445,64,48,36,27,20,64,48,36,27,20,64,48,36,27,20,
446,64,48,36,27,20,64,48,36,27,20,64,48,36,27,20,
447,64,48,36,27,20,64,48,36,27,20,64,48,36,27,20,
448,64,48,36,27,20,64,48,36,27,20,64,48,36,27,20,
449,64,48,36,27,20,64,48,36,27,20,64,48,36,27,20,
450,65,49,37,27,21,65,49,37,27,21,65,49,37,27,21,
451,65,49,37,27,21,65,49,37,27,21,65,49,37,27,21,
452,65,49,37,27,21,65,49,37,27,21,65,49,37,27,21,
453,65,49,37,27,21,65,49,37,27,21,65,49,37,27,21,
454,65,49,37,27,21,65,49,37,27,21,65,49,37,27,21,
455,65,49,37,27,21,65,49,37,27,21,65,49,37,27,21,
456,65,49,37,27,21,65,49,37,27,21,65,49,37,27,21,
457,66,50,37,28,21,66,50,37,28,21,66,50,37,28,21,
458,66,50,37,28,21,66,50,37,28,21,66,50,37,28,21,
459,66,50,37,28,21,66,50,37,28,21,66,50,37,28,21,
460,66,50,37,28,21,66,50,37,28,21,66,50,37,28,21,
461,66,50,37,28,21,66,50,37,28,21,66,50,37,28,21,
462,66,50,37,28,21,66,50,37,28,21,66,50,37,28,21,
463,67,50,38,28,21,67,50,38,28,21,67,50,38,28,21,
464,68,51,38,29,22,68,51,38,29,22,68,51,38,29,22,
465,68,51,38,29,22,68,51,38,29,22,68,51,38,29,22,
466,69,52,39,29,22,69,52,39,29,22,69,52,39,29,22,
467,70,53,39,30,22,70,53,39,30,22,70,53,39,30,22,
468,70,53,39,30,22,70,53,39,30,22,70,53,39,30,22,
469,71,53,40,30,22,71,53,40,30,22,71,53,40,30,22,
470,72,54,41,30,23,72,54,41,30,23,72,54,41,30,23,
471,72,54,41,30,23,72,54,41,30,23,72,54,41,30,23,
472,73,55,41,31,23,73,55,41,31,23,73,55,41,31,23,
473,74,56,42,31,23,74,56,42,31,23,74,56,42,31,23,
474,74,56,42,31,23,74,56,42,31,23,74,56,42,31,23,
475,75,56,42,32,24,75,56,42,32,24,75,56,42,32,24,
476,76,57,43,32,24,76,57,43,32,24,76,57,43,32,24,
477,76,57,43,32,24,76,57,43,32,24,76,57,43,32,24,
478,77,58,43,32,24,77,58,43,32,24,77,58,43,32,24,
479,78,59,44,33,25,78,59,44,33,25,78,59,44,33,25,
480,78,59,44,33,25,78,59,44,33,25,78,59,44,33,25,
481,79,59,44,33,25,79,59,44,33,25,79,59,44,33,25,
482,80,60,45,34,25,80,60,45,34,25,80,60,45,34,25,
483,81,61,46,34,26,81,61,46,34,26,81,61,46,34,26,
484,81,61,46,34,26,81,61,46,34,26,81,61,46,34,26,
485,82,62,46,35,26,82,62,46,35,26,82,62,46,35,26,
486,83,62,47,35,26,83,62,47,35,26,83,62,47,35,26,
487,84,63,47,35,27,84,63,47,35,27,84,63,47,35,27,
488,85,64,48,36,27,85,64,48,36,27,85,64,48,36,27,
489,85,64,48,36,27,85,64,48,36,27,85,64,48,36,27,
490,86,65,48,36,27,86,65,48,36,27,86,65,48,36,27,
491,87,65,49,37,28,87,65,49,37,28,87,65,49,37,28,
492,88,66,50,37,28,88,66,50,37,28,88,66,50,37,28,
493,89,67,50,38,28,89,67,50,38,28,89,67,50,38,28,
494,89,67,50,38,28,89,67,50,38,28,89,67,50,38,28,
495,90,68,51,38,28,90,68,51,38,28,90,68,51,38,28,
496,91,68,51,38,29,91,68,51,38,29,91,68,51,38,29,
497,92,69,52,39,29,92,69,52,39,29,92,69,52,39,29,
498,93,70,52,39,29,93,70,52,39,29,93,70,52,39,29,
499,94,71,53,40,30,94,71,53,40,30,94,71,53,40,30,
500,95,71,53,40,30,95,71,53,40,30,95,71,53,40,30,
501,95,71,53,40,30,95,71,53,40,30,95,71,53,40,30,
502,96,72,54,41,30,96,72,54,41,30,96,72,54,41,30,
503,97,73,55,41,31,97,73,55,41,31,97,73,55,41,31,
504,98,74,55,41,31,98,74,55,41,31,98,74,55,41,31,
505,99,74,56,42,31,99,74,56,42,31,99,74,56,42,31,
506,100,75,56,42,32,100,75,56,42,32,100,75,56,42,32,
507,101,76,57,43,32,101,76,57,43,32,101,76,57,43,32,
508,102,77,57,43,32,102,77,57,43,32,102,77,57,43,32,
509,103,77,58,43,33,103,77,58,43,33,103,77,58,43,33,
510,104,78,59,44,33,104,78,59,44,33,104,78,59,44,33,
511,105,79,59,44,33,105,79,59,44,33,105,79,59,44,33,
512,106,80,60,45,34,106,80,60,45,34,106,80,60,45,34,
513,107,80,60,45,34,107,80,60,45,34,107,80,60,45,34,
514,108,81,61,46,34,108,81,61,46,34,108,81,61,46,34,
515,109,82,61,46,34,109,82,61,46,34,109,82,61,46,34,
516,110,83,62,46,35,110,83,62,46,35,110,83,62,46,35,
517,111,83,62,47,35,111,83,62,47,35,111,83,62,47,35,
518,112,84,63,47,35,112,84,63,47,35,112,84,63,47,35,
519,113,85,64,48,36,113,85,64,48,36,113,85,64,48,36,
520,114,86,64,48,36,114,86,64,48,36,114,86,64,48,36,
521,115,86,65,49,36,115,86,65,49,36,115,86,65,49,36,
522,116,87,65,49,37,116,87,65,49,37,116,87,65,49,37,
523,117,88,66,49,37,117,88,66,49,37,117,88,66,49,37,
524,118,89,66,50,37,118,89,66,50,37,118,89,66,50,37,
525,119,89,67,50,38,119,89,67,50,38,119,89,67,50,38,
526,121,91,68,51,38,121,91,68,51,38,121,91,68,51,38,
527,122,92,69,51,39,122,92,69,51,39,122,92,69,51,39,
528,123,92,69,52,39,123,92,69,52,39,123,92,69,52,39,
529,124,93,70,52,39,124,93,70,52,39,124,93,70,52,39,
530,125,94,70,53,40,125,94,70,53,40,125,94,70,53,40,
531,126,95,71,53,40,126,95,71,53,40,126,95,71,53,40,
532,127,95,71,54,40,127,95,71,54,40,127,95,71,54,40,
533,129,97,73,54,41,129,97,73,54,41,129,97,73,54,41,
534,130,98,73,55,41,130,98,73,55,41,130,98,73,55,41,
535,131,98,74,55,41,131,98,74,55,41,131,98,74,55,41,
536,132,99,74,56,42,132,99,74,56,42,132,99,74,56,42,
537,134,101,75,57,42,134,101,75,57,42,134,101,75,57,42,
538,135,101,76,57,43,135,101,76,57,43,135,101,76,57,43,
539,136,102,77,57,43,136,102,77,57,43,136,102,77,57,43,
540,137,103,77,58,43,137,103,77,58,43,137,103,77,58,43,
541,139,104,78,59,44,139,104,78,59,44,139,104,78,59,44,
542,140,105,79,59,44,140,105,79,59,44,140,105,79,59,44,
543,141,106,79,59,45,141,106,79,59,45,141,106,79,59,45,
544,143,107,80,60,45,143,107,80,60,45,143,107,80,60,45,
545,144,108,81,61,46,144,108,81,61,46,144,108,81,61,46,
546,145,109,82,61,46,145,109,82,61,46,145,109,82,61,46,
547,147,110,83,62,47,147,110,83,62,47,147,110,83,62,47,
548,148,111,83,62,47,148,111,83,62,47,148,111,83,62,47,
549,149,112,84,63,47,149,112,84,63,47,149,112,84,63,47,
550,151,113,85,64,48,151,113,85,64,48,151,113,85,64,48,
551,152,114,86,64,48,152,114,86,64,48,152,114,86,64,48,
552,154,116,87,65,49,154,116,87,65,49,154,116,87,65,49,
553,155,116,87,65,49,155,116,87,65,49,155,116,87,65,49,
554,156,117,88,66,49,156,117,88,66,49,156,117,88,66,49,
555,158,119,89,67,50,158,119,89,67,50,158,119,89,67,50,
556,159,119,89,67,50,159,119,89,67,50,159,119,89,67,50,
557,161,121,91,68,51,161,121,91,68,51,161,121,91,68,51,
558,162,122,91,68,51,162,122,91,68,51,162,122,91,68,51,
559,164,123,92,69,52,164,123,92,69,52,164,123,92,69,52,
560,165,124,93,70,52,165,124,93,70,52,165,124,93,70,52,
561,167,125,94,70,53,167,125,94,70,53,167,125,94,70,53,
562,169,127,95,71,53,169,127,95,71,53,169,127,95,71,53,
563,170,128,96,72,54,170,128,96,72,54,170,128,96,72,54,
564,172,129,97,73,54,172,129,97,73,54,172,129,97,73,54,
565,173,130,97,73,55,173,130,97,73,55,173,130,97,73,55,
566,175,131,98,74,55,175,131,98,74,55,175,131,98,74,55,
567,177,133,100,75,56,177,133,100,75,56,177,133,100,75,56,
568,178,134,100,75,56,178,134,100,75,56,178,134,100,75,56,
569,180,135,101,76,57,180,135,101,76,57,180,135,101,76,57,
570,182,137,102,77,58,182,137,102,77,58,182,137,102,77,58,
571,183,137,103,77,58,183,137,103,77,58,183,137,103,77,58,
572,185,139,104,78,59,185,139,104,78,59,185,139,104,78,59,
573,187,140,105,79,59,187,140,105,79,59,187,140,105,79,59,
574,188,141,106,79,59,188,141,106,79,59,188,141,106,79,59,
575,190,143,107,80,60,190,143,107,80,60,190,143,107,80,60,
576,192,144,108,81,61,192,144,108,81,61,192,144,108,81,61,
577,194,146,109,82,61,194,146,109,82,61,194,146,109,82,61,
578,196,147,110,83,62,196,147,110,83,62,196,147,110,83,62,
579,197,148,111,83,62,197,148,111,83,62,197,148,111,83,62,
580,199,149,112,84,63,199,149,112,84,63,199,149,112,84,63,
581,201,151,113,85,64,201,151,113,85,64,201,151,113,85,64,
582,203,152,114,86,64,203,152,114,86,64,203,152,114,86,64,
583,205,154,115,86,65,205,154,115,86,65,205,154,115,86,65,
584,207,155,116,87,65,207,155,116,87,65,207,155,116,87,65,
585,209,157,118,88,66,209,157,118,88,66,209,157,118,88,66,
586,211,158,119,89,67,211,158,119,89,67,211,158,119,89,67,
587,213,160,120,90,67,213,160,120,90,67,213,160,120,90,67,
588,215,161,121,91,68,215,161,121,91,68,215,161,121,91,68,
589,217,163,122,92,69,217,163,122,92,69,217,163,122,92,69,
590,219,164,123,92,69,219,164,123,92,69,219,164,123,92,69,
591,221,166,124,93,70,221,166,124,93,70,221,166,124,93,70,
592,223,167,125,94,71,223,167,125,94,71,223,167,125,94,71,
593,225,169,127,95,71,225,169,127,95,71,225,169,127,95,71,
594,227,170,128,96,72,227,170,128,96,72,227,170,128,96,72,
595,229,172,129,97,72,229,172,129,97,72,229,172,129,97,72,
596,231,173,130,97,73,231,173,130,97,73,231,173,130,97,73,
597,234,176,132,99,74,234,176,132,99,74,234,176,132,99,74,
598,236,177,133,100,75,236,177,133,100,75,236,177,133,100,75,
599,238,179,134,100,75,238,179,134,100,75,238,179,134,100,75,
600,240,180,135,101,76,240,180,135,101,76,240,180,135,101,76,
601,242,182,136,102,77,242,182,136,102,77,242,182,136,102,77,
602,245,184,138,103,78,245,184,138,103,78,245,184,138,103,78,
603,247,185,139,104,78,247,185,139,104,78,247,185,139,104,78,
604,249,187,140,105,79,249,187,140,105,79,249,187,140,105,79,
605,252,189,142,106,80,252,189,142,106,80,252,189,142,106,80,
606,254,191,143,107,80,254,191,143,107,80,254,191,143,107,80,
607,256,192,144,108,81,256,192,144,108,81,256,192,144,108,81,
608,259,194,146,109,82,259,194,146,109,82,259,194,146,109,82,
609,261,196,147,110,83,261,196,147,110,83,261,196,147,110,83,
610,264,198,149,111,84,264,198,149,111,84,264,198,149,111,84,
611,266,200,150,112,84,266,200,150,112,84,266,200,150,112,84,
612,269,202,151,113,85,269,202,151,113,85,269,202,151,113,85,
613,271,203,152,114,86,271,203,152,114,86,271,203,152,114,86,
614,274,206,154,116,87,274,206,154,116,87,274,206,154,116,87,
615,276,207,155,116,87,276,207,155,116,87,276,207,155,116,87,
616,279,209,157,118,88,279,209,157,118,88,279,209,157,118,88,
617,281,211,158,119,89,281,211,158,119,89,281,211,158,119,89,
618,284,213,160,120,90,284,213,160,120,90,284,213,160,120,90,
619,287,215,161,121,91,287,215,161,121,91,287,215,161,121,91,
620,289,217,163,122,91,289,217,163,122,91,289,217,163,122,91,
621,292,219,164,123,92,292,219,164,123,92,292,219,164,123,92,
622,295,221,166,124,93,295,221,166,124,93,295,221,166,124,93,
623,298,224,168,126,94,298,224,168,126,94,298,224,168,126,94,
624,300,225,169,127,95,300,225,169,127,95,300,225,169,127,95,
625,303,227,170,128,96,303,227,170,128,96,303,227,170,128,96,
626,306,230,172,129,97,306,230,172,129,97,306,230,172,129,97,
627,309,232,174,130,98,309,232,174,130,98,309,232,174,130,98,
628,312,234,176,132,99,312,234,176,132,99,312,234,176,132,99,
629,315,236,177,133,100,315,236,177,133,100,315,236,177,133,100,
630,318,239,179,134,101,318,239,179,134,101,318,239,179,134,101,
631,321,241,181,135,102,321,241,181,135,102,321,241,181,135,102,
632,324,243,182,137,103,324,243,182,137,103,324,243,182,137,103,
633,327,245,184,138,103,327,245,184,138,103,327,245,184,138,103,
634,330,248,186,139,104,330,248,186,139,104,330,248,186,139,104,
635,333,250,187,140,105,333,250,187,140,105,333,250,187,140,105,
636,336,252,189,142,106,336,252,189,142,106,336,252,189,142,106,
637,339,254,191,143,107,339,254,191,143,107,339,254,191,143,107,
638,342,257,192,144,108,342,257,192,144,108,342,257,192,144,108,
639,345,259,194,146,109,345,259,194,146,109,345,259,194,146,109,
640,349,262,196,147,110,349,262,196,147,110,349,262,196,147,110,
641,352,264,198,149,111,352,264,198,149,111,352,264,198,149,111,
642,355,266,200,150,112,355,266,200,150,112,355,266,200,150,112,
643,358,269,201,151,113,358,269,201,151,113,358,269,201,151,113,
644,362,272,204,153,115,362,272,204,153,115,362,272,204,153,115,
645,365,274,205,154,115,365,274,205,154,115,365,274,205,154,115,
646,369,277,208,156,117,369,277,208,156,117,369,277,208,156,117,
647,372,279,209,157,118,372,279,209,157,118,372,279,209,157,118,
648,376,282,212,159,119,376,282,212,159,119,376,282,212,159,119,
649,379,284,213,160,120,379,284,213,160,120,379,284,213,160,120,
650,383,287,215,162,121,383,287,215,162,121,383,287,215,162,121,
651,386,290,217,163,122,386,290,217,163,122,386,290,217,163,122,
652,390,293,219,165,123,390,293,219,165,123,390,293,219,165,123,
653,393,295,221,166,124,393,295,221,166,124,393,295,221,166,124,
654,397,298,223,167,126,397,298,223,167,126,397,298,223,167,126,
655,401,301,226,169,127,401,301,226,169,127,401,301,226,169,127,
656,405,304,228,171,128,405,304,228,171,128,405,304,228,171,128,
657,408,306,230,172,129,408,306,230,172,129,408,306,230,172,129,
658,412,309,232,174,130,412,309,232,174,130,412,309,232,174,130,
659,416,312,234,176,132,416,312,234,176,132,416,312,234,176,132,
660,420,315,236,177,133,420,315,236,177,133,420,315,236,177,133,
661,424,318,239,179,134,424,318,239,179,134,424,318,239,179,134,
662,428,321,241,181,135,428,321,241,181,135,428,321,241,181,135,
663,432,324,243,182,137,432,324,243,182,137,432,324,243,182,137,
664,436,327,245,184,138,436,327,245,184,138,436,327,245,184,138,
665,440,330,248,186,139,440,330,248,186,139,440,330,248,186,139,
666,444,333,250,187,140,444,333,250,187,140,444,333,250,187,140,
667,448,336,252,189,142,448,336,252,189,142,448,336,252,189,142,
668,452,339,254,191,143,452,339,254,191,143,452,339,254,191,143,
669,457,343,257,193,145,457,343,257,193,145,457,343,257,193,145,
670,461,346,259,194,146,461,346,259,194,146,461,346,259,194,146,
671,465,349,262,196,147,465,349,262,196,147,465,349,262,196,147,
672,470,353,264,198,149,470,353,264,198,149,470,353,264,198,149,
673,474,356,267,200,150,474,356,267,200,150,474,356,267,200,150,
674,479,359,269,202,152,479,359,269,202,152,479,359,269,202,152,
675,483,362,272,204,153,483,362,272,204,153,483,362,272,204,153,
676,488,366,275,206,154,488,366,275,206,154,488,366,275,206,154,
677,492,369,277,208,156,492,369,277,208,156,492,369,277,208,156,
678,497,373,280,210,157,497,373,280,210,157,497,373,280,210,157,
679,501,376,282,211,159,501,376,282,211,159,501,376,282,211,159,
680,506,380,285,213,160,506,380,285,213,160,506,380,285,213,160,
681,511,383,287,216,162,511,383,287,216,162,511,383,287,216,162,
682,516,387,290,218,163,516,387,290,218,163,516,387,290,218,163,
683,520,390,293,219,165,520,390,293,219,165,520,390,293,219,165,
684,525,394,295,221,166,525,394,295,221,166,525,394,295,221,166,
685,530,398,298,224,168,530,398,298,224,168,530,398,298,224,168,
686,535,401,301,226,169,535,401,301,226,169,535,401,301,226,169,
687,540,405,304,228,171,540,405,304,228,171,540,405,304,228,171,
688,545,409,307,230,172,545,409,307,230,172,545,409,307,230,172,
689,550,413,309,232,174,550,413,309,232,174,550,413,309,232,174,
690,555,416,312,234,176,555,416,312,234,176,555,416,312,234,176,
691,561,421,316,237,178,561,421,316,237,178,561,421,316,237,178,
692,566,425,318,239,179,566,425,318,239,179,566,425,318,239,179,
693,571,428,321,241,181,571,428,321,241,181,571,428,321,241,181,
694,577,433,325,243,183,577,433,325,243,183,577,433,325,243,183,
695,582,437,327,246,184,582,437,327,246,184,582,437,327,246,184,
696,587,440,330,248,186,587,440,330,248,186,587,440,330,248,186,
697,593,445,334,250,188,593,445,334,250,188,593,445,334,250,188,
698,598,449,336,252,189,598,449,336,252,189,598,449,336,252,189,
699,604,453,340,255,191,604,453,340,255,191,604,453,340,255,191,
700,610,458,343,257,193,610,458,343,257,193,610,458,343,257,193,
701,615,461,346,259,195,615,461,346,259,195,615,461,346,259,195,
702,621,466,349,262,196,621,466,349,262,196,621,466,349,262,196,
703,627,470,353,265,198,627,470,353,265,198,627,470,353,265,198,
704,633,475,356,267,200,633,475,356,267,200,633,475,356,267,200,
705,639,479,359,270,202,639,479,359,270,202,639,479,359,270,202,
706,645,484,363,272,204,645,484,363,272,204,645,484,363,272,204,
707,651,488,366,275,206,651,488,366,275,206,651,488,366,275,206,
708,657,493,370,277,208,657,493,370,277,208,657,493,370,277,208,
709,663,497,373,280,210,663,497,373,280,210,663,497,373,280,210,
710,669,502,376,282,212,669,502,376,282,212,669,502,376,282,212,
711,675,506,380,285,214,675,506,380,285,214,675,506,380,285,214,
712,682,512,384,288,216,682,512,384,288,216,682,512,384,288,216,
713,688,516,387,290,218,688,516,387,290,218,688,516,387,290,218,
714,695,521,391,293,220,695,521,391,293,220,695,521,391,293,220,
715,701,526,394,296,222,701,526,394,296,222,701,526,394,296,222,
716,708,531,398,299,224,708,531,398,299,224,708,531,398,299,224,
717,714,536,402,301,226,714,536,402,301,226,714,536,402,301,226,
718,721,541,406,304,228,721,541,406,304,228,721,541,406,304,228,
719,728,546,410,307,230,728,546,410,307,230,728,546,410,307,230,
720,735,551,413,310,233,735,551,413,310,233,735,551,413,310,233,
721,741,556,417,313,234,741,556,417,313,234,741,556,417,313,234,
722,748,561,421,316,237,748,561,421,316,237,748,561,421,316,237,
723,755,566,425,319,239,755,566,425,319,239,755,566,425,319,239,
724,762,572,429,321,241,762,572,429,321,241,762,572,429,321,241,
725,770,578,433,325,244,770,578,433,325,244,770,578,433,325,244,
726,777,583,437,328,246,777,583,437,328,246,777,583,437,328,246,
727,784,588,441,331,248,784,588,441,331,248,784,588,441,331,248,
728,791,593,445,334,250,791,593,445,334,250,791,593,445,334,250,
729,799,599,449,337,253,799,599,449,337,253,799,599,449,337,253,
730,806,605,453,340,255,806,605,453,340,255,806,605,453,340,255,
731,814,611,458,343,258,814,611,458,343,258,814,611,458,343,258,
732,821,616,462,346,260,821,616,462,346,260,821,616,462,346,260,
733,829,622,466,350,262,829,622,466,350,262,829,622,466,350,262,
734,837,628,471,353,265,837,628,471,353,265,837,628,471,353,265,
735,845,634,475,356,267,845,634,475,356,267,845,634,475,356,267,
736,853,640,480,360,270,853,640,480,360,270,853,640,480,360,270,
737,861,646,484,363,272,861,646,484,363,272,861,646,484,363,272,
738,869,652,489,367,275,869,652,489,367,275,869,652,489,367,275,
739,877,658,493,370,277,877,658,493,370,277,877,658,493,370,277,
740,885,664,498,373,280,885,664,498,373,280,885,664,498,373,280,
741,893,670,502,377,283,893,670,502,377,283,893,670,502,377,283,
742,902,677,507,381,285,902,677,507,381,285,902,677,507,381,285,
743,910,683,512,384,288,910,683,512,384,288,910,683,512,384,288,
744,919,689,517,388,291,919,689,517,388,291,919,689,517,388,291,
745,927,695,521,391,293,927,695,521,391,293,927,695,521,391,293,
746,936,702,527,395,296,936,702,527,395,296,936,702,527,395,296,
747,945,709,532,399,299,945,709,532,399,299,945,709,532,399,299,
748,954,716,537,402,302,954,716,537,402,302,954,716,537,402,302,
749,962,722,541,406,304,962,722,541,406,304,962,722,541,406,304,
750,971,728,546,410,307,971,728,546,410,307,971,728,546,410,307,
751,981,736,552,414,310,981,736,552,414,310,981,736,552,414,310,
752,990,743,557,418,313,990,743,557,418,313,990,743,557,418,313,
753,999,749,562,421,316,999,749,562,421,316,999,749,562,421,316,
754,1008,756,567,425,319,1008,756,567,425,319,1008,756,567,425,319,
755,1018,764,573,429,322,1018,764,573,429,322,1018,764,573,429,322,
756,1027,770,578,433,325,1027,770,578,433,325,1027,770,578,433,325,
757,1037,778,583,437,328,1037,778,583,437,328,1037,778,583,437,328,
758,1047,785,589,442,331,1047,785,589,442,331,1047,785,589,442,331,
759,1056,792,594,446,334,1056,792,594,446,334,1056,792,594,446,334,
760,1066,800,600,450,337,1066,800,600,450,337,1066,800,600,450,337,
761,1076,807,605,454,340,1076,807,605,454,340,1076,807,605,454,340,
762,1086,815,611,458,344,1086,815,611,458,344,1086,815,611,458,344,
763,1097,823,617,463,347,1097,823,617,463,347,1097,823,617,463,347,
764,1107,830,623,467,350,1107,830,623,467,350,1107,830,623,467,350,
765,1117,838,628,471,353,1117,838,628,471,353,1117,838,628,471,353,
766,1128,846,635,476,357,1128,846,635,476,357,1128,846,635,476,357,
767,1138,854,640,480,360,1138,854,640,480,360,1138,854,640,480,360,
768,1149,862,646,485,364,1149,862,646,485,364,1149,862,646,485,364,
769,1160,870,653,489,367,1160,870,653,489,367,1160,870,653,489,367,
770,1170,878,658,494,370,1170,878,658,494,370,1170,878,658,494,370,
771,1181,886,664,498,374,1181,886,664,498,374,1181,886,664,498,374,
772,1192,894,671,503,377,1192,894,671,503,377,1192,894,671,503,377,
773,1204,903,677,508,381,1204,903,677,508,381,1204,903,677,508,381,
774,1215,911,683,513,384,1215,911,683,513,384,1215,911,683,513,384,
775,1226,920,690,517,388,1226,920,690,517,388,1226,920,690,517,388,
776,1238,929,696,522,392,1238,929,696,522,392,1238,929,696,522,392,
777,1249,937,703,527,395,1249,937,703,527,395,1249,937,703,527,395,
778,1261,946,709,532,399,1261,946,709,532,399,1261,946,709,532,399,
779,1273,955,716,537,403,1273,955,716,537,403,1273,955,716,537,403,
780,1285,964,723,542,407,1285,964,723,542,407,1285,964,723,542,407,
781,1297,973,730,547,410,1297,973,730,547,410,1297,973,730,547,410,
782,1309,982,736,552,414,1309,982,736,552,414,1309,982,736,552,414,
783,1321,991,743,557,418,1321,991,743,557,418,1321,991,743,557,418,
784,1334,1001,750,563,422,1334,1001,750,563,422,1334,1001,750,563,422,
785,1346,1010,757,568,426,1346,1010,757,568,426,1346,1010,757,568,426,
786,1359,1019,764,573,430,1359,1019,764,573,430,1359,1019,764,573,430,
787,1371,1028,771,578,434,1371,1028,771,578,434,1371,1028,771,578,434,
788,1384,1038,779,584,438,1384,1038,779,584,438,1384,1038,779,584,438,
789,1397,1048,786,589,442,1397,1048,786,589,442,1397,1048,786,589,442,
790,1410,1058,793,595,446,1410,1058,793,595,446,1410,1058,793,595,446,
791,1423,1067,800,600,450,1423,1067,800,600,450,1423,1067,800,600,450,
792,1437,1078,808,606,455,1437,1078,808,606,455,1437,1078,808,606,455,
793,1450,1088,816,612,459,1450,1088,816,612,459,1450,1088,816,612,459,
794,1464,1098,824,618,463,1464,1098,824,618,463,1464,1098,824,618,463,
795,1477,1108,831,623,467,1477,1108,831,623,467,1477,1108,831,623,467,
796,1491,1118,839,629,472,1491,1118,839,629,472,1491,1118,839,629,472,
797,1505,1129,847,635,476,1505,1129,847,635,476,1505,1129,847,635,476,
798,1519,1139,854,641,481,1519,1139,854,641,481,1519,1139,854,641,481,
799,1534,1151,863,647,485,1534,1151,863,647,485,1534,1151,863,647,485,
800,1548,1161,871,653,490,1548,1161,871,653,490,1548,1161,871,653,490,
801,1562,1172,879,659,494,1562,1172,879,659,494,1562,1172,879,659,494,
802,1577,1183,887,665,499,1577,1183,887,665,499,1577,1183,887,665,499,
803,1592,1194,896,672,504,1592,1194,896,672,504,1592,1194,896,672,504,
804,1607,1205,904,678,508,1607,1205,904,678,508,1607,1205,904,678,508,
805,1622,1217,912,684,513,1622,1217,912,684,513,1622,1217,912,684,513,
806,1637,1228,921,691,518,1637,1228,921,691,518,1637,1228,921,691,518,
807,1652,1239,929,697,523,1652,1239,929,697,523,1652,1239,929,697,523,
808,1668,1251,938,704,528,1668,1251,938,704,528,1668,1251,938,704,528,
809,1683,1262,947,710,533,1683,1262,947,710,533,1683,1262,947,710,533,
810,1699,1274,956,717,538,1699,1274,956,717,538,1699,1274,956,717,538,
811,1715,1286,965,724,543,1715,1286,965,724,543,1715,1286,965,724,543,
812,1731,1298,974,730,548,1731,1298,974,730,548,1731,1298,974,730,548,
813,1747,1310,983,737,553,1747,1310,983,737,553,1747,1310,983,737,553,
814,1764,1323,992,744,558,1764,1323,992,744,558,1764,1323,992,744,558,
815,1780,1335,1001,751,563,1780,1335,1001,751,563,1780,1335,1001,751,563,
816,1797,1348,1011,758,569,1797,1348,1011,758,569,1797,1348,1011,758,569,
817,1814,1361,1020,765,574,1814,1361,1020,765,574,1814,1361,1020,765,574,
818,1831,1373,1030,772,579,1831,1373,1030,772,579,1831,1373,1030,772,579,
819,1848,1386,1040,780,585,1848,1386,1040,780,585,1848,1386,1040,780,585,
820,1865,1399,1049,787,590,1865,1399,1049,787,590,1865,1399,1049,787,590,
821,1882,1412,1059,794,595,1882,1412,1059,794,595,1882,1412,1059,794,595,
822,1900,1425,1069,802,601,1900,1425,1069,802,601,1900,1425,1069,802,601,
823,1918,1439,1079,809,607,1918,1439,1079,809,607,1918,1439,1079,809,607,
824,1936,1452,1089,817,613,1936,1452,1089,817,613,1936,1452,1089,817,613,
825,1954,1466,1099,824,618,1954,1466,1099,824,618,1954,1466,1099,824,618,
826,1972,1479,1109,832,624,1972,1479,1109,832,624,1972,1479,1109,832,624,
827,1991,1493,1120,840,630,1991,1493,1120,840,630,1991,1493,1120,840,630,
828,2009,1507,1130,848,636,2009,1507,1130,848,636,2009,1507,1130,848,636,
829,2028,1521,1141,856,642,2028,1521,1141,856,642,2028,1521,1141,856,642,
830,2047,1535,1151,864,648,2047,1535,1151,864,648,2047,1535,1151,864,648,
831,2066,1550,1162,872,654,2066,1550,1162,872,654,2066,1550,1162,872,654,
832,2086,1565,1173,880,660,2086,1565,1173,880,660,2086,1565,1173,880,660,
833,2105,1579,1184,888,666,2105,1579,1184,888,666,2105,1579,1184,888,666,
834,2125,1594,1195,896,672,2125,1594,1195,896,672,2125,1594,1195,896,672,
835,2145,1609,1207,905,679,2145,1609,1207,905,679,2145,1609,1207,905,679,
836,2165,1624,1218,913,685,2165,1624,1218,913,685,2165,1624,1218,913,685,
837,2185,1639,1229,922,691,2185,1639,1229,922,691,2185,1639,1229,922,691,
838,2206,1655,1241,931,698,2206,1655,1241,931,698,2206,1655,1241,931,698,
839,2226,1670,1252,939,704,2226,1670,1252,939,704,2226,1670,1252,939,704,
840,2247,1685,1264,948,711,2247,1685,1264,948,711,2247,1685,1264,948,711,
841,2268,1701,1276,957,718,2268,1701,1276,957,718,2268,1701,1276,957,718,
842,2289,1717,1288,966,724,2289,1717,1288,966,724,2289,1717,1288,966,724,
843,2311,1733,1300,975,731,2311,1733,1300,975,731,2311,1733,1300,975,731,
844,2332,1749,1312,984,738,2332,1749,1312,984,738,2332,1749,1312,984,738,
845,2354,1766,1324,993,745,2354,1766,1324,993,745,2354,1766,1324,993,745,
846,2376,1782,1337,1002,752,2376,1782,1337,1002,752,2376,1782,1337,1002,752,
847,2398,1799,1349,1012,759,2398,1799,1349,1012,759,2398,1799,1349,1012,759,
848,2421,1816,1362,1021,766,2421,1816,1362,1021,766,2421,1816,1362,1021,766,
849,2444,1833,1375,1031,773,2444,1833,1375,1031,773,2444,1833,1375,1031,773,
850,2466,1850,1387,1040,780,2466,1850,1387,1040,780,2466,1850,1387,1040,780,
851,2490,1868,1401,1050,788,2490,1868,1401,1050,788,2490,1868,1401,1050,788,
852,2513,1885,1414,1060,795,2513,1885,1414,1060,795,2513,1885,1414,1060,795,
853,2536,1902,1427,1070,802,2536,1902,1427,1070,802,2536,1902,1427,1070,802,
854,2560,1920,1440,1080,810,2560,1920,1440,1080,810,2560,1920,1440,1080,810,
855,2584,1938,1454,1090,818,2584,1938,1454,1090,818,2584,1938,1454,1090,818,
856,2608,1956,1467,1100,825,2608,1956,1467,1100,825,2608,1956,1467,1100,825,
857,2633,1975,1481,1111,833,2633,1975,1481,1111,833,2633,1975,1481,1111,833,
858,2657,1993,1495,1121,841,2657,1993,1495,1121,841,2657,1993,1495,1121,841,
859,2682,2012,1509,1131,849,2682,2012,1509,1131,849,2682,2012,1509,1131,849,
860,2707,2030,1523,1142,857,2707,2030,1523,1142,857,2707,2030,1523,1142,857,
861,2733,2050,1537,1153,865,2733,2050,1537,1153,865,2733,2050,1537,1153,865,
862,2758,2069,1551,1164,873,2758,2069,1551,1164,873,2758,2069,1551,1164,873,
863,2784,2088,1566,1175,881,2784,2088,1566,1175,881,2784,2088,1566,1175,881,
864,2810,2108,1581,1185,889,2810,2108,1581,1185,889,2810,2108,1581,1185,889,
865,2836,2127,1595,1196,897,2836,2127,1595,1196,897,2836,2127,1595,1196,897,
866,2863,2147,1610,1208,906,2863,2147,1610,1208,906,2863,2147,1610,1208,906,
867,2890,2168,1626,1219,914,2890,2168,1626,1219,914,2890,2168,1626,1219,914,
868,2917,2188,1641,1231,923,2917,2188,1641,1231,923,2917,2188,1641,1231,923,
869,2944,2208,1656,1242,932,2944,2208,1656,1242,932,2944,2208,1656,1242,932,
870,2972,2229,1672,1254,940,2972,2229,1672,1254,940,2972,2229,1672,1254,940,
871,3000,2250,1688,1266,949,3000,2250,1688,1266,949,3000,2250,1688,1266,949,
872,3028,2271,1703,1277,958,3028,2271,1703,1277,958,3028,2271,1703,1277,958,
873,3056,2292,1719,1289,967,3056,2292,1719,1289,967,3056,2292,1719,1289,967,
874,3085,2314,1735,1301,976,3085,2314,1735,1301,976,3085,2314,1735,1301,976,
875,3113,2335,1751,1313,985,3113,2335,1751,1313,985,3113,2335,1751,1313,985,
876,3143,2357,1768,1326,994,3143,2357,1768,1326,994,3143,2357,1768,1326,994,
877,3172,2379,1784,1338,1004,3172,2379,1784,1338,1004,3172,2379,1784,1338,1004,
878,3202,2402,1801,1351,1013,3202,2402,1801,1351,1013,3202,2402,1801,1351,1013,
879,3232,2424,1818,1364,1023,3232,2424,1818,1364,1023,3232,2424,1818,1364,1023,
880,3262,2447,1835,1376,1032,3262,2447,1835,1376,1032,3262,2447,1835,1376,1032,
881,3292,2469,1852,1389,1042,3292,2469,1852,1389,1042,3292,2469,1852,1389,1042,
882,3323,2492,1869,1402,1051,3323,2492,1869,1402,1051,3323,2492,1869,1402,1051,
883,3354,2516,1887,1415,1061,3354,2516,1887,1415,1061,3354,2516,1887,1415,1061,
884,3386,2540,1905,1428,1071,3386,2540,1905,1428,1071,3386,2540,1905,1428,1071,
885,3417,2563,1922,1442,1081,3417,2563,1922,1442,1081,3417,2563,1922,1442,1081,
886,3449,2587,1940,1455,1091,3449,2587,1940,1455,1091,3449,2587,1940,1455,1091,
887,3482,2612,1959,1469,1102,3482,2612,1959,1469,1102,3482,2612,1959,1469,1102,
888,3514,2636,1977,1482,1112,3514,2636,1977,1482,1112,3514,2636,1977,1482,1112,
889,3547,2660,1995,1496,1122,3547,2660,1995,1496,1122,3547,2660,1995,1496,1122,
890,3580,2685,2014,1510,1133,3580,2685,2014,1510,1133,3580,2685,2014,1510,1133,
891,3614,2711,2033,1525,1143,3614,2711,2033,1525,1143,3614,2711,2033,1525,1143,
892,3648,2736,2052,1539,1154,3648,2736,2052,1539,1154,3648,2736,2052,1539,1154,
893,3682,2762,2071,1553,1165,3682,2762,2071,1553,1165,3682,2762,2071,1553,1165,
894,3716,2787,2090,1568,1176,3716,2787,2090,1568,1176,3716,2787,2090,1568,1176,
895,3751,2813,2110,1582,1187,3751,2813,2110,1582,1187,3751,2813,2110,1582,1187,
896,3786,2840,2130,1597,1198,3786,2840,2130,1597,1198,3786,2840,2130,1597,1198,
897,3822,2867,2150,1612,1209,3822,2867,2150,1612,1209,3822,2867,2150,1612,1209,
898,3858,2894,2170,1628,1221,3858,2894,2170,1628,1221,3858,2894,2170,1628,1221,
899,3894,2921,2190,1643,1232,3894,2921,2190,1643,1232,3894,2921,2190,1643,1232,
900,3930,2948,2211,1658,1243,3930,2948,2211,1658,1243,3930,2948,2211,1658,1243,
901,3967,2975,2231,1674,1255,3967,2975,2231,1674,1255,3967,2975,2231,1674,1255,
902,4004,3003,2252,1689,1267,4004,3003,2252,1689,1267,4004,3003,2252,1689,1267,
903,4042,3032,2274,1705,1279,4042,3032,2274,1705,1279,4042,3032,2274,1705,1279,
904,4079,3059,2294,1721,1291,4079,3059,2294,1721,1291,4079,3059,2294,1721,1291,
905,4118,3089,2316,1737,1303,4118,3089,2316,1737,1303,4118,3089,2316,1737,1303,
906,4156,3117,2338,1753,1315,4156,3117,2338,1753,1315,4156,3117,2338,1753,1315,
907,4195,3146,2360,1770,1327,4195,3146,2360,1770,1327,4195,3146,2360,1770,1327,
908,4234,3176,2382,1786,1340,4234,3176,2382,1786,1340,4234,3176,2382,1786,1340,
909,4274,3206,2404,1803,1352,4274,3206,2404,1803,1352,4274,3206,2404,1803,1352,
910,4314,3236,2427,1820,1365,4314,3236,2427,1820,1365,4314,3236,2427,1820,1365,
911,4354,3266,2449,1837,1378,4354,3266,2449,1837,1378,4354,3266,2449,1837,1378,
912,4395,3296,2472,1854,1391,4395,3296,2472,1854,1391,4395,3296,2472,1854,1391,
913,4436,3327,2495,1871,1404,4436,3327,2495,1871,1404,4436,3327,2495,1871,1404,
914,4478,3359,2519,1889,1417,4478,3359,2519,1889,1417,4478,3359,2519,1889,1417,
915,4520,3390,2543,1907,1430,4520,3390,2543,1907,1430,4520,3390,2543,1907,1430,
916,4562,3422,2566,1925,1443,4562,3422,2566,1925,1443,4562,3422,2566,1925,1443,
917,4605,3454,2590,1943,1457,4605,3454,2590,1943,1457,4605,3454,2590,1943,1457,
918,4648,3486,2615,1961,1471,4648,3486,2615,1961,1471,4648,3486,2615,1961,1471,
919,4691,3518,2639,1979,1484,4691,3518,2639,1979,1484,4691,3518,2639,1979,1484,
920,4735,3551,2663,1998,1498,4735,3551,2663,1998,1498,4735,3551,2663,1998,1498,
921,4779,3584,2688,2016,1512,4779,3584,2688,2016,1512,4779,3584,2688,2016,1512,
922,4824,3618,2714,2035,1526,4824,3618,2714,2035,1526,4824,3618,2714,2035,1526,
923,4869,3652,2739,2054,1541,4869,3652,2739,2054,1541,4869,3652,2739,2054,1541,
924,4915,3686,2765,2074,1555,4915,3686,2765,2074,1555,4915,3686,2765,2074,1555,
925,4961,3721,2791,2093,1570,4961,3721,2791,2093,1570,4961,3721,2791,2093,1570,
926,5007,3755,2816,2112,1584,5007,3755,2816,2112,1584,5007,3755,2816,2112,1584,
927,5054,3791,2843,2132,1599,5054,3791,2843,2132,1599,5054,3791,2843,2132,1599,
928,5102,3827,2870,2152,1614,5102,3827,2870,2152,1614,5102,3827,2870,2152,1614,
929,5149,3862,2896,2172,1629,5149,3862,2896,2172,1629,5149,3862,2896,2172,1629,
930,5198,3899,2924,2193,1645,5198,3899,2924,2193,1645,5198,3899,2924,2193,1645,
931,5246,3935,2951,2213,1660,5246,3935,2951,2213,1660,5246,3935,2951,2213,1660,
932,5295,3971,2978,2234,1675,5295,3971,2978,2234,1675,5295,3971,2978,2234,1675,
933,5345,4009,3007,2255,1691,5345,4009,3007,2255,1691,5345,4009,3007,2255,1691,
934,5395,4046,3035,2276,1707,5395,4046,3035,2276,1707,5395,4046,3035,2276,1707,
935,5445,4084,3063,2297,1723,5445,4084,3063,2297,1723,5445,4084,3063,2297,1723,
936,5496,4122,3092,2319,1739,5496,4122,3092,2319,1739,5496,4122,3092,2319,1739,
937,5548,4161,3121,2341,1755,5548,4161,3121,2341,1755,5548,4161,3121,2341,1755,
938,5600,4200,3150,2363,1772,5600,4200,3150,2363,1772,5600,4200,3150,2363,1772,
939,5652,4239,3179,2384,1788,5652,4239,3179,2384,1788,5652,4239,3179,2384,1788,
940,5705,4279,3209,2407,1805,5705,4279,3209,2407,1805,5705,4279,3209,2407,1805,
941,5759,4319,3239,2430,1822,5759,4319,3239,2430,1822,5759,4319,3239,2430,1822,
942,5812,4359,3269,2452,1839,5812,4359,3269,2452,1839,5812,4359,3269,2452,1839,
943,5867,4400,3300,2475,1856,5867,4400,3300,2475,1856,5867,4400,3300,2475,1856,
944,5922,4442,3331,2498,1874,5922,4442,3331,2498,1874,5922,4442,3331,2498,1874,
945,5977,4483,3362,2522,1891,5977,4483,3362,2522,1891,5977,4483,3362,2522,1891,
946,6033,4525,3394,2545,1909,6033,4525,3394,2545,1909,6033,4525,3394,2545,1909,
947,6090,4568,3426,2569,1927,6090,4568,3426,2569,1927,6090,4568,3426,2569,1927,
948,6147,4610,3458,2593,1945,6147,4610,3458,2593,1945,6147,4610,3458,2593,1945,
949,6204,4653,3490,2617,1963,6204,4653,3490,2617,1963,6204,4653,3490,2617,1963,
950,6262,4697,3522,2642,1981,6262,4697,3522,2642,1981,6262,4697,3522,2642,1981,
951,6321,4741,3556,2667,2000,6321,4741,3556,2667,2000,6321,4741,3556,2667,2000,
952,6380,4785,3589,2692,2019,6380,4785,3589,2692,2019,6380,4785,3589,2692,2019,
953,6440,4830,3623,2717,2038,6440,4830,3623,2717,2038,6440,4830,3623,2717,2038,
954,6500,4875,3656,2742,2057,6500,4875,3656,2742,2057,6500,4875,3656,2742,2057,
955,6561,4921,3691,2768,2076,6561,4921,3691,2768,2076,6561,4921,3691,2768,2076,
956,6622,4967,3725,2794,2095,6622,4967,3725,2794,2095,6622,4967,3725,2794,2095,
957,6684,5013,3760,2820,2115,6684,5013,3760,2820,2115,6684,5013,3760,2820,2115,
958,6747,5060,3795,2846,2135,6747,5060,3795,2846,2135,6747,5060,3795,2846,2135,
959,6810,5108,3831,2873,2155,6810,5108,3831,2873,2155,6810,5108,3831,2873,2155,
960,6874,5156,3867,2900,2175,6874,5156,3867,2900,2175,6874,5156,3867,2900,2175,
961,6938,5204,3903,2927,2195,6938,5204,3903,2927,2195,6938,5204,3903,2927,2195,
962,7003,5252,3939,2954,2216,7003,5252,3939,2954,2216,7003,5252,3939,2954,2216,
963,7069,5302,3976,2982,2237,7069,5302,3976,2982,2237,7069,5302,3976,2982,2237,
964,7135,5351,4013,3010,2258,7135,5351,4013,3010,2258,7135,5351,4013,3010,2258,
965,7202,5402,4051,3038,2279,7202,5402,4051,3038,2279,7202,5402,4051,3038,2279,
966,7269,5452,4089,3067,2300,7269,5452,4089,3067,2300,7269,5452,4089,3067,2300,
967,7337,5503,4127,3095,2321,7337,5503,4127,3095,2321,7337,5503,4127,3095,2321,
968,7406,5555,4166,3124,2343,7406,5555,4166,3124,2343,7406,5555,4166,3124,2343,
969,7475,5606,4205,3154,2365,7475,5606,4205,3154,2365,7475,5606,4205,3154,2365,
970,7545,5659,4244,3183,2387,7545,5659,4244,3183,2387,7545,5659,4244,3183,2387,
971,7616,5712,4284,3213,2410,7616,5712,4284,3213,2410,7616,5712,4284,3213,2410,
972,7687,5765,4324,3243,2432,7687,5765,4324,3243,2432,7687,5765,4324,3243,2432,
973,7759,5819,4364,3273,2455,7759,5819,4364,3273,2455,7759,5819,4364,3273,2455,
974,7832,5874,4406,3304,2478,7832,5874,4406,3304,2478,7832,5874,4406,3304,2478,
975,7905,5929,4447,3335,2501,7905,5929,4447,3335,2501,7905,5929,4447,3335,2501,
976,7979,5984,4488,3366,2525,7979,5984,4488,3366,2525,7979,5984,4488,3366,2525,
977,8054,6041,4530,3398,2548,8054,6041,4530,3398,2548,8054,6041,4530,3398,2548,
978,8129,6097,4573,3429,2572,8129,6097,4573,3429,2572,8129,6097,4573,3429,2572,
979,8205,6154,4615,3461,2596,8205,6154,4615,3461,2596,8205,6154,4615,3461,2596,
980,8282,6212,4659,3494,2620,8282,6212,4659,3494,2620,8282,6212,4659,3494,2620,
981,8359,6269,4702,3526,2645,8359,6269,4702,3526,2645,8359,6269,4702,3526,2645,
982,8438,6329,4746,3560,2670,8438,6329,4746,3560,2670,8438,6329,4746,3560,2670,
983,8517,6388,4791,3593,2695,8517,6388,4791,3593,2695,8517,6388,4791,3593,2695,
984,8596,6447,4835,3626,2720,8596,6447,4835,3626,2720,8596,6447,4835,3626,2720,
985,8677,6508,4881,3661,2745,8677,6508,4881,3661,2745,8677,6508,4881,3661,2745,
986,8758,6569,4926,3695,2771,8758,6569,4926,3695,2771,8758,6569,4926,3695,2771,
987,8840,6630,4973,3729,2797,8840,6630,4973,3729,2797,8840,6630,4973,3729,2797,
988,8923,6692,5019,3764,2823,8923,6692,5019,3764,2823,8923,6692,5019,3764,2823,
989,9006,6755,5066,3799,2850,9006,6755,5066,3799,2850,9006,6755,5066,3799,2850,
990,9091,6818,5114,3835,2876,9091,6818,5114,3835,2876,9091,6818,5114,3835,2876,
991,9176,6882,5162,3871,2903,9176,6882,5162,3871,2903,9176,6882,5162,3871,2903,
992,9262,6947,5210,3907,2931,9262,6947,5210,3907,2931,9262,6947,5210,3907,2931,
993,9348,7011,5258,3944,2958,9348,7011,5258,3944,2958,9348,7011,5258,3944,2958,
994,9436,7077,5308,3981,2986,9436,7077,5308,3981,2986,9436,7077,5308,3981,2986,
995,9524,7143,5357,4018,3013,9524,7143,5357,4018,3013,9524,7143,5357,4018,3013,
996,9613,7210,5407,4055,3042,9613,7210,5407,4055,3042,9613,7210,5407,4055,3042,
997,9703,7277,5458,4093,3070,9703,7277,5458,4093,3070,9703,7277,5458,4093,3070,
998,9794,7346,5509,4132,3099,9794,7346,5509,4132,3099,9794,7346,5509,4132,3099,
999,9886,7415,5561,4171,3128,9886,7415,5561,4171,3128,9886,7415,5561,4171,3128,
1000,9978,7484,5613,4209,3157,9978,7484,5613,4209,3157,9978,7484,5613,4209,3157,
0,0,0,0,0,0,0,0,0,0,0,0,0,0,0,0,
