{      2,109188,61 },
{    435,110689,168 },
{    437,110761,61 },
{    439,110784,61 },
{    441,110785,61 },
{    527,111415,168 },
{    528,111477,168 },
{    530,111484,168 },
{    531,111490,168 },
{    542,111576,168 },
{   1011,108579,151 },
{   7617,111868,1 },
{   7646,111953,168 },
{   7647,111955,168 },
{   7654,112066,168 },
{   7655,112077,168 },
{   7656,112078,168 },
{   7657,112086,168 },
{   7658,112092,168 },
{   7659,112094,168 },
{   7660,112096,168 },
{   7662,112110,168 },
{   7676,112187,168 },
{   7677,112206,168 },
{   7678,112261,168 },
{   7679,112263,168 },
{   7685,112348,122 },
{   7687,112350,122 },
{   7688,112351,122 },
{   7689,112352,122 },
{   7690,112369,168 },
{   7691,112370,168 },
{   7692,112371,168 },
{   7693,112373,168 },
{   7694,112346,122 },
{   7695,112347,122 },
{   7696,112349,122 },
{   7697,112354,122 },
{   7698,112355,122 },
{   7699,112367,122 },
{   7700,112359,122 },
{   7701,112360,122 },
{   7702,112366,122 },
{   7703,112365,122 },
{   7704,112358,122 },
{   7705,112357,122 },
{   7706,112363,122 },
{   7707,112364,122 },
{   7708,112356,122 },
{   7709,112362,122 },
{   7710,112361,122 },
{   7712,112382,61 },
{   7714,112383,61 },
{   7719,112416,61 },
{   7721,112417,61 },
{   7723,112418,61 },
{   7725,112419,61 },
{   7727,112420,61 },
{   7729,112421,61 },
{   7731,112422,61 },
{   7733,112423,61 },
{   7735,112424,61 },
{   7737,112425,61 },
{   7739,112426,61 },
{   7740,112427,61 },
{   7742,112428,61 },
{   7744,112429,61 },
{   7751,112445,61 },
{   7754,112447,61 },
{   7756,112448,61 },
{   7761,112475,168 },
{   7762,112476,61 },
{   7764,112477,61 },
{   7766,112478,61 },
{   7768,112479,61 },
{   7770,112480,61 },
{   7772,112481,61 },
{   7774,112482,61 },
{   7776,112483,61 },
{   7778,112484,61 },
{   7780,112485,61 },
{   7782,112486,61 },
{   7784,112487,61 },
{   7786,112488,61 },
{   7788,112489,61 },
{   7790,112490,61 },
{   7792,112491,61 },
{   7794,112492,61 },
{   7796,112493,61 },
{   7798,112494,61 },
{   7800,112495,61 },
{   7802,112496,61 },
{   7804,112503,61 },
{   7807,110030,175 },
{   7811,112545,61 },
{   7813,112546,61 },
{   7815,112547,61 },
{   7817,112548,61 },
{   7819,112549,61 },
{   7821,112550,61 },
{   7823,112551,61 },
{   7825,112552,61 },
{   7828,112553,61 },
{   7830,112554,61 },
{   7832,112555,61 },
{   7834,112556,61 },
{   7835,112557,61 },
{   7837,112558,61 },
{   7839,112559,61 },
{   7841,112560,61 },
{   7843,112561,61 },
{   7845,112562,61 },
{   7847,112563,61 },
{   7849,112564,61 },
{   7851,112565,61 },
{   7853,106899,168 },
{   7854,107195,168 },
{   7855,107661,168 },
{   7856,107662,168 },
{   7857,111475,168 },
{   7858,111530,168 },
{   7859,111533,168 },
{   7860,111948,168 },
{   7862,110031,175 },
{   7864,110032,175 },
{   7866,110033,175 },
{   7868,110034,175 },
{   7870,110045,175 },
{   7872,110047,175 },
{   7874,110046,175 },
{   7876,110048,175 },
{   7878,110049,175 },
{   7880,110050,175 },
{   7970,110040,175 },
{   7972,110041,175 },
{   7974,110042,175 },
{   7976,110043,175 },
{   7978,110044,175 },
{   7980,110055,175 },
{   7982,110056,175 },
{   7984,110057,175 },
{   7986,110058,175 },
{   7988,110059,175 },
{   7991,110052,175 },
{   7993,110054,175 },
{   7995,110053,175 },
{   8007,110035,175 },
{   8009,110036,175 },
{   8011,110037,175 },
{   8013,110039,175 },
{   8015,109824,175 },
{   8017,109864,175 },
{   8019,109844,175 },
{   8021,109970,175 },
{   8023,109804,175 },
{   8025,109930,175 },
{   8027,109784,175 },
{   8029,109899,175 },
{   8031,109825,175 },
{   8033,109865,175 },
{   8035,109845,175 },
{   8037,109971,175 },
{   8039,109805,175 },
{   8041,109931,175 },
{   8043,109785,175 },
{   8045,109900,175 },
{   8047,109786,175 },
{   8049,109826,175 },
{   8051,109866,175 },
{   8053,109846,175 },
{   8055,109972,175 },
{   8057,109806,175 },
{   8059,109932,175 },
{   8061,109901,175 },
{   8063,109827,175 },
{   8065,109867,175 },
{   8067,109847,175 },
{   8069,109973,175 },
{   8072,109933,175 },
{   8074,109796,175 },
{   8076,109902,175 },
{   8078,109797,175 },
{   8080,109828,175 },
{   8082,109881,175 },
{   8084,109861,175 },
{   8086,109974,175 },
{   8088,109948,175 },
{   8090,109903,175 },
{   8092,109829,175 },
{   8094,109787,175 },
{   8096,109868,175 },
{   8098,109884,175 },
{   8100,109848,175 },
{   8102,109975,175 },
{   8104,109809,175 },
{   8106,109934,175 },
{   8109,109788,175 },
{   8111,109869,175 },
{   8113,109885,175 },
{   8115,109849,175 },
{   8117,109976,175 },
{   8119,109810,175 },
{   8121,109935,175 },
{   8123,109831,175 },
{   8125,109789,175 },
{   8127,109870,175 },
{   8129,109886,175 },
{   8131,109850,175 },
{   8133,109977,175 },
{   8135,109811,175 },
{   8137,109936,175 },
{   8139,109832,175 },
{   8141,109798,175 },
{   8143,109871,175 },
{   8145,109897,175 },
{   8147,109851,175 },
{   8149,109978,175 },
{   8151,109812,175 },
{   8153,109937,175 },
{   8155,109842,175 },
{   8157,109799,175 },
{   8159,109882,175 },
{   8161,109898,175 },
{   8163,109862,175 },
{   8165,109979,175 },
{   8167,109823,175 },
{   8169,109938,175 },
{   8171,109833,175 },
{   8173,109834,175 },
{   8175,109835,175 },
{   8177,109836,175 },
{   8179,109843,175 },
{   8181,109790,175 },
{   8183,109791,175 },
{   8185,109792,175 },
{   8187,109800,175 },
{   8189,109801,175 },
{   8191,109872,175 },
{   8193,109873,175 },
{   8195,109874,175 },
{   8197,109875,175 },
{   8199,109883,175 },
{   8201,109887,175 },
{   8203,109888,175 },
{   8205,109889,175 },
{   8207,109890,175 },
{   8209,109891,175 },
{   8211,109852,175 },
{   8213,109853,175 },
{   8215,109854,175 },
{   8217,109855,175 },
{   8219,109863,175 },
{   8221,109980,175 },
{   8223,109981,175 },
{   8225,109982,175 },
{   8227,109983,175 },
{   8229,109984,175 },
{   8231,109813,175 },
{   8233,109814,175 },
{   8235,109815,175 },
{   8237,109816,175 },
{   8239,109817,175 },
{   8241,109939,175 },
{   8243,109940,175 },
{   8245,109941,175 },
{   8247,109942,175 },
{   8249,109949,175 },
{   8251,109838,175 },
{   8253,109794,175 },
{   8255,109877,175 },
{   8257,109893,175 },
{   8259,109857,175 },
{   8261,109986,175 },
{   8263,109819,175 },
{   8265,109944,175 },
{   8267,109840,175 },
{   8269,109802,175 },
{   8271,109879,175 },
{   8273,109895,175 },
{   8275,109859,175 },
{   8277,109988,175 },
{   8279,109821,175 },
{   8281,109946,175 },
{   8283,109841,175 },
{   8285,109803,175 },
{   8287,109880,175 },
{   8289,109896,175 },
{   8291,109860,175 },
{   8293,109989,175 },
{   8295,109822,175 },
{   8297,109947,175 },
{   8299,109837,175 },
{   8301,109793,175 },
{   8303,109876,175 },
{   8305,109892,175 },
{   8307,109856,175 },
{   8309,109985,175 },
{   8311,109818,175 },
{   8313,109943,175 },
{   8315,109839,175 },
{   8317,109795,175 },
{   8319,109878,175 },
{   8321,109894,175 },
{   8323,109858,175 },
{   8325,109987,175 },
{   8327,109820,175 },
{   8329,109945,175 },
{   8334,109759,175 },
{   8336,109760,175 },
{   8338,109761,175 },
{   8340,109762,175 },
{   8342,109763,175 },
{   8344,109764,175 },
{   8346,109765,175 },
{   8348,109766,175 },
{   8350,109767,175 },
{   8352,109768,175 },
{   8354,109769,175 },
{   8356,109770,175 },
{   8358,109771,175 },
{   8360,109772,175 },
{   8362,109773,175 },
{   8364,109774,175 },
{   8366,109775,175 },
{   8368,109776,175 },
{   8370,109777,175 },
{   8372,109778,175 },
{   8374,109779,175 },
{   8376,109780,175 },
{   8378,109781,175 },
{   8380,109782,175 },
{   8382,109783,175 },
{   8383,109807,175 },
{   8385,109808,175 },
{   8386,109830,175 },
{   8388,109904,175 },
{   8390,109905,175 },
{   8392,109906,175 },
{   8394,109907,175 },
{   8396,109908,175 },
{   8398,109909,175 },
{   8400,109910,175 },
{   8402,109911,175 },
{   8404,109912,175 },
{   8406,109913,175 },
{   8408,109914,175 },
{   8410,109915,175 },
{   8412,109916,175 },
{   8414,109917,175 },
{   8416,109918,175 },
{   8418,109925,175 },
{   8420,109926,175 },
{   8422,109927,175 },
{   8424,109928,175 },
{   8426,109929,175 },
{   8428,109950,175 },
{   8430,109951,175 },
{   8432,109952,175 },
{   8434,109953,175 },
{   8436,109954,175 },
{   8438,109955,175 },
{   8440,109956,175 },
{   8442,109957,175 },
{   8444,109958,175 },
{   8446,109959,175 },
{   8448,109960,175 },
{   8450,109961,175 },
{   8452,109962,175 },
{   8454,109963,175 },
{   8456,109964,175 },
{   8458,109965,175 },
{   8460,109966,175 },
{   8462,109967,175 },
{   8464,109968,175 },
{   8466,109969,175 },
{   8468,109995,175 },
{   8470,109996,175 },
{   8472,109997,175 },
{   8474,109998,175 },
{   8476,109999,175 },
{   8478,110000,175 },
{   8480,110001,175 },
{   8482,110002,175 },
{   8484,110003,175 },
{   8486,110004,175 },
{   8488,110005,175 },
{   8490,110006,175 },
{   8492,110007,175 },
{   8494,110008,175 },
{   8496,110009,175 },
{   8498,110010,175 },
{   8500,110011,175 },
{   8502,110012,175 },
{   8504,110013,175 },
{   8506,110014,175 },
{   8508,110015,175 },
{   8510,110016,175 },
{   8512,110017,175 },
{   8514,110018,175 },
{   8516,110019,175 },
{   8518,110038,175 },
{   8520,110051,175 },
{   8522,110060,175 },
{   8530,112702,61 },
{   8532,112703,61 },
{   8534,112704,61 },
{   8536,112705,61 },
{   8538,112706,61 },
{   8540,112707,61 },
{   8542,112709,61 },
{   8544,112710,61 },
{   8546,112711,61 },
{   8548,112712,61 },
{   8550,112713,61 },
{   8552,112714,61 },
{   8554,112715,61 },
{   8556,112716,61 },
{   8558,112717,61 },
{   8560,112718,61 },
{   8562,112719,61 },
{   8564,112721,61 },
{   8566,112723,61 },
{   8568,112725,61 },
{   8570,112726,61 },
{   8572,112727,61 },
{   8574,112728,61 },
{   8576,112729,61 },
{   8578,112731,61 },
{   8580,112732,61 },
{   8582,112733,61 },
{   8584,112734,61 },
{   8586,112735,61 },
{   8588,112736,61 },
{   8590,112739,61 },
{   8592,112740,61 },
{   8594,112741,61 },
{   8596,112742,61 },
{   8598,112743,61 },
{   8600,112744,61 },
{   8602,112745,61 },
{   8606,112746,61 },
{   8608,112747,61 },
{   8610,112748,61 },
{   8612,112749,61 },
{   8614,112750,61 },
{   8616,112751,61 },
{   8618,112752,61 },
{   8620,112754,61 },
{   8622,112755,61 },
{   8624,112756,61 },
{   8626,112757,61 },
{   8628,112758,61 },
{   8630,112759,61 },
{   8632,112760,61 },
{   8634,112761,61 },
{   8636,112762,61 },
{   8638,112763,61 },
{   8640,112764,61 },
{   8642,112765,61 },
{   8644,112766,61 },
{   8646,112767,61 },
{   8648,112768,61 },
{   8650,112769,61 },
{   8652,112770,61 },
{   8654,112771,61 },
{   8656,112772,61 },
{   8658,112773,61 },
{   8660,112774,61 },
{   8662,112778,61 },
{   8664,112779,61 },
{   8666,112780,61 },
{   8668,112781,61 },
{   8670,112782,61 },
{   8672,112783,61 },
{   8674,112785,61 },
{   8676,112787,61 },
{   8678,112788,61 },
{   8680,112789,61 },
{   8682,112790,61 },
{   8686,112792,61 },
{   8688,112793,61 },
{   8690,112794,61 },
{   8692,112795,61 },
{   8694,112796,61 },
{   8696,112797,61 },
{   8698,112803,61 },
{   8700,112804,61 },
{   8702,112805,61 },
{   8704,112806,61 },
{   8706,112807,61 },
{   8709,112808,61 },
{   8712,112813,61 },
{   8714,112814,61 },
{   8716,112815,61 },
{   8718,112816,61 },
{   8721,112817,61 },
{   8723,112818,61 },
{   8725,112819,61 },
{   8727,112820,61 },
{   8729,112821,61 },
{   8733,112823,61 },
{   8735,112825,61 },
{   8737,112826,61 },
{   8739,112827,61 },
{   8741,112828,61 },
{   8743,112829,61 },
{   8747,112831,61 },
{   8749,112832,61 },
{   8751,112833,61 },
{   8753,112834,61 },
{   8755,112835,61 },
{   8757,112836,61 },
{   8759,112837,61 },
{   8761,112838,61 },
{   8763,112839,61 },
{   8767,112841,61 },
{   8769,112842,61 },
{   8771,112843,61 },
{   8774,112844,61 },
{   8776,112845,61 },
{   8778,112846,61 },
{   8780,112847,61 },
{   8782,112849,61 },
{   8784,112850,61 },
{   8786,112851,61 },
{   8788,112852,61 },
{   8790,112853,61 },
{   8792,112854,61 },
{   8794,112855,61 },
{   8796,112856,61 },
{   8798,112861,61 },
{   8800,112862,61 },
{   8802,112866,61 },
{   8813,112877,61 },
{   8815,112879,61 },
{   8817,112882,61 },
{   8819,112883,61 },
{   8821,112890,61 },
{   8823,112892,61 },
{   8825,112894,61 },
{   8827,112895,61 },
{   8829,112896,61 },
{   8831,112897,61 },
{   8833,112898,61 },
{   8835,112913,61 },
{   8837,112914,61 },
{   8839,112915,61 },
{   8841,112916,61 },
{   8843,112917,61 },
{   8845,112918,61 },
{   8847,112919,61 },
{   8849,112920,61 },
{   8851,112921,61 },
{   8853,112922,61 },
{   8855,112923,61 },
{   8857,112924,61 },
{   8859,112925,61 },
{   8861,112926,61 },
{   8863,112927,61 },
{   8865,112928,61 },
{   8867,112929,61 },
{   8869,112930,61 },
{   8871,112931,61 },
{   8873,112932,61 },
{   8875,112933,61 },
{   8877,112934,61 },
{   8879,112935,61 },
{   8881,112936,61 },
{   8883,112937,61 },
{   8885,112938,61 },
{   8887,112939,61 },
{   8889,112940,61 },
{   8891,112941,61 },
{   8893,112942,61 },
{   8895,112943,61 },
{   8897,112944,61 },
{   8899,112945,61 },
{   8901,112946,61 },
{   8903,112947,61 },
{   8905,112949,61 },
{   8907,112950,61 },
{   8909,112951,61 },
{   8911,112952,61 },
{   8913,112953,61 },
{   8915,112954,61 },
{   8917,112955,61 },
{   8994,113131,194 },
{   9037,111526,184 },
{   9038,113134,184 },
{   9040,113218,61 },
{   9042,113219,61 },
{   9044,113220,61 },
{   9046,113221,61 },
{   9048,113222,61 },
{   9050,113223,61 },
{   9052,113224,61 },
{   9054,113225,61 },
{   9056,113226,61 },
{   9058,113227,61 },
{   9060,113228,61 },
{   9062,113229,61 },
{   9064,113230,61 },
{   9066,113231,61 },
{   9088,112320,184 },
{   9091,112319,184 },
{   9094,112318,184 },
{   9097,112317,184 },
{   9103,113287,168 },
{   9104,113288,168 },
{   9105,113270,184 },
{   9106,113378,168 },
{   9107,112948,61 },
{   9109,113350,188 },
{   9110,113351,188 },
{   9111,113352,188 },
{   9112,113353,188 },
{   9113,113354,188 },
{   9114,108907,168 },
{   9115,113082,168 },
{   9116,108906,168 },
{   9117,108905,168 },
{   9118,109078,168 },
{   9119,109077,168 },
{   9120,109075,168 },
{   9121,109074,168 },
{   9122,109061,168 },
{   9123,109059,168 },
{   9124,109060,168 },
{   9125,109057,168 },
{   9126,108957,168 },
{   9127,107390,168 },
{   9129,113527,168 },
{   9141,113541,168 },
{   9143,113546,168 },
{   9144,113553,168 },
{   9145,113556,168 },
{   9146,113557,168 },
{   9147,113559,168 },
{   9148,113560,168 },
{   9149,113561,168 },
{   9150,113563,168 },
{   9151,113571,168 },
{   9375,113683,122 },
{   9376,113684,122 },
{   9377,113685,122 },
{   9378,113686,122 },
{   9379,113687,122 },
{   9380,113688,122 },
{   9381,113689,122 },
{   9382,113690,122 },
{   9383,113691,122 },
{   9384,113692,122 },
{   9385,113693,122 },
{   9386,113694,122 },
{   9450,113758,122 },
{  10105,109171,184 },
{  10107,109172,184 },
{  10109,109173,184 },
{  10111,109174,184 },
{  10114,109168,228 },
{  10118,114122,165 },
{  10119,114123,198 },
{  10364,114237,184 },
{  10367,114230,184 },
{  10371,114231,184 },
{  10372,114232,184 },
{  10377,114233,184 },
{  10378,114234,184 },
{  10379,114235,184 },
{  10380,114236,184 },
{  11592,114809,184 },
{  11595,114810,184 },
{  11598,114811,184 },
{  11601,114812,184 },
{  11604,114813,184 },
{  11607,114814,184 },
{  11610,114815,184 },
{  11613,114816,184 },
{  11616,114817,184 },
{  11619,114818,184 },
{  11622,114819,184 },
{  11624,113548,168 },
{  11625,107660,168 },
{  11708,115197,209 },
{  11709,115049,210 },
{  11710,115268,209 },
{  11711,115191,209 },
{  11712,115192,209 },
{  11713,115193,209 },
{  11714,115194,209 },
{  11715,115195,209 },
{  11716,115196,209 },
{  11717,115198,209 },
{  11718,115199,209 },
{  11719,115200,209 },
{  11720,115201,209 },
{  11721,115202,209 },
{  11722,115203,209 },
{  11723,115204,209 },
{  11724,115205,209 },
{  11725,115206,209 },
{  11726,115207,209 },
{  11727,115208,209 },
{  11728,115209,209 },
{  11729,115210,209 },
{  11730,115211,209 },
{  11731,115269,209 },
{  11732,115270,209 },
{  11733,115212,209 },
{  11734,115213,209 },
{  11735,115214,209 },
{  11736,115215,209 },
{  11737,115216,209 },
{  11738,115217,209 },
{  11739,115218,209 },
{  11740,115219,209 },
{  11741,115220,209 },
{  11742,115221,209 },
{  11743,115222,209 },
{  11744,115223,209 },
{  11745,115224,209 },
{  11746,115225,209 },
{  11747,115226,209 },
{  11748,115227,209 },
{  11749,115228,209 },
{  11750,115229,209 },
{  11751,115230,209 },
{  11752,115231,209 },
{  11753,115232,209 },
{  11754,115233,209 },
{  11755,115234,209 },
{  11756,115235,209 },
{  11757,115236,209 },
{  11758,115237,209 },
{  11759,115238,209 },
{  11760,115239,209 },
{  11761,115240,209 },
{  11762,115241,209 },
{  11763,115242,209 },
{  11764,115243,209 },
{  11765,115244,209 },
{  11766,115245,209 },
{  11767,115246,209 },
{  11768,115247,209 },
{  11769,115248,209 },
{  11770,115249,209 },
{  11771,115250,209 },
{  11772,115251,209 },
{  11773,115252,209 },
{  11774,115253,209 },
{  11775,115254,209 },
{  11776,115255,209 },
{  11777,115271,209 },
{  11778,115256,209 },
{  11779,115257,209 },
{  11780,115258,209 },
{  11781,115259,209 },
{  11782,115260,209 },
{  11783,115261,209 },
{  11784,115262,209 },
{  11785,115263,209 },
{  11786,115264,209 },
{  11787,115265,209 },
{  11788,115266,209 },
{  11789,115267,209 },
{  11790,115024,210 },
{  11791,115025,210 },
{  11792,115026,210 },
{  11793,115027,210 },
{  11794,115028,210 },
{  11795,115029,210 },
{  11796,115030,210 },
{  11797,115031,210 },
{  11798,115032,210 },
{  11799,115033,210 },
{  11800,115183,210 },
{  11801,115184,210 },
{  11802,115034,210 },
{  11803,115035,210 },
{  11804,115036,210 },
{  11805,115037,210 },
{  11806,115171,210 },
{  11807,115043,210 },
{  11808,115044,210 },
{  11809,115045,210 },
{  11810,115046,210 },
{  11811,115047,210 },
{  11812,115048,210 },
{  11813,115038,210 },
{  11814,115039,210 },
{  11815,115040,210 },
{  11816,115041,210 },
{  11817,115042,210 },
{  11818,115050,210 },
{  11819,115051,210 },
{  11820,115052,210 },
{  11821,115053,210 },
{  11822,115054,210 },
{  11823,115055,210 },
{  11824,115056,210 },
{  11825,115057,210 },
{  11826,115058,210 },
{  11827,115059,210 },
{  11828,115060,210 },
{  11829,115061,210 },
{  11830,115062,210 },
{  11831,115063,210 },
{  11832,115064,210 },
{  11833,115065,210 },
{  11834,115066,210 },
{  11835,115067,210 },
{  11836,115068,210 },
{  11837,115069,210 },
{  11838,115070,210 },
{  11839,115185,210 },
{  11840,115186,210 },
{  11841,115187,210 },
{  11842,115188,210 },
{  11843,115071,210 },
{  11844,115072,210 },
{  11845,115073,210 },
{  11846,115074,210 },
{  11847,115075,210 },
{  11848,115076,210 },
{  11849,115077,210 },
{  11850,115078,210 },
{  11851,115079,210 },
{  11852,115080,210 },
{  11853,115081,210 },
{  11854,115082,210 },
{  11855,115083,210 },
{  11856,115084,210 },
{  11857,115085,210 },
{  11858,115086,210 },
{  11859,115087,210 },
{  11860,115088,210 },
{  11861,115089,210 },
{  11862,115173,210 },
{  11863,115174,210 },
{  11864,115175,210 },
{  11865,115176,210 },
{  11866,115177,210 },
{  11867,115090,210 },
{  11868,115091,210 },
{  11869,115092,210 },
{  11870,115093,210 },
{  11871,115094,210 },
{  11872,115095,210 },
{  11873,115096,210 },
{  11874,115097,210 },
{  11875,115098,210 },
{  11876,115099,210 },
{  11877,115100,210 },
{  11878,115178,210 },
{  11879,115179,210 },
{  11880,115180,210 },
{  11881,115181,210 },
{  11882,115182,210 },
{  11883,115101,210 },
{  11884,115102,210 },
{  11885,115103,210 },
{  11886,115104,210 },
{  11887,115105,210 },
{  11888,115106,210 },
{  11889,115107,210 },
{  11890,115108,210 },
{  11891,115109,210 },
{  11892,115110,210 },
{  11893,115111,210 },
{  11894,115112,210 },
{  11895,115113,210 },
{  11896,115114,210 },
{  11897,115115,210 },
{  11898,115116,210 },
{  11899,115141,210 },
{  11900,115142,210 },
{  11901,115143,210 },
{  11902,115144,210 },
{  11903,115145,210 },
{  11904,115117,210 },
{  11905,115118,210 },
{  11906,115119,210 },
{  11907,115120,210 },
{  11908,115121,210 },
{  11909,115122,210 },
{  11910,115123,210 },
{  11911,115124,210 },
{  11912,115125,210 },
{  11913,115126,210 },
{  11914,115127,210 },
{  11915,115128,210 },
{  11916,115129,210 },
{  11917,115130,210 },
{  11918,115131,210 },
{  11919,115132,210 },
{  11920,115133,210 },
{  11921,115134,210 },
{  11922,115135,210 },
{  11923,115136,210 },
{  11924,115137,210 },
{  11925,115138,210 },
{  11926,115189,210 },
{  11927,115190,210 },
{  11928,115139,210 },
{  11929,115140,210 },
{  11930,115146,210 },
{  11931,115147,210 },
{  11932,115172,210 },
{  11933,115148,210 },
{  11934,115149,210 },
{  11935,115150,210 },
{  11936,115151,210 },
{  11937,115152,210 },
{  11938,115153,210 },
{  11939,115154,210 },
{  11940,115155,210 },
{  11941,115156,210 },
{  11942,115157,210 },
{  11943,115158,210 },
{  11944,115159,210 },
{  11945,115160,210 },
{  11946,115161,210 },
{  11947,115162,210 },
{  11948,115163,210 },
{  11949,115164,210 },
{  11950,115165,210 },
{  11951,115166,210 },
{  11952,115167,210 },
{  11953,115168,210 },
{  11954,115169,210 },
{  11955,115170,210 },
{  12254,115794,184 },
{  12257,115796,184 },
{  12260,115798,184 },
{  12263,115799,184 },
{  12266,115800,184 },
{  12269,115801,184 },
{  12493,116070,168 },
{  12494,116075,168 },
{  12495,116077,168 },
{  12496,116110,168 },
{  12497,116112,168 },
{  12499,116116,168 },
{  12500,116123,168 },
{  12501,116124,168 },
{  12502,116126,168 },
{  12503,116132,168 },
{  12511,116171,184 },
{  12514,116174,184 },
{  12517,116175,184 },
{  12520,116176,184 },
{  12523,116177,184 },
{  12526,116178,184 },
{  12529,116179,184 },
{  12532,116180,184 },
{  12535,116181,184 },
{  12538,116182,184 },
{  12541,116183,184 },
{  12544,116187,184 },
{  12547,116188,184 },
{  12550,116189,184 },
{  12553,116190,184 },
{  12556,116191,184 },
{  12559,116192,184 },
{  12562,116193,184 },
{  12565,116194,184 },
{  13050,116453,228 },
{  13053,116454,228 },
{  13056,116644,228 },
{  13059,116646,228 },
{  13062,116647,228 },
{  13065,116688,168 },
{  13374,116760,168 },
{  13375,116765,168 },
{  13376,116795,168 },
{  13377,116796,168 },
{  13378,116797,168 },
{  13379,116798,168 },
{  13380,116799,168 },
{  13381,116800,168 },
{  13382,116805,168 },
{  13383,116806,168 },
{  13384,116807,168 },
{  13385,116808,168 },
{  13386,116809,168 },
{  13387,116814,168 },
{  13388,116823,168 },
{  13389,116824,168 },
{  13393,116832,168 },
{  13394,116834,168 },
{  13395,116835,168 },
{  13396,116837,168 },
{  13397,116838,168 },
{  13398,116852,168 },
{  13399,116855,168 },
{  13400,116857,168 },
{  13401,116858,168 },
{  13402,116875,168 },
{  13403,116887,168 },
{  13404,116907,168 },
{  13406,116911,168 },
{  13407,116914,168 },
{  13408,116916,168 },
{  13409,116918,168 },
{  13410,117363,222 },
{  13411,117361,222 },
{  13412,117357,222 },
{  13413,117369,222 },
{  13414,117372,222 },
{  13415,117360,222 },
{  13416,117378,222 },
{  13417,117373,222 },
{  13418,117366,222 },
{  13419,117374,222 },
{  13420,117371,222 },
{  13421,117358,222 },
{  13422,117364,222 },
{  13423,117370,222 },
{  13424,117375,222 },
{  13425,117368,222 },
{  13426,117376,222 },
{  13427,117377,222 },
{  13428,117355,222 },
{  13429,117356,222 },
{  13430,117379,222 },
{  13431,117362,222 },
{  13432,117367,222 },
{  13433,117391,222 },
{  13440,117365,222 },
{  13441,117359,222 },
{  13475,117562,168 },
{  13476,117563,168 },
{  13477,117567,168 },
{  13478,117570,168 },
{  13479,117571,168 },
{  13480,117572,168 },
{  13484,117981,168 },
{  13609,113591,240 },
{  13610,113591,241 },
{  13616,113596,240 },
{  13617,113596,241 },
{  13625,113598,240 },
{  13626,113598,241 },
{  13634,113595,240 },
{  13635,113595,241 },
{  13641,113593,240 },
{  13642,113593,241 },
{  13648,113592,240 },
{  13649,113592,241 },
{  13655,113606,240 },
{  13656,113606,241 },
{  13662,113607,240 },
{  13663,113607,241 },
{  13669,113612,240 },
{  13670,113612,241 },
{  13676,113645,240 },
{  13677,113645,241 },
{  13683,113650,240 },
{  13684,113650,241 },
{  13690,113658,240 },
{  13691,113658,241 },
{  13692,118198,168 },
{  13693,118199,168 },
{  13694,118200,168 },
{  13695,118201,168 },
{  13696,118202,168 },
{  13697,118203,168 },
{  13698,118204,168 },
{  13699,118205,168 },
{  13700,118206,168 },
{  13701,118208,168 },
{  13702,118209,168 },
{  13703,118210,168 },
{  13704,118211,168 },
{  13705,118212,168 },
{  13706,118213,168 },
{  13707,118223,168 },
{  13708,118228,168 },
{  13709,118229,168 },
{  13710,118230,168 },
{  13711,118231,168 },
{  13712,118232,168 },
{  13713,118237,168 },
{  13714,118238,168 },
{  13715,118239,168 },
{  13716,118240,168 },
{  13717,118241,168 },
{  13718,118242,168 },
{  13719,118243,168 },
{  13720,118246,168 },
{  13721,118250,168 },
{  13722,118251,168 },
{  13723,118252,168 },
{  13724,118253,168 },
{  13725,118254,168 },
{  13726,118255,168 },
{  13727,118256,168 },
{  13728,118257,168 },
{  13729,118264,168 },
{  13730,118279,168 },
{  13820,113666,240 },
{  13821,113666,241 },
{  13827,113599,240 },
{  13828,113599,241 },
{  13834,113600,240 },
{  13835,113600,241 },
{  13841,113601,240 },
{  13842,113601,241 },
{  13848,113602,240 },
{  13849,113602,241 },
{  13855,113604,240 },
{  13856,113604,241 },
{  13866,113605,240 },
{  13867,113605,241 },
{  13873,113608,240 },
{  13874,113608,241 },
{  13880,113609,240 },
{  13881,113609,241 },
{  13887,113610,240 },
{  13888,113610,241 },
{  13894,113611,240 },
{  13895,113611,241 },
{  13901,113632,240 },
{  13902,113632,241 },
{  13908,113633,240 },
{  13909,113633,241 },
{  13915,113634,240 },
{  13916,113634,241 },
{  13922,113636,240 },
{  13923,113636,241 },
{  13929,113637,240 },
{  13930,113637,241 },
{  13936,113638,240 },
{  13937,113638,241 },
{  13943,113639,240 },
{  13944,113639,241 },
{  13950,113640,240 },
{  13951,113640,241 },
{  13957,113641,240 },
{  13958,113641,241 },
{  13964,113642,240 },
{  13965,113642,241 },
{  13975,113643,240 },
{  13976,113643,241 },
{  13982,113644,240 },
{  13983,113644,241 },
{  13989,113646,240 },
{  13990,113646,241 },
{  13996,113647,240 },
{  13997,113647,241 },
{  14003,113648,240 },
{  14004,113648,241 },
{  14010,113649,240 },
{  14011,113649,241 },
{  14017,113651,240 },
{  14018,113651,241 },
{  14024,113652,240 },
{  14025,113652,241 },
{  14031,113653,240 },
{  14032,113653,241 },
{  14038,113654,240 },
{  14039,113654,241 },
{  14045,113655,240 },
{  14046,113655,241 },
{  14052,113656,240 },
{  14053,113656,241 },
{  14059,113657,240 },
{  14060,113657,241 },
{  14066,113659,240 },
{  14067,113659,241 },
{  14073,113660,240 },
{  14074,113660,241 },
{  14080,113661,240 },
{  14081,113661,241 },
{  14087,113662,240 },
{  14088,113662,241 },
{  14094,113663,240 },
{  14095,113663,241 },
{  14101,113664,240 },
{  14102,113664,241 },
{  14108,113667,240 },
{  14109,113667,241 },
{  14115,113826,240 },
{  14116,113826,241 },
{  14122,113827,240 },
{  14123,113827,241 },
{  14129,113828,240 },
{  14130,113828,241 },
{  14136,113829,240 },
{  14137,113829,241 },
{  14143,113830,240 },
{  14144,113830,241 },
{  14150,113831,240 },
{  14151,113831,241 },
{  14157,113832,240 },
{  14158,113832,241 },
{  14164,113833,240 },
{  14165,113833,241 },
{  14171,113834,240 },
{  14172,113834,241 },
{  14178,113835,240 },
{  14179,113835,241 },
{  14185,113836,240 },
{  14186,113836,241 },
{  14192,113837,240 },
{  14193,113837,241 },
{  14199,113838,240 },
{  14200,113838,241 },
{  14206,113839,240 },
{  14207,113839,241 },
{  14213,113840,240 },
{  14214,113840,241 },
{  14220,113841,240 },
{  14221,113841,241 },
{  14227,113842,240 },
{  14228,113842,241 },
{  14234,113843,240 },
{  14235,113843,241 },
{  14241,113844,240 },
{  14242,113844,241 },
{  14248,113845,240 },
{  14249,113845,241 },
{  14259,113846,240 },
{  14260,113846,241 },
{  14266,113847,240 },
{  14267,113847,241 },
{  14273,113848,240 },
{  14274,113848,241 },
{  14280,113849,240 },
{  14281,113849,241 },
{  14287,113850,240 },
{  14288,113850,241 },
{  14294,113851,240 },
{  14295,113851,241 },
{  14301,113852,240 },
{  14302,113852,241 },
{  14308,113853,240 },
{  14309,113853,241 },
{  14315,113854,240 },
{  14316,113854,241 },
{  14322,113855,240 },
{  14323,113855,241 },
{  14329,113856,240 },
{  14330,113856,241 },
{  14336,113857,240 },
{  14337,113857,241 },
{  14343,113858,240 },
{  14344,113858,241 },
{  14350,113859,240 },
{  14351,113859,241 },
{  14361,113860,240 },
{  14362,113860,241 },
{  14368,113861,240 },
{  14369,113861,241 },
{  14373,118686,168 },
{  14374,118687,168 },
{  14375,118688,168 },
{  14376,118689,168 },
{  14377,118690,168 },
{  14378,118696,168 },
{  14379,118712,168 },
{  14380,118713,168 },
{  14381,118717,168 },
{  14382,118718,168 },
{  14383,118734,168 },
{  14384,118735,168 },
{  14639,119173,175 },
{  14643,119174,175 },
{  14647,119175,175 },
{  14651,119176,175 },
{  14655,119181,175 },
{  14701,119335,240 },
{  14702,119335,241 },
{  14712,119336,240 },
{  14713,119336,241 },
{  14723,119337,240 },
{  14724,119337,241 },
{  14734,119338,240 },
{  14735,119338,241 },
{  14761,119343,240 },
{  14762,119343,241 },
{  14772,119344,240 },
{  14773,119344,241 },
{  14783,119345,240 },
{  14784,119345,241 },
{  14794,119346,240 },
{  14795,119346,241 },
{  14805,119347,240 },
{  14806,119347,241 },
{  14891,113889,240 },
{  14892,113889,241 },
{  14898,113893,240 },
{  14899,113893,241 },
{  14905,113905,240 },
{  14906,113905,241 },
{  14912,113931,240 },
{  14913,113931,241 },
{  14919,113948,240 },
{  14920,113948,241 },
{  14926,113969,240 },
{  14927,113969,241 },
{  14933,113983,240 },
{  14934,113983,241 },
{  14940,113984,240 },
{  14941,113984,241 },
{  14947,113985,240 },
{  14948,113985,241 },
{  14954,113986,240 },
{  14955,113986,241 },
{  14961,113987,240 },
{  14962,113987,241 },
{  14968,118114,240 },
{  14969,118114,241 },
{  14975,119192,240 },
{  14976,119192,241 },
{  14982,119193,240 },
{  14983,119193,241 },
{  14989,119194,240 },
{  14990,119194,241 },
{  14991,119824,210 },
{  14992,119825,210 },
{  14993,119826,210 },
{  14994,119827,210 },
{  14995,119828,210 },
{  14996,119829,210 },
{  14997,119830,210 },
{  14998,119831,210 },
{  14999,119832,210 },
{  15000,119833,210 },
{  15001,119834,210 },
{  15002,119835,210 },
{  15003,119836,210 },
{  15004,119837,210 },
{  15005,119838,210 },
{  15006,119839,210 },
{  15007,119840,210 },
{  15008,119841,210 },
{  15009,119842,210 },
{  15010,119843,210 },
{  15011,119844,210 },
{  15012,119845,210 },
{  15013,119846,210 },
{  15014,119847,210 },
{  15015,119848,210 },
{  15016,119849,210 },
{  15017,119850,210 },
{  15018,119851,210 },
{  15019,119852,210 },
{  15020,119853,210 },
{  15021,119854,210 },
{  15022,119855,210 },
{  15023,119856,210 },
{  15024,119857,210 },
{  15025,119858,210 },
{  15026,119859,210 },
{  15027,119860,210 },
{  15028,119861,210 },
{  15029,119862,210 },
{  15030,119863,210 },
{  15031,119864,210 },
{  15032,119865,210 },
{  15033,119866,210 },
{  15034,119867,210 },
{  15035,119868,210 },
{  15036,119869,210 },
{  15037,119870,210 },
{  15038,119871,210 },
{  15039,119872,210 },
{  15040,119873,210 },
{  15041,119874,210 },
{  15042,119875,210 },
{  15043,119876,210 },
{  15044,119877,210 },
{  15045,119878,210 },
{  15046,119879,210 },
{  15047,119880,210 },
{  15048,119881,210 },
{  15049,119882,210 },
{  15050,119883,210 },
{  15051,119884,210 },
{  15052,119885,210 },
{  15053,119886,210 },
{  15054,119887,210 },
{  15055,119888,210 },
{  15056,119889,210 },
{  15057,119890,210 },
{  15058,119891,210 },
{  15059,119892,210 },
{  15060,119893,210 },
{  15061,119894,210 },
{  15062,119895,210 },
{  15063,119896,210 },
{  15064,119897,210 },
{  15065,119898,210 },
{  15066,119899,210 },
{  15067,119900,210 },
{  15068,119901,210 },
{  15069,119902,210 },
{  15070,119903,210 },
{  15071,119904,210 },
{  15072,119905,210 },
{  15073,119906,210 },
{  15074,119907,210 },
{  15075,119908,210 },
{  15076,119909,210 },
{  15077,119910,210 },
{  15078,119911,210 },
{  15079,119912,210 },
{  15080,119913,210 },
{  15081,119915,210 },
{  15082,119916,210 },
{  15083,119917,210 },
{  15084,119918,210 },
{  15085,119919,210 },
{  15086,119920,210 },
{  15087,119921,210 },
{  15088,119922,210 },
{  15089,119923,210 },
{  15090,119924,210 },
{  15091,119925,210 },
{  15092,119926,210 },
{  15093,119927,210 },
{  15094,119928,210 },
{  15095,119929,210 },
{  15096,119930,210 },
{  15097,119931,210 },
{  15098,119932,210 },
{  15099,119933,210 },
{  15100,119934,210 },
{  15101,119935,210 },
{  15102,119936,210 },
{  15103,119937,210 },
{  15104,119938,210 },
{  15105,119939,210 },
{  15106,119940,210 },
{  15107,119941,210 },
{  15108,119942,210 },
{  15109,119943,210 },
{  15110,119944,210 },
{  15111,119945,210 },
{  15112,119946,210 },
{  15113,119947,210 },
{  15114,119948,210 },
{  15115,119949,210 },
{  15116,119950,210 },
{  15117,119951,210 },
{  15118,119952,210 },
{  15119,119953,210 },
{  15120,119954,210 },
{  15121,119955,210 },
{  15122,119956,210 },
{  15123,119957,210 },
{  15124,119958,210 },
{  15125,119959,210 },
{  15126,119960,210 },
{  15127,119961,210 },
{  15128,119962,210 },
{  15129,119963,210 },
{  15130,119964,210 },
{  15131,119965,210 },
{  15132,119966,210 },
{  15133,119967,210 },
{  15134,119968,209 },
{  15135,119969,209 },
{  15136,119970,209 },
{  15137,119971,209 },
{  15138,119972,209 },
{  15139,119973,209 },
{  15140,119974,209 },
{  15141,119975,209 },
{  15142,119976,209 },
{  15143,119977,209 },
{  15144,119978,209 },
{  15145,119979,209 },
{  15146,119980,209 },
{  15147,119981,209 },
{  15148,119982,209 },
{  15149,119983,209 },
{  15150,119984,209 },
{  15151,119985,209 },
{  15152,119986,209 },
{  15153,119987,209 },
{  15154,119988,209 },
{  15155,119989,209 },
{  15156,119990,209 },
{  15157,119991,209 },
{  15158,119992,209 },
{  15159,119993,209 },
{  15160,119994,209 },
{  15161,119995,209 },
{  15162,119996,209 },
{  15163,119997,209 },
{  15164,119998,209 },
{  15165,119999,209 },
{  15166,120000,209 },
{  15167,120001,209 },
{  15168,120002,209 },
{  15169,120003,209 },
{  15170,120004,209 },
{  15171,120005,209 },
{  15172,120006,209 },
{  15173,120007,209 },
{  15174,120008,209 },
{  15175,120009,209 },
{  15176,120010,209 },
{  15177,120011,209 },
{  15178,120012,209 },
{  15179,120013,209 },
{  15180,120014,209 },
{  15181,120015,209 },
{  15182,120016,209 },
{  15183,120017,209 },
{  15184,120018,209 },
{  15185,120019,209 },
{  15186,120020,209 },
{  15187,120021,209 },
{  15188,120022,209 },
{  15189,120023,209 },
{  15190,120024,209 },
{  15191,120025,209 },
{  15192,120026,209 },
{  15193,120027,209 },
{  15194,120028,209 },
{  15195,120029,209 },
{  15196,120030,209 },
{  15197,120031,209 },
{  15198,120032,209 },
{  15199,120033,209 },
{  15200,120034,209 },
{  15201,120035,209 },
{  15202,120036,209 },
{  15203,120037,209 },
{  15204,120038,209 },
{  15205,120039,209 },
{  15206,120040,209 },
{  15207,120041,209 },
{  15208,120042,209 },
{  15209,120043,209 },
{  15210,120044,209 },
{  15211,120045,209 },
{  15212,120046,209 },
{  15213,120047,209 },
{  15214,120048,209 },
{  15224,115535,240 },
{  15225,115535,241 },
{  15235,115536,240 },
{  15236,115536,241 },
{  15246,115537,240 },
{  15247,115537,241 },
{  15257,115538,240 },
{  15258,115538,241 },
{  15268,115539,240 },
{  15269,115539,241 },
{  15279,115540,240 },
{  15280,115540,241 },
{  15290,115541,240 },
{  15291,115541,241 },
{  15301,115542,240 },
{  15302,115542,241 },
{  15312,115543,240 },
{  15313,115543,241 },
{  15323,115544,240 },
{  15324,115544,241 },
{  15334,115545,240 },
{  15335,115545,241 },
{  15345,115546,240 },
{  15346,115546,241 },
{  15356,115547,240 },
{  15357,115547,241 },
{  15367,115548,240 },
{  15368,115548,241 },
{  15378,115549,240 },
{  15379,115549,241 },
{  15389,115550,240 },
{  15390,115550,241 },
{  15400,115551,240 },
{  15401,115551,241 },
{  15411,115552,240 },
{  15412,115552,241 },
{  15422,115553,240 },
{  15423,115553,241 },
{  15433,115554,240 },
{  15434,115554,241 },
{  15444,115555,240 },
{  15445,115555,241 },
{  15455,115556,240 },
{  15456,115556,241 },
{  15466,115557,240 },
{  15467,115557,241 },
{  15477,115558,240 },
{  15478,115558,241 },
{  15488,115559,240 },
{  15489,115559,241 },
{  15499,115560,240 },
{  15500,115560,241 },
{  15510,115561,240 },
{  15511,115561,241 },
{  15521,115562,240 },
{  15522,115562,241 },
{  15532,115563,240 },
{  15533,115563,241 },
{  15543,115564,240 },
{  15544,115564,241 },
{  15554,115565,240 },
{  15555,115565,241 },
{  15565,115566,240 },
{  15566,115566,241 },
{  15576,115567,240 },
{  15577,115567,241 },
{  15587,115568,240 },
{  15588,115568,241 },
{  15598,115569,240 },
{  15599,115569,241 },
{  15609,115570,240 },
{  15610,115570,241 },
{  15620,115571,240 },
{  15621,115571,241 },
{  15631,115572,240 },
{  15632,115572,241 },
{  15642,115573,240 },
{  15643,115573,241 },
{  15653,115574,240 },
{  15654,115574,241 },
{  15664,115575,240 },
{  15665,115575,241 },
{  15675,115576,240 },
{  15676,115576,241 },
{  15686,115577,240 },
{  15687,115577,241 },
{  15697,115578,240 },
{  15698,115578,241 },
{  15708,115579,240 },
{  15709,115579,241 },
{  15719,115580,240 },
{  15720,115580,241 },
{  15730,115581,240 },
{  15731,115581,241 },
{  15741,115582,240 },
{  15742,115582,241 },
{  15752,115583,240 },
{  15753,115583,241 },
{  15763,115584,240 },
{  15764,115584,241 },
{  15774,115585,240 },
{  15775,115585,241 },
{  15785,115586,240 },
{  15786,115586,241 },
{  15796,115587,240 },
{  15797,115587,241 },
{  15807,115588,240 },
{  15808,115588,241 },
{  15818,115589,240 },
{  15819,115589,241 },
{  15820,120053,210 },
{  15821,120054,210 },
{  15822,120055,210 },
{  15823,120056,210 },
{  15824,120057,210 },
{  15825,120058,210 },
{  15826,120059,210 },
{  15827,120060,210 },
{  15828,120061,210 },
{  15829,120062,210 },
{  15830,120063,210 },
{  15831,120064,210 },
{  15832,120065,210 },
{  15833,120066,210 },
{  15834,120067,210 },
{  15835,120068,210 },
{  15836,120069,210 },
{  15837,120070,210 },
{  15838,120071,210 },
{  15839,120072,210 },
{  15840,120073,210 },
{  15841,120074,210 },
{  15842,120075,210 },
{  15843,120076,210 },
{  15844,120049,209 },
{  15850,113862,240 },
{  15851,113862,241 },
{  15857,113863,240 },
{  15858,113863,241 },
{  15864,113864,240 },
{  15865,113864,241 },
{  15871,113865,240 },
{  15872,113865,241 },
{  15878,113866,240 },
{  15879,113866,241 },
{  15885,113867,240 },
{  15886,113867,241 },
{  15892,113868,240 },
{  15893,113868,241 },
{  15899,113869,240 },
{  15900,113869,241 },
{  15906,113870,240 },
{  15907,113870,241 },
{  15913,113871,240 },
{  15914,113871,241 },
{  15920,113872,240 },
{  15921,113872,241 },
{  15927,113873,240 },
{  15928,113873,241 },
{  15934,113874,240 },
{  15935,113874,241 },
{  15941,113875,240 },
{  15942,113875,241 },
{  15948,113876,240 },
{  15949,113876,241 },
{  15955,113877,240 },
{  15956,113877,241 },
{  15962,113878,240 },
{  15963,113878,241 },
{  15969,113879,240 },
{  15970,113879,241 },
{  15976,113880,240 },
{  15977,113880,241 },
{  15983,113881,240 },
{  15984,113881,241 },
{  15990,113882,240 },
{  15991,113882,241 },
{  15997,113883,240 },
{  15998,113883,241 },
{  16004,113884,240 },
{  16005,113884,241 },
{  16011,113885,240 },
{  16012,113885,241 },
{  16018,113886,240 },
{  16019,113886,241 },
{  16025,113887,240 },
{  16026,113887,241 },
{  16032,113888,240 },
{  16033,113888,241 },
{  16039,113890,240 },
{  16040,113890,241 },
{  16046,113891,240 },
{  16047,113891,241 },
{  16053,113892,240 },
{  16054,113892,241 },
{  16060,113894,240 },
{  16061,113894,241 },
{  16067,113895,240 },
{  16068,113895,241 },
{  16074,113896,240 },
{  16075,113896,241 },
{  16081,113897,240 },
{  16082,113897,241 },
{  16088,113898,240 },
{  16089,113898,241 },
{  16095,113899,240 },
{  16096,113899,241 },
{  16102,113900,240 },
{  16103,113900,241 },
{  16109,113901,240 },
{  16110,113901,241 },
{  16116,113902,240 },
{  16117,113902,241 },
{  16123,113903,240 },
{  16124,113903,241 },
{  16130,113904,240 },
{  16131,113904,241 },
{  16137,113906,240 },
{  16138,113906,241 },
{  16144,113907,240 },
{  16145,113907,241 },
{  16155,113908,240 },
{  16156,113908,241 },
{  16162,113910,240 },
{  16163,113910,241 },
{  16169,113913,240 },
{  16170,113913,241 },
{  16176,113914,240 },
{  16177,113914,241 },
{  16183,113915,240 },
{  16184,113915,241 },
{  16190,113916,240 },
{  16191,113916,241 },
{  16197,113917,240 },
{  16198,113917,241 },
{  16204,113918,240 },
{  16205,113918,241 },
{  16211,113919,240 },
{  16212,113919,241 },
{  16218,113920,240 },
{  16219,113920,241 },
{  16225,113921,240 },
{  16226,113921,241 },
{  16236,113922,240 },
{  16237,113922,241 },
{  16243,113923,240 },
{  16244,113923,241 },
{  16250,113924,240 },
{  16251,113924,241 },
{  16257,113925,240 },
{  16258,113925,241 },
{  16264,113926,240 },
{  16265,113926,241 },
{  16271,113927,240 },
{  16272,113927,241 },
{  16278,113928,240 },
{  16279,113928,241 },
{  16285,113929,240 },
{  16286,113929,241 },
{  16292,113930,240 },
{  16293,113930,241 },
{  16299,113932,240 },
{  16300,113932,241 },
{  16306,113933,240 },
{  16307,113933,241 },
{  16313,113934,240 },
{  16314,113934,241 },
{  16320,113935,240 },
{  16321,113935,241 },
{  16327,113936,240 },
{  16328,113936,241 },
{  16334,113937,240 },
{  16335,113937,241 },
{  16345,113938,240 },
{  16346,113938,241 },
{  16352,113939,240 },
{  16353,113939,241 },
{  16359,113940,240 },
{  16360,113940,241 },
{  16366,113941,240 },
{  16367,113941,241 },
{  16373,113942,240 },
{  16374,113942,241 },
{  16380,113943,240 },
{  16381,113943,241 },
{  16387,113944,240 },
{  16388,113944,241 },
{  16394,113945,240 },
{  16395,113945,241 },
{  16401,113947,240 },
{  16402,113947,241 },
{  16408,113949,240 },
{  16409,113949,241 },
{  16415,113950,240 },
{  16416,113950,241 },
{  16422,113951,240 },
{  16423,113951,241 },
{  16429,113952,240 },
{  16430,113952,241 },
{  16436,113953,240 },
{  16437,113953,241 },
{  16443,113954,240 },
{  16444,113954,241 },
{  16450,113955,240 },
{  16451,113955,241 },
{  16457,113956,240 },
{  16458,113956,241 },
{  16464,113957,240 },
{  16465,113957,241 },
{  16471,113958,240 },
{  16472,113958,241 },
{  16478,113959,240 },
{  16479,113959,241 },
{  16485,113960,240 },
{  16486,113960,241 },
{  16492,113961,240 },
{  16493,113961,241 },
{  16499,113962,240 },
{  16500,113962,241 },
{  16510,113963,240 },
{  16511,113963,241 },
{  16517,113964,240 },
{  16518,113964,241 },
{  16524,113965,240 },
{  16525,113965,241 },
{  16531,113966,240 },
{  16532,113966,241 },
{  16538,113967,240 },
{  16539,113967,241 },
{  16545,113968,240 },
{  16546,113968,241 },
{  16552,113970,240 },
{  16553,113970,241 },
{  16559,113971,240 },
{  16560,113971,241 },
{  16566,113972,240 },
{  16567,113972,241 },
{  16573,113973,240 },
{  16574,113973,241 },
{  16580,113974,240 },
{  16581,113974,241 },
{  16587,113975,240 },
{  16588,113975,241 },
{  16594,113976,240 },
{  16595,113976,241 },
{  16601,113977,240 },
{  16602,113977,241 },
{  16608,113978,240 },
{  16609,113978,241 },
{  16615,113979,240 },
{  16616,113979,241 },
{  16622,113980,240 },
{  16623,113980,241 },
{  16629,113981,240 },
{  16630,113981,241 },
{  16636,113982,240 },
{  16637,113982,241 },
{  16643,113988,240 },
{  16644,113988,241 },
{  16650,113989,240 },
{  16651,113989,241 },
{  16657,113990,240 },
{  16658,113990,241 },
{  16664,119331,240 },
{  16665,119331,241 },
{  16671,119332,240 },
{  16672,119332,241 },
{  16678,119333,240 },
{  16679,119333,241 },
{  16685,119334,240 },
{  16686,119334,241 },
{  16692,119339,240 },
{  16693,119339,241 },
{  16699,119340,240 },
{  16700,119340,241 },
{  16706,119341,240 },
{  16707,119341,241 },
{  16713,119342,240 },
{  16714,119342,241 },
{  16720,119448,240 },
{  16721,119448,241 },
{  16727,113946,240 },
{  16728,113946,241 },
{  16738,120077,240 },
{  16739,120077,241 },
{  16749,120078,240 },
{  16750,120078,241 },
{  18692,118245,168 },
{  18696,119305,250 },
{  18697,119318,250 },
{  18698,119315,250 },
{  18699,119310,250 },
{  18700,119323,250 },
{  18701,119316,250 },
{  18702,119306,250 },
{  18703,119319,250 },
{  18704,119311,250 },
{  18705,119308,250 },
{  18706,119321,250 },
{  18707,119312,250 },
{  18708,119307,250 },
{  18709,119320,250 },
{  18710,119313,250 },
{  18711,119309,250 },
{  18712,119322,250 },
{  18713,119314,250 },
{  18739,115581,264 },
{  18740,113591,264 },
{  18741,113592,264 },
{  18742,113593,264 },
{  18743,113595,264 },
{  18744,113596,264 },
{  18745,113598,264 },
{  18746,113599,264 },
{  18747,113600,264 },
{  18748,113601,264 },
{  18749,113602,264 },
{  18750,113604,264 },
{  18751,113605,264 },
{  18752,113606,264 },
{  18753,113607,264 },
{  18754,113608,264 },
{  18755,113609,264 },
{  18756,113610,264 },
{  18757,113611,264 },
{  18758,113612,264 },
{  18759,113632,264 },
{  18760,113633,264 },
{  18761,113634,264 },
{  18762,113636,264 },
{  18763,113637,264 },
{  18764,113638,264 },
{  18765,113639,264 },
{  18766,113640,264 },
{  18767,113641,264 },
{  18768,113642,264 },
{  18769,113643,264 },
{  18770,113644,264 },
{  18771,113645,264 },
{  18772,113646,264 },
{  18773,113647,264 },
{  18774,113648,264 },
{  18775,113649,264 },
{  18776,113650,264 },
{  18777,113651,264 },
{  18778,113652,264 },
{  18779,113653,264 },
{  18780,113654,264 },
{  18781,113655,264 },
{  18782,113656,264 },
{  18783,113657,264 },
{  18784,113658,264 },
{  18785,113659,264 },
{  18786,113660,264 },
{  18787,113661,264 },
{  18788,113662,264 },
{  18789,113663,264 },
{  18790,113664,264 },
{  18791,113666,264 },
{  18792,113667,264 },
{  18793,113826,264 },
{  18794,113827,264 },
{  18795,113828,264 },
{  18796,113829,264 },
{  18797,113830,264 },
{  18798,113831,264 },
{  18799,113832,264 },
{  18800,113833,264 },
{  18801,113834,264 },
{  18802,113835,264 },
{  18803,113836,264 },
{  18804,113837,264 },
{  18805,113838,264 },
{  18806,113839,264 },
{  18807,113840,264 },
{  18808,113841,264 },
{  18809,113842,264 },
{  18810,113843,264 },
{  18811,113844,264 },
{  18812,113845,264 },
{  18813,113846,264 },
{  18814,113847,264 },
{  18815,113848,264 },
{  18816,113849,264 },
{  18817,113850,264 },
{  18818,113851,264 },
{  18819,113852,264 },
{  18820,113853,264 },
{  18821,113854,264 },
{  18822,113855,264 },
{  18823,113856,264 },
{  18824,113857,264 },
{  18825,113858,264 },
{  18826,113859,264 },
{  18827,113860,264 },
{  18828,113861,264 },
{  18829,113862,264 },
{  18830,113863,264 },
{  18831,113864,264 },
{  18832,113865,264 },
{  18833,113866,264 },
{  18834,113867,264 },
{  18835,113868,264 },
{  18836,113869,264 },
{  18837,113870,264 },
{  18838,113871,264 },
{  18839,113872,264 },
{  18840,113873,264 },
{  18841,113874,264 },
{  18842,113875,264 },
{  18843,113876,264 },
{  18844,113877,264 },
{  18845,113878,264 },
{  18846,113879,264 },
{  18847,113880,264 },
{  18848,113881,264 },
{  18849,113882,264 },
{  18850,113883,264 },
{  18851,113884,264 },
{  18852,113885,264 },
{  18853,113886,264 },
{  18854,113887,264 },
{  18855,113888,264 },
{  18856,113889,264 },
{  18857,113890,264 },
{  18858,113891,264 },
{  18859,113892,264 },
{  18860,113893,264 },
{  18861,113894,264 },
{  18862,113895,264 },
{  18863,113896,264 },
{  18864,113897,264 },
{  18865,113898,264 },
{  18866,113899,264 },
{  18867,113900,264 },
{  18868,113901,264 },
{  18869,113902,264 },
{  18870,113903,264 },
{  18871,113904,264 },
{  18872,113905,264 },
{  18873,113906,264 },
{  18874,113907,264 },
{  18875,113908,264 },
{  18876,113910,264 },
{  18877,113913,264 },
{  18878,113914,264 },
{  18879,113915,264 },
{  18880,113916,264 },
{  18881,113917,264 },
{  18882,113918,264 },
{  18883,113919,264 },
{  18884,113920,264 },
{  18885,113921,264 },
{  18886,113922,264 },
{  18887,113923,264 },
{  18888,113924,264 },
{  18889,113925,264 },
{  18890,113926,264 },
{  18891,113927,264 },
{  18892,113928,264 },
{  18893,113929,264 },
{  18894,113930,264 },
{  18895,113931,264 },
{  18896,113932,264 },
{  18897,113933,264 },
{  18898,113934,264 },
{  18899,113935,264 },
{  18900,113936,264 },
{  18901,113937,264 },
{  18902,113938,264 },
{  18903,113939,264 },
{  18904,113940,264 },
{  18905,113941,264 },
{  18906,113942,264 },
{  18907,113943,264 },
{  18908,113944,264 },
{  18909,113945,264 },
{  18910,113946,264 },
{  18911,113947,264 },
{  18912,113948,264 },
{  18913,113949,264 },
{  18914,113950,264 },
{  18915,113951,264 },
{  18916,113952,264 },
{  18917,113953,264 },
{  18918,113954,264 },
{  18919,113955,264 },
{  18920,113956,264 },
{  18921,113957,264 },
{  18922,113958,264 },
{  18923,113959,264 },
{  18924,113960,264 },
{  18925,113961,264 },
{  18926,113962,264 },
{  18927,113963,264 },
{  18928,113964,264 },
{  18929,113965,264 },
{  18930,113966,264 },
{  18931,113967,264 },
{  18932,113968,264 },
{  18933,113969,264 },
{  18934,113970,264 },
{  18935,113971,264 },
{  18936,113972,264 },
{  18937,113973,264 },
{  18938,113974,264 },
{  18939,113975,264 },
{  18940,113976,264 },
{  18941,113977,264 },
{  18942,113978,264 },
{  18943,113979,264 },
{  18944,113980,264 },
{  18945,113981,264 },
{  18946,113982,264 },
{  18947,113983,264 },
{  18948,113984,264 },
{  18949,113985,264 },
{  18950,113986,264 },
{  18951,113987,264 },
{  18952,113988,264 },
{  18953,113989,264 },
{  18954,113990,264 },
{  18955,115535,264 },
{  18956,115536,264 },
{  18957,115537,264 },
{  18958,115538,264 },
{  18959,115539,264 },
{  18960,115540,264 },
{  18961,115541,264 },
{  18962,115542,264 },
{  18963,115543,264 },
{  18964,115544,264 },
{  18965,115545,264 },
{  18966,115546,264 },
{  18967,115547,264 },
{  18968,115548,264 },
{  18969,115549,264 },
{  18970,115550,264 },
{  18971,115551,264 },
{  18972,115552,264 },
{  18973,115553,264 },
{  18974,115554,264 },
{  18975,115555,264 },
{  18976,115556,264 },
{  18977,115557,264 },
{  18978,115558,264 },
{  18979,115559,264 },
{  18980,115560,264 },
{  18981,115561,264 },
{  18982,115562,264 },
{  18983,115563,264 },
{  18984,115564,264 },
{  18985,115565,264 },
{  18986,115566,264 },
{  18987,115567,264 },
{  18988,115568,264 },
{  18989,115569,264 },
{  18990,115570,264 },
{  18991,115571,264 },
{  18992,115572,264 },
{  18993,115573,264 },
{  18994,115574,264 },
{  18995,115575,264 },
{  18996,115576,264 },
{  18997,115577,264 },
{  18998,115578,264 },
{  18999,115579,264 },
{  19000,115580,264 },
{  19001,115582,264 },
{  19002,115583,264 },
{  19003,115584,264 },
{  19004,115585,264 },
{  19005,115586,264 },
{  19006,115587,264 },
{  19007,115588,264 },
{  19008,115589,264 },
{  19009,118114,264 },
{  19010,119192,264 },
{  19011,119193,264 },
{  19012,119194,264 },
{  19013,120206,250 },
{  19014,120207,250 },
{  19015,120208,250 },
{  19016,120209,250 },
{  19017,120210,250 },
{  19018,120211,250 },
{  19034,120227,250 },
{  19035,120228,250 },
{  19036,120229,250 },
{  19037,120230,250 },
{  19038,120231,250 },
{  19039,120232,250 },
{  19040,120233,250 },
{  19041,120234,250 },
{  19042,120235,250 },
{  19043,120236,250 },
{  19044,120237,250 },
{  19045,120238,250 },
{  19046,120239,250 },
{  19047,120240,250 },
{  19048,120241,250 },
{  19049,120242,250 },
{  19050,120243,250 },
{  19051,120244,250 },
{  19052,120245,250 },
{  19053,120246,250 },
{  19054,120247,250 },
{  19055,120248,250 },
{  19056,120249,250 },
{  19057,120250,250 },
{  19058,120251,250 },
{  19059,120252,250 },
{  19060,120253,250 },
{  19061,120254,250 },
{  19062,120255,250 },
{  19063,120256,250 },
{  19065,120259,228 },
{  19068,120261,228 },
{  19070,120277,250 },
{  19071,120278,250 },
{  19072,120279,250 },
{  19073,120280,250 },
{  19074,120281,250 },
{  19075,120282,250 },
{  19076,120283,250 },
{  19077,120284,250 },
{  19078,120285,250 },
{  19092,120318,168 },
{  19093,120337,168 },
{  19097,120340,175 },
{  19098,120341,168 },
{  19099,119339,264 },
{  19100,119337,264 },
{  19101,119332,264 },
{  19102,119331,264 },
{  19103,119338,264 },
{  19104,119345,264 },
{  19105,119340,264 },
{  19106,119341,264 },
{  19107,119344,264 },
{  19108,119347,264 },
{  19109,119343,264 },
{  19110,119335,264 },
{  19111,119336,264 },
{  19112,119333,264 },
{  19113,119346,264 },
{  19114,119334,264 },
{  19115,119342,264 },
{  19119,118740,175 },
{  19123,118739,175 },
{  19127,118738,175 },
{  19131,118737,175 },
{  19135,118726,175 },
{  19139,118725,175 },
{  19143,118724,175 },
{  19147,118719,175 },
{  19240,107644,168 },
{  19241,107646,168 },
{  19242,107658,168 },
{  19243,108900,168 },
{  19244,108901,168 },
{  19245,108902,168 },
{  19246,108903,168 },
{  19247,108904,168 },
{  19248,108945,168 },
{  19249,109081,168 },
{  19250,111554,168 },
{  19251,113372,168 },
{  19252,113408,168 },
{  19253,116127,168 },
{  19254,116913,168 },
{  19255,118702,168 },
